capture_id,class,pcap_path,csv_path,pcap_size,row_count,prototype_distance,prototype_margin,selection_rank,split,pcap_sha256,csv_sha256
normal:20250626_112305,NonTor,/data1/zcx/ja4tor/data/ja4tor/normal/pcap/20250626_112305.pcap,/data1/zcx/ja4tor/models/fusion_flow_extractor-0.3/output/csv/normal-0927/20250626_112305.csv,2515678,37,0.24085174262999853,,10,validation,bfa6c7c0892215605379fd2d7af62d290e978fa662a88ee558d44a4b964927b0,23481c19ac3867535fed5551403a03c16fe09ad663a84e1dc92f9fc0d556e2cf
normal:20250626_112324,NonTor,/data1/zcx/ja4tor/data/ja4tor/normal/pcap/20250626_112324.pcap,/data1/zcx/ja4tor/models/fusion_flow_extractor-0.3/output/csv/normal-0927/20250626_112324.csv,7074180,71,0.2531274141075818,,14,validation,96177ebd79d8059315e7aba225d944f59899d7d17931194975e4b06691e77b34,b0e8214aa836eb3b5240beb5192860f166249dc187e45effde273cf7708b8c80
normal:20250626_113312,NonTor,/data1/zcx/ja4tor/data/ja4tor/normal/pcap/20250626_113312.pcap,/data1/zcx/ja4tor/models/fusion_flow_extractor-0.3/output/csv/normal-0927/20250626_113312.csv,3993217,57,0.1833998055571069,,22,train,81fbedb4b8fa507d7933bf09b030cd384910bf0a198c9c27f7ff0ad589b789f3,215815156a1899d53e8d386762742755db172c5cc71dc7325c55cb55dc2830c8
normal:20250626_113508,NonTor,/data1/zcx/ja4tor/data/ja4tor/normal/pcap/20250626_113508.pcap,/data1/zcx/ja4tor/models/fusion_flow_extractor-0.3/output/csv/normal-0927/20250626_113508.csv,1640863,52,0.2486075019923606,,86,train,e95fc52a608a756a50e4a9fa97a437c04b7d387fb2a37be611fb5794fa3acb3c,7df91143af93037a639ff064a33c5fbc7fe219aecd0b8ece441dd299c7412175
normal:20250626_113633,NonTor,/data1/zcx/ja4tor/data/ja4tor/normal/pcap/20250626_113633.pcap,/data1/zcx/ja4tor/models/fusion_flow_extractor-0.3/output/csv/normal-0927/20250626_113633.csv,954971,35,0.2604477869964382,,103,train,170bef749d88999d6edb244f72639730792254a224cf3bdbe769a8f2143e1fa9,f2ed66828578cf08f99172e56a831909e74ca0080a5894d04ba384ddfc083703
normal:20250626_113830,NonTor,/data1/zcx/ja4tor/data/ja4tor/normal/pcap/20250626_113830.pcap,/data1/zcx/ja4tor/models/fusion_flow_extractor-0.3/output/csv/normal-0927/20250626_113830.csv,16022285,57,0.12515902733686388,,3,train,96c49588cef42ef39360c2e45ef6a73efa5ed1f2ffb99b59f51185f888ba8b0a,f2290fb8144277e9209bcb721841d11bb23be2cd2c5ad25fd98c2ee236e90846
normal:20250703_173450,NonTor,/data1/zcx/ja4tor/data/ja4tor/normal/pcap/20250703_173450.pcap,/data1/zcx/ja4tor/models/fusion_flow_extractor-0.3/output/csv/normal-0927/20250703_173450.csv,4830560,89,0.22635401396843882,,50,train,18502c4643f7618c910494f27ab40311e2e5edfa0f9d9f27db1e44fb123c83f9,4a8a9337cbd1b007c65525dc5bb7136d424f2cfffdc2361dd3a63083be44e4c7
normal:20250703_173807,NonTor,/data1/zcx/ja4tor/data/ja4tor/normal/pcap/20250703_173807.pcap,/data1/zcx/ja4tor/models/fusion_flow_extractor-0.3/output/csv/normal-0927/20250703_173807.csv,5240900,44,0.2517077950246591,,13,validation,289c51b295964a0027c550ef75b9c4656412239009fcb0d9e691ae30fdd7a36d,2edba5fe5c73d24265f72290726714aaa8a434e899ded41f3e39f8935a9e16f0
normal:20250703_181016,NonTor,/data1/zcx/ja4tor/data/ja4tor/normal/pcap/20250703_181016.pcap,/data1/zcx/ja4tor/models/fusion_flow_extractor-0.3/output/csv/normal-0927/20250703_181016.csv,3586615,33,0.2786405881326538,,37,test,1e0361f808ad70600fdf692e661293bdc449feddeadb1936dfe92c04919fbc88,99ee6b0cdfeb4895470929d586bb2aa3d76618b63bb731101ddcb522c3840a16
normal:20250703_181206,NonTor,/data1/zcx/ja4tor/data/ja4tor/normal/pcap/20250703_181206.pcap,/data1/zcx/ja4tor/models/fusion_flow_extractor-0.3/output/csv/normal-0927/20250703_181206.csv,2608862,81,0.21190523321991603,,38,train,49b1a3f84dc22c4c381d0703207413b4ff630b3eaf0d91b847282d55c69bba4d,0fc38eae21fa035153ce7238f90a2d4d77ba963581fafa2857c460b35ccdafb0
normal:20250703_181224,NonTor,/data1/zcx/ja4tor/data/ja4tor/normal/pcap/20250703_181224.pcap,/data1/zcx/ja4tor/models/fusion_flow_extractor-0.3/output/csv/normal-0927/20250703_181224.csv,6591780,102,0.18300715436085024,,21,train,e184f84ffd0b434d47bf24992f02e2728db6292983e32c0e2aeb0db9b18ef0d8,f106b7b2862954c7e8f3ee8ba1b4e3f75fd4682b2aa42401d0b3fa182e2dacbf
normal:20250703_191850,NonTor,/data1/zcx/ja4tor/data/ja4tor/normal/pcap/20250703_191850.pcap,/data1/zcx/ja4tor/models/fusion_flow_extractor-0.3/output/csv/normal-0927/20250703_191850.csv,13873617,115,0.171186706617374,,18,train,00679ee99c0888c927e16ba6e68f6215819e562dbe0cb6ed893ba45e96f52ad7,7695ed52b951534f31649fef804a7722722201bfa27fbf41a175d202a7f920bc
normal:20250703_192744,NonTor,/data1/zcx/ja4tor/data/ja4tor/normal/pcap/20250703_192744.pcap,/data1/zcx/ja4tor/models/fusion_flow_extractor-0.3/output/csv/normal-0927/20250703_192744.csv,4241518,65,0.17103188792851357,,17,train,72063fc6994a6494d8e6b65338538821856e772ae382286b1f7aa8d01f9c8962,d7436e099b4c369c2d8077634cfeda1c9088202cce813e47f09f564a35a63f55
normal:20250703_205546,NonTor,/data1/zcx/ja4tor/data/ja4tor/normal/pcap/20250703_205546.pcap,/data1/zcx/ja4tor/models/fusion_flow_extractor-0.3/output/csv/normal-0927/20250703_205546.csv,3310161,31,0.2566409656890824,,26,test,50de6748d5e0f1519b968121c037462e445813bfb3d6f4feef9eaa6437c5aef6,24496d5a4eed74fbb1573c08405b89c7affc685f4eae25fb4bc744366cc920d1
normal:20250703_212138,NonTor,/data1/zcx/ja4tor/data/ja4tor/normal/pcap/20250703_212138.pcap,/data1/zcx/ja4tor/models/fusion_flow_extractor-0.3/output/csv/normal-0927/20250703_212138.csv,1483046,35,0.2896863975286489,,138,train,b7af680c526692dfba45c180a2730bfc30908a92979f01eaaca384388f268e08,e2f7e27479ebc4df8c82a9fbe684bb186a9c0052ca0b19ab44d1450e73acab2b
normal:20250703_221516,NonTor,/data1/zcx/ja4tor/data/ja4tor/normal/pcap/20250703_221516.pcap,/data1/zcx/ja4tor/models/fusion_flow_extractor-0.3/output/csv/normal-0927/20250703_221516.csv,2434276,54,0.24108434980359641,,70,train,a77cc0d8e4d510439bc3d6f2b27bfed539bce6342e808ecec9fc5555acc1c2e4,cae2919939b1ae3c730bf351683be278f813ed2e2ee8e756fb6b3a8c33084e1e
normal:20250703_231210,NonTor,/data1/zcx/ja4tor/data/ja4tor/normal/pcap/20250703_231210.pcap,/data1/zcx/ja4tor/models/fusion_flow_extractor-0.3/output/csv/normal-0927/20250703_231210.csv,1340198,29,0.24156819695675313,,71,train,9763a4f9f1d79c00785a20bd3e56843d637276369b6cec95dc94a2b8a51124ad,a15dce19c0e25c741981bcef128ad4cdf91f1059961449a4279e89b3bc4dbb26
normal:20250703_232507,NonTor,/data1/zcx/ja4tor/data/ja4tor/normal/pcap/20250703_232507.pcap,/data1/zcx/ja4tor/models/fusion_flow_extractor-0.3/output/csv/normal-0927/20250703_232507.csv,2190594,29,0.2360789044601581,,16,test,f5bb213aa231eaa7e9d0234099b144946b57f468a15ac40e39ef77b114a55a21,98c68ab3cf0dfee398c5aeb8643f44d78a9dcbbd7546a982394a253729ce6462
normal:20250704_005744,NonTor,/data1/zcx/ja4tor/data/ja4tor/normal/pcap/20250704_005744.pcap,/data1/zcx/ja4tor/models/fusion_flow_extractor-0.3/output/csv/normal-0927/20250704_005744.csv,1112871,18,0.24282707104791462,,74,train,3f359b8cf84027e919f7585d8125c678670ce7f9547d49409200e236c39bf443,bd12e7fc99d96073699bfc2ba44afbbf6e7c18f436d8d400904b66912445a526
normal:20250704_011654,NonTor,/data1/zcx/ja4tor/data/ja4tor/normal/pcap/20250704_011654.pcap,/data1/zcx/ja4tor/models/fusion_flow_extractor-0.3/output/csv/normal-0927/20250704_011654.csv,3591493,77,0.2853890318724658,,39,test,ccf2d7be693ffe65554d8baa8a2ff7f85648e58af3b68bc4aa86992c8f21d84c,977816104c57ef7dfffd2ebd44591bc97a7ca88387154bfb3b34d625cb961f88
normal:20250704_014545,NonTor,/data1/zcx/ja4tor/data/ja4tor/normal/pcap/20250704_014545.pcap,/data1/zcx/ja4tor/models/fusion_flow_extractor-0.3/output/csv/normal-0927/20250704_014545.csv,5630158,191,0.28626350722612365,,134,train,7c2ce088b044a0ac005241f1b3d9cae32180826b9f13bd5938c253d690b86af2,507059ea508f8cb2b1f12314d528151eb62cc68867f475fc2e3dbfecfa0f6bc0
normal:20250704_020519,NonTor,/data1/zcx/ja4tor/data/ja4tor/normal/pcap/20250704_020519.pcap,/data1/zcx/ja4tor/models/fusion_flow_extractor-0.3/output/csv/normal-0927/20250704_020519.csv,5837810,60,0.2731980993901564,,34,test,e6ae997d2e5c9bf60047f3a29feae5abe2572bdb228f0a4d03a23941424f246d,d9ab322efb24a36a7551b17f5d512d89ea94e215f62a406d45302d44482c615e
normal:20250704_022015,NonTor,/data1/zcx/ja4tor/data/ja4tor/normal/pcap/20250704_022015.pcap,/data1/zcx/ja4tor/models/fusion_flow_extractor-0.3/output/csv/normal-0927/20250704_022015.csv,8688335,160,0.21899686918399572,,48,train,b10c525f8308d9e8883fdd9049af91a1582e673b5279c36ccb15bfafbeda121e,97dd7233fefac4797362de6f2929761b0b36e9c5cf5fdb0e64660db7715ef2a3
normal:20250704_022915,NonTor,/data1/zcx/ja4tor/data/ja4tor/normal/pcap/20250704_022915.pcap,/data1/zcx/ja4tor/models/fusion_flow_extractor-0.3/output/csv/normal-0927/20250704_022915.csv,5824219,59,0.2811992901703431,,130,train,8d66fee00a94d485b41db08a0d442fd5a9beace3e38fb7c323a14789b826f0eb,2cc7160021cac051ba5b0e5d404ed644afe5ecdaf981bed099491b04742569cf
normal:20250704_024834,NonTor,/data1/zcx/ja4tor/data/ja4tor/normal/pcap/20250704_024834.pcap,/data1/zcx/ja4tor/models/fusion_flow_extractor-0.3/output/csv/normal-0927/20250704_024834.csv,3448315,81,0.21598600151417724,,9,test,e587da45a3038e77165086a36b5ee6a486d26437667234df93e93cefd31e7932,f686b7bfad9c43745e117e02f99850884cfe99c2acd5e20a8ef64ac1c9040c7a
normal:20250704_031027,NonTor,/data1/zcx/ja4tor/data/ja4tor/normal/pcap/20250704_031027.pcap,/data1/zcx/ja4tor/models/fusion_flow_extractor-0.3/output/csv/normal-0927/20250704_031027.csv,3472152,82,0.12410900841446035,,1,validation,b5d66271e1f4d899bc030c8d90c6be94afcf7dc81f5bd0aac1eef7817993580d,bcf0d29576b250d5da9ae1f698e32dfbcd7c34a044b2d143eb12eb13546b43b8
normal:20250704_032238,NonTor,/data1/zcx/ja4tor/data/ja4tor/normal/pcap/20250704_032238.pcap,/data1/zcx/ja4tor/models/fusion_flow_extractor-0.3/output/csv/normal-0927/20250704_032238.csv,6954248,253,0.2402145366374253,,9,validation,70e99e00b971e63edb8617e50796c78aacf3621bca6644b12a4e61bef3273606,a440df5831b827b8f5ae1ef59fe3879bc7ee938213a1677b6dcc93a1418dfb2b
normal:20250704_033355,NonTor,/data1/zcx/ja4tor/data/ja4tor/normal/pcap/20250704_033355.pcap,/data1/zcx/ja4tor/models/fusion_flow_extractor-0.3/output/csv/normal-0927/20250704_033355.csv,3466425,86,0.2591836048260103,,28,test,1eee4c06abb16d8a0213990125c22b1ffc27a45edf51f9fe41a0d393bff7e1d5,73962000134804bc3e142101aca873fed9c0bce4d50a0051bdce792c6790aa4d
normal:20250704_041448,NonTor,/data1/zcx/ja4tor/data/ja4tor/normal/pcap/20250704_041448.pcap,/data1/zcx/ja4tor/models/fusion_flow_extractor-0.3/output/csv/normal-0927/20250704_041448.csv,4300022,53,0.2734340359889511,,35,test,0248e0666dec769e9461334363b5464eae50eee53bd32ac789db14e70b688dbf,5fb56be7330bfb10edd11187026be71c8a1e3e87d8af384ce4333ccb656d756e
normal:20250704_042406,NonTor,/data1/zcx/ja4tor/data/ja4tor/normal/pcap/20250704_042406.pcap,/data1/zcx/ja4tor/models/fusion_flow_extractor-0.3/output/csv/normal-0927/20250704_042406.csv,4724680,67,0.18191907414604658,,20,train,aaf7032b0182745ef395ad43940e8eb1a079a30b79fd285edf4ce54d5b29cde9,e4f6ab34c77b36dc4e87ce3a838641755095455db3364b66282ebb672d5f84c9
normal:20250704_043305,NonTor,/data1/zcx/ja4tor/data/ja4tor/normal/pcap/20250704_043305.pcap,/data1/zcx/ja4tor/models/fusion_flow_extractor-0.3/output/csv/normal-0927/20250704_043305.csv,2556151,78,0.23538455120731178,,60,train,f5cc8358bc98472233de05bac5cfa3dbd2a268dd4403c0ac01163e1015df466b,0f68e102924eccdf6da771a81c2dda3477a63798ae1df03d7d4279880619b8b6
normal:20250704_043541,NonTor,/data1/zcx/ja4tor/data/ja4tor/normal/pcap/20250704_043541.pcap,/data1/zcx/ja4tor/models/fusion_flow_extractor-0.3/output/csv/normal-0927/20250704_043541.csv,7743235,57,0.2339743832497424,,58,train,0b8e1a43eb4e984ab25c20bff6426c5b1b7893dbcd31fef72bc7d88553d1d994,5418a71cd78a173840bddc83229559a76a508019e981169b9ae8ca8cd97ddc04
normal:20250704_044658,NonTor,/data1/zcx/ja4tor/data/ja4tor/normal/pcap/20250704_044658.pcap,/data1/zcx/ja4tor/models/fusion_flow_extractor-0.3/output/csv/normal-0927/20250704_044658.csv,4487048,67,0.14811258536557304,,8,train,57062aaefd3789a3feefee7e832d2853eb95958e6b17acd7576176b51ee9c0b4,708c2ad9e04cd99091565fa0adf8110b1b701359981ab37db93c8a0dee555a5d
normal:20250704_050451,NonTor,/data1/zcx/ja4tor/data/ja4tor/normal/pcap/20250704_050451.pcap,/data1/zcx/ja4tor/models/fusion_flow_extractor-0.3/output/csv/normal-0927/20250704_050451.csv,5842608,60,0.2748763217443025,,122,train,c7f329d7ee501d4e5f1b010d2b8d726483056a6b92d9f14521ccf2737787dfe5,779dfba1a0c1757a66ca6f13ffc956ad6f0d4e5e9f3b763657189f8f4937c800
normal:20250704_050857,NonTor,/data1/zcx/ja4tor/data/ja4tor/normal/pcap/20250704_050857.pcap,/data1/zcx/ja4tor/models/fusion_flow_extractor-0.3/output/csv/normal-0927/20250704_050857.csv,11661710,80,0.23323555878736446,,14,test,09d8fef1166dc2dee6502a98667b662e1900fea83efbfccd3a4c5ca1a41f711b,3a35b6f1e0ee8c8ad5bffe8ec6a51ce37b87b2ebc4378bc55cea4581a113776b
normal:20250704_052826,NonTor,/data1/zcx/ja4tor/data/ja4tor/normal/pcap/20250704_052826.pcap,/data1/zcx/ja4tor/models/fusion_flow_extractor-0.3/output/csv/normal-0927/20250704_052826.csv,5782396,57,0.2734537134703087,,120,train,958720ce07923735269834929d108b3d78aad361eb87f11de531a8809512fad0,dd26b50c66f52285852083f472a2a343ae6bb9b9244f1dfb301ddf4287721b99
normal:20250704_055934,NonTor,/data1/zcx/ja4tor/data/ja4tor/normal/pcap/20250704_055934.pcap,/data1/zcx/ja4tor/models/fusion_flow_extractor-0.3/output/csv/normal-0927/20250704_055934.csv,2615471,78,0.27697894267122847,,124,train,7b1a8ebf8c2f9e7e351e01ffaf858aaa08fdeaef00796e3ae35cacfc0e8e85e9,eaab345c792dfd758ab0f6c9c4d2f434c85426339a0dc1e3e4be9d6dad6a2dea
normal:20250704_063443,NonTor,/data1/zcx/ja4tor/data/ja4tor/normal/pcap/20250704_063443.pcap,/data1/zcx/ja4tor/models/fusion_flow_extractor-0.3/output/csv/normal-0927/20250704_063443.csv,10344409,63,0.2773165331490576,,125,train,7f5fc1e03d4bb27adf4fb437305baea4eb1e3e7c22bc02b880b31a56febdec35,4f16111014fd50f942e9677dc9d087907f9ecbf28591737e4b1b7c98f8e02ceb
normal:20250704_064619,NonTor,/data1/zcx/ja4tor/data/ja4tor/normal/pcap/20250704_064619.pcap,/data1/zcx/ja4tor/models/fusion_flow_extractor-0.3/output/csv/normal-0927/20250704_064619.csv,1870899,64,0.27158437052936485,,116,train,3f46d1d257d5d407a2a3f9f37bcd9b870ce3280ba46adf5326beaae65ebd22b1,5896d18be168d0194f36f69d6ceb4e8379e0d3489f9bbdfe01b77207f84081e0
normal:20250704_070743,NonTor,/data1/zcx/ja4tor/data/ja4tor/normal/pcap/20250704_070743.pcap,/data1/zcx/ja4tor/models/fusion_flow_extractor-0.3/output/csv/normal-0927/20250704_070743.csv,4743709,145,0.2438218369492498,,75,train,aa118a3c81c82d7d215110baa13e984862252569c4940464dbfb01fa47d4db84,5817398296c027adbe7f785a335bfa9ebc6274991c388753e04fea3b71cb7199
normal:20250704_071415,NonTor,/data1/zcx/ja4tor/data/ja4tor/normal/pcap/20250704_071415.pcap,/data1/zcx/ja4tor/models/fusion_flow_extractor-0.3/output/csv/normal-0927/20250704_071415.csv,6104783,64,0.22805964257047917,,12,test,acc72545740fb8c50814f35437a97f5facd8fb8a088620f3bedcdc6d7920a806,fb67a8de0ffe5854fbe0911b6aeae63b9443673d0c07c4e36d74527fa1d85eca
normal:20250704_075856,NonTor,/data1/zcx/ja4tor/data/ja4tor/normal/pcap/20250704_075856.pcap,/data1/zcx/ja4tor/models/fusion_flow_extractor-0.3/output/csv/normal-0927/20250704_075856.csv,6142921,61,0.22430618181985162,,3,validation,332e957e82d9dd186f18f1b463877959c56ec6d6e4551fed96ed07e2e225779c,4f998b00d369b1ec772dd8c493ea8a589e7bdd69111ba47c1ae3ada7644fff4e
normal:20250704_082156,NonTor,/data1/zcx/ja4tor/data/ja4tor/normal/pcap/20250704_082156.pcap,/data1/zcx/ja4tor/models/fusion_flow_extractor-0.3/output/csv/normal-0927/20250704_082156.csv,6080574,63,0.24420928955078125,,76,train,0f5d7803469e60f049bf16571177e290d5246c977a667f0a5cc638f6e4a88fe4,e6c05a90905c26b8fe856da74d96e102739ba8a329b5f929965aa83320626908
normal:20250704_084556,NonTor,/data1/zcx/ja4tor/data/ja4tor/normal/pcap/20250704_084556.pcap,/data1/zcx/ja4tor/models/fusion_flow_extractor-0.3/output/csv/normal-0927/20250704_084556.csv,5982403,59,0.26036561219460064,,15,validation,8c4b493ef8c6a429637d4faad37fd07ea46809c8e5d73be0af35f45563d7f874,16e6d299b9c639e73ce1681f8dbf7a3dac5fc94402f1113ca4ee00bb36e69a32
normal:20250704_085409,NonTor,/data1/zcx/ja4tor/data/ja4tor/normal/pcap/20250704_085409.pcap,/data1/zcx/ja4tor/models/fusion_flow_extractor-0.3/output/csv/normal-0927/20250704_085409.csv,11122865,113,0.27892825675470445,,127,train,d4d10ac3a1fba2590117ffbd3f72ea61410807a979426fcc6e9f929a4917998d,6f68c9cc44e5a247fc5a8d3b1f9f6b85376401f1eb272574d912dc20174108ed
normal:20250704_091043,NonTor,/data1/zcx/ja4tor/data/ja4tor/normal/pcap/20250704_091043.pcap,/data1/zcx/ja4tor/models/fusion_flow_extractor-0.3/output/csv/normal-0927/20250704_091043.csv,5977076,69,0.1920234435154324,,26,train,9a3f070af4a17983dc6b4ec7b06cefbce062c83fa27eda71bc398f946d08479c,fea4c8ce1c648ebc53825566ad35b18b88b06dbecf5112462f93420728aebcbd
normal:20250704_094227,NonTor,/data1/zcx/ja4tor/data/ja4tor/normal/pcap/20250704_094227.pcap,/data1/zcx/ja4tor/models/fusion_flow_extractor-0.3/output/csv/normal-0927/20250704_094227.csv,1518929,39,0.22776218715350371,,52,train,f60266927d8f0bd4b9fd54d28d3e8c8ebffab572532f64f2c1b099da8ef6e4b8,02fb020504b1a6dab753cb0aa5745c3e22dedf460651b1ade0b476399f31dbb2
normal:20250704_094729,NonTor,/data1/zcx/ja4tor/data/ja4tor/normal/pcap/20250704_094729.pcap,/data1/zcx/ja4tor/models/fusion_flow_extractor-0.3/output/csv/normal-0927/20250704_094729.csv,2267397,18,0.2067667967943051,,34,train,6190f94e72d6891766b71fbb4cd3f992d8c3f94fcd3bc25bbc7733e1cc98a09b,dc5ae9e7ad91b59961d6dc138ac770eb1ea01e4e42cde45ba08d4b1102a2ccd1
normal:20250704_095752,NonTor,/data1/zcx/ja4tor/data/ja4tor/normal/pcap/20250704_095752.pcap,/data1/zcx/ja4tor/models/fusion_flow_extractor-0.3/output/csv/normal-0927/20250704_095752.csv,1109924,28,0.23865870419014573,,66,train,1689f1a5a1276e483de70153b28c8a49c267763e6ac9c3cfdd40a73385401e27,0cdbd966534aad0457eca1c9d25acea206a948fd4502691300d73997a20f67a4
normal:20250704_100140,NonTor,/data1/zcx/ja4tor/data/ja4tor/normal/pcap/20250704_100140.pcap,/data1/zcx/ja4tor/models/fusion_flow_extractor-0.3/output/csv/normal-0927/20250704_100140.csv,2138709,25,0.25969361764247473,,102,train,b769f13fb931072f50b1856a61c73c42a695a779b120c6034a8ed58a07dc7582,6e8d1a9fdbff988f3de78291685d1056c5048857ec34e5d6ac514ba1a7fc1742
normal:20250704_100933,NonTor,/data1/zcx/ja4tor/data/ja4tor/normal/pcap/20250704_100933.pcap,/data1/zcx/ja4tor/models/fusion_flow_extractor-0.3/output/csv/normal-0927/20250704_100933.csv,1380892,38,0.286917611597005,,136,train,4824e54400cad770c0a4d3e5b66a880f51f64165a21dfd88f2a319fcb130bb7e,71f5e992c2c16531228c68b05f7f341d0fc0f40c341a8309313623abb7ed5b6c
normal:20250704_102118,NonTor,/data1/zcx/ja4tor/data/ja4tor/normal/pcap/20250704_102118.pcap,/data1/zcx/ja4tor/models/fusion_flow_extractor-0.3/output/csv/normal-0927/20250704_102118.csv,1908181,72,0.2657384219439832,,109,train,23e3dc2a3ee1dadf4fd5a85c982077b7e55a595831976a0685b37c4e5660e082,301b46277393b436ddf5641a5f961decae77940ab557a1b8f52bf6434dbcf9cf
normal:20250704_110753,NonTor,/data1/zcx/ja4tor/data/ja4tor/normal/pcap/20250704_110753.pcap,/data1/zcx/ja4tor/models/fusion_flow_extractor-0.3/output/csv/normal-0927/20250704_110753.csv,4099719,37,0.2538486416558863,,24,test,77426b72be618ce1defb9dd8d02bbc8b575eaa0fb0a2bd7b7458b40fa2878838,e49c1d40f8aaa940ec2d496d5bd9c6ec97aec0381b453b5b9511b168260061dc
normal:20250704_111707,NonTor,/data1/zcx/ja4tor/data/ja4tor/normal/pcap/20250704_111707.pcap,/data1/zcx/ja4tor/models/fusion_flow_extractor-0.3/output/csv/normal-0927/20250704_111707.csv,2611394,77,0.2678869610852244,,16,validation,0cbfc33ea10a9afb7b4b745ee2b1ac183938cd86b084f2ff7d37c399dff27562,7a02d7d7438330ef033cd9363f05d5ce51ea740c76f2cd09e851253e0c1a3d2a
normal:20250704_112114,NonTor,/data1/zcx/ja4tor/data/ja4tor/normal/pcap/20250704_112114.pcap,/data1/zcx/ja4tor/models/fusion_flow_extractor-0.3/output/csv/normal-0927/20250704_112114.csv,589853,27,0.2521062155053829,,92,train,7e23ebab9b9ab16ffddb8cf274ae7b54885579549536a92eb7f9054fabd8fea2,ee52b6528814ed9390437515126d833bbb9c8927e0f450849c196108f3e80ba4
normal:20250704_113758,NonTor,/data1/zcx/ja4tor/data/ja4tor/normal/pcap/20250704_113758.pcap,/data1/zcx/ja4tor/models/fusion_flow_extractor-0.3/output/csv/normal-0927/20250704_113758.csv,2081412,54,0.15075757575757576,,10,train,a27bfbff6a5dc5b4f70a8e646f922e1069e5df71188544814df95a32a1e5baad,307ef54af00253445bc48f1721effe3d7585aaded586d96c8a6cdfbd111fa4f4
normal:20250704_131511,NonTor,/data1/zcx/ja4tor/data/ja4tor/normal/pcap/20250704_131511.pcap,/data1/zcx/ja4tor/models/fusion_flow_extractor-0.3/output/csv/normal-0927/20250704_131511.csv,2625593,47,0.21462593730318694,,40,train,9bc298a97f34599d196bbd18dcee01354db4569c6b186666b6d639f7500d5bd0,0a6a4663afc52405f0cd29102b9ba88d49ba0605b2133f2ee2330d89588885d2
normal:20250704_132324,NonTor,/data1/zcx/ja4tor/data/ja4tor/normal/pcap/20250704_132324.pcap,/data1/zcx/ja4tor/models/fusion_flow_extractor-0.3/output/csv/normal-0927/20250704_132324.csv,1649989,50,0.2657850359727054,,32,test,cf43f2f8674ef9b7918cb82ef8153ffc15cec51b5cf80f40b34613638a944bea,6e046772d4a85afef7ac5d868bccbcec69a484530057a25f52f06873ffa4cbf3
normal:20250704_132958,NonTor,/data1/zcx/ja4tor/data/ja4tor/normal/pcap/20250704_132958.pcap,/data1/zcx/ja4tor/models/fusion_flow_extractor-0.3/output/csv/normal-0927/20250704_132958.csv,836382,26,0.27657196357352387,,123,train,436f0acc49e256107870bcf5477af4d3ccb1a5d939a79ee96d829fafed7f29f6,987043460f2bbad41dcee4b99821930b1455ad847bb31be0eea7bab3f99f93be
normal:20250704_133324,NonTor,/data1/zcx/ja4tor/data/ja4tor/normal/pcap/20250704_133324.pcap,/data1/zcx/ja4tor/models/fusion_flow_extractor-0.3/output/csv/normal-0927/20250704_133324.csv,2079482,55,0.25514144720382803,,25,test,615277acf3b069d5fcb404343ff83a5592e8c8c913224e17e686f3d7e9d9753c,e46f9e6ccf5cba0561b5c13521b736118fa6634fbd527e806593851f1a052281
normal:20250704_133818,NonTor,/data1/zcx/ja4tor/data/ja4tor/normal/pcap/20250704_133818.pcap,/data1/zcx/ja4tor/models/fusion_flow_extractor-0.3/output/csv/normal-0927/20250704_133818.csv,5679518,116,0.2187653015167319,,47,train,cdec80d7f1b97eb0cd12e289148928b9978643ab9c36409d9af743a3a79712b5,0c9403e6ff06cf838ff3cea5b0b72f47ecc0b46d0e080052892801409c8315aa
normal:20250704_135126,NonTor,/data1/zcx/ja4tor/data/ja4tor/normal/pcap/20250704_135126.pcap,/data1/zcx/ja4tor/models/fusion_flow_extractor-0.3/output/csv/normal-0927/20250704_135126.csv,1837812,58,0.2187023860859693,,46,train,11c385d684f3933d3beec9eed9f87596ccf316b124563c1bbfcde08dc0814200,cd0863e2bc6a5fbb7e4c007e75cf323f197d6858d3858f238a61d41086b08263
normal:20250704_140556,NonTor,/data1/zcx/ja4tor/data/ja4tor/normal/pcap/20250704_140556.pcap,/data1/zcx/ja4tor/models/fusion_flow_extractor-0.3/output/csv/normal-0927/20250704_140556.csv,2169908,38,0.27106038507965763,,33,test,f4e7f87c2d5b936405921c305ff156972410df52c0dfad3bb7241d75ff5fa7c8,65c41189e63e8ab62c067aeeb8bde90f1f3da19423f3ebcfb54a2ad4ecf2c245
normal:20250704_141013,NonTor,/data1/zcx/ja4tor/data/ja4tor/normal/pcap/20250704_141013.pcap,/data1/zcx/ja4tor/models/fusion_flow_extractor-0.3/output/csv/normal-0927/20250704_141013.csv,4844199,83,0.238204225518102,,65,train,81e34bf7c0c97697c1cce2b86ed69c0369f46fb41499e385ba81ed8ec08e5cc4,299364a1eb2c7f01899f991771279aeba78f0d2643dc5676daf89aecceffb285
normal:20250704_143321,NonTor,/data1/zcx/ja4tor/data/ja4tor/normal/pcap/20250704_143321.pcap,/data1/zcx/ja4tor/models/fusion_flow_extractor-0.3/output/csv/normal-0927/20250704_143321.csv,1697844,29,0.27347374158774174,,17,validation,3067e8fbf3a6a8e0cdd25736cc1251df7185a84bba2f51bcff8bae05670da1c5,3b95f78510a6e551b0b68f4ed08c9ebf1f300d8445ea000792831f09ad4d5334
normal:20250704_152751,NonTor,/data1/zcx/ja4tor/data/ja4tor/normal/pcap/20250704_152751.pcap,/data1/zcx/ja4tor/models/fusion_flow_extractor-0.3/output/csv/normal-0927/20250704_152751.csv,4810536,83,0.20992988610410293,,37,train,20dd9b3dfcdea7d07c1754716f83d1316170a33bb9c8e6b7c9bdc53a503a631e,6d4502b293d9f6e7a72350fad225eacbe9240080c1c75b13e27ec3f95ba8673c
normal:20250704_160752,NonTor,/data1/zcx/ja4tor/data/ja4tor/normal/pcap/20250704_160752.pcap,/data1/zcx/ja4tor/models/fusion_flow_extractor-0.3/output/csv/normal-0927/20250704_160752.csv,3462576,40,0.29266684213147326,,40,test,8c915f1caea18b1984a0df4425cf4cfe56c3499961480c98fb11bd6699d12cfe,e15624eab8ebd09450ceab0a83dcb24760d8b5bb2dbb9ba91e7a92d671f65f59
normal:20250704_171424,NonTor,/data1/zcx/ja4tor/data/ja4tor/normal/pcap/20250704_171424.pcap,/data1/zcx/ja4tor/models/fusion_flow_extractor-0.3/output/csv/normal-0927/20250704_171424.csv,1300903,34,0.0691502969220861,,1,train,adb896cff469b69881d2e42f670400bab1445317f3318831374092e30cc91f8c,04e264cc6b58402b3e3371e31910b7b411e46bb4f34c776aa920999af93bcdbc
normal:20250704_172617,NonTor,/data1/zcx/ja4tor/data/ja4tor/normal/pcap/20250704_172617.pcap,/data1/zcx/ja4tor/models/fusion_flow_extractor-0.3/output/csv/normal-0927/20250704_172617.csv,6221291,49,0.25335324184527697,,94,train,37e50a58f65fcbfd71f88c9f3ae236dcf2ce1fdbb2417b3be74c9c7cb172e5dc,85bcb4d86676545a46fae9cf22bbce5c2dba56277363840369da926fe8a77d42
normal:20250704_173902,NonTor,/data1/zcx/ja4tor/data/ja4tor/normal/pcap/20250704_173902.pcap,/data1/zcx/ja4tor/models/fusion_flow_extractor-0.3/output/csv/normal-0927/20250704_173902.csv,2180421,37,0.28902988479061054,,137,train,ae7e52bc165d905efdc2cce5213a1679ecdb31c635fe95969aa976fbfe726818,5d5291b2c436d6dc2e50df158b64c7469ac3947ad4972a8f8a9b3bf1d871f793
normal:20250704_174100,NonTor,/data1/zcx/ja4tor/data/ja4tor/normal/pcap/20250704_174100.pcap,/data1/zcx/ja4tor/models/fusion_flow_extractor-0.3/output/csv/normal-0927/20250704_174100.csv,5703626,63,0.27158658230618377,,117,train,071e563dd6d86e86f5d08f165ba9ee108b62a837c61eb69fbf14d367ee1f0496,9a1d71562bbcb6469c32478b82ca96719eb34fff88ff8ec6c4d4b74855a9128d
normal:20250704_174442,NonTor,/data1/zcx/ja4tor/data/ja4tor/normal/pcap/20250704_174442.pcap,/data1/zcx/ja4tor/models/fusion_flow_extractor-0.3/output/csv/normal-0927/20250704_174442.csv,3866127,23,0.25081197403028127,,90,train,39b3d0576bfb133b4c42742eb086a7bdc982dd4b490d3957477840814cb2cfe9,ed23e32207d11098e66fc305ce4f28c7721c443bbd168fa178d58ca5d9689a00
normal:20250704_180115,NonTor,/data1/zcx/ja4tor/data/ja4tor/normal/pcap/20250704_180115.pcap,/data1/zcx/ja4tor/models/fusion_flow_extractor-0.3/output/csv/normal-0927/20250704_180115.csv,2062207,49,0.2030330070926736,,32,train,b7f63afd4a7d8ca23bbe53fd72d639341f527fffec03cfa2ab2e76363c0864b0,0efda0922d736eac07cea3633fc369f7b525ae50b2b59ec2e32a65f9fb928c82
normal:20250704_181234,NonTor,/data1/zcx/ja4tor/data/ja4tor/normal/pcap/20250704_181234.pcap,/data1/zcx/ja4tor/models/fusion_flow_extractor-0.3/output/csv/normal-0927/20250704_181234.csv,13687548,45,0.13662707239559607,,4,train,86207a7822dd79b5f74e2e131558c7bdaa18cd52e7d0a283063037fa7656fc08,9730d4e342bde8cc913322e7276aa684f9352a59c6c1baf28bd88731cd053041
normal:20250704_181733,NonTor,/data1/zcx/ja4tor/data/ja4tor/normal/pcap/20250704_181733.pcap,/data1/zcx/ja4tor/models/fusion_flow_extractor-0.3/output/csv/normal-0927/20250704_181733.csv,16748187,38,0.2478202548963844,,83,train,2ff9ebd5335f8a70ca06281bcf6ef0ea8aa253cc2db6d31503a5fbe7d532c824,893c615f482219ad94ae9039a3095f0259bb0999f2b3b0f84611e4afdc221cee
normal:20250704_183806,NonTor,/data1/zcx/ja4tor/data/ja4tor/normal/pcap/20250704_183806.pcap,/data1/zcx/ja4tor/models/fusion_flow_extractor-0.3/output/csv/normal-0927/20250704_183806.csv,3912223,29,0.28362163802512785,,132,train,952e07b80a368a485b89ca0771c6251aae95f51680fdee9eed0ee524a4755993,74850d198c6d5294181becfbcacbdfd8cc569cd3c2703472ba2d04c9996ef7b6
normal:20250704_184842,NonTor,/data1/zcx/ja4tor/data/ja4tor/normal/pcap/20250704_184842.pcap,/data1/zcx/ja4tor/models/fusion_flow_extractor-0.3/output/csv/normal-0927/20250704_184842.csv,12895332,116,0.24828849635890815,,84,train,7aee35c100abfd158b9b563c7ef2dd10e7026bd268e13105e45138338dc00a3b,0ec57f44a3b2b1f2b25fc34720c756966736f428bc37a7661cbf48385d3ffdff
normal:20250704_185155,NonTor,/data1/zcx/ja4tor/data/ja4tor/normal/pcap/20250704_185155.pcap,/data1/zcx/ja4tor/models/fusion_flow_extractor-0.3/output/csv/normal-0927/20250704_185155.csv,3434016,69,0.2778696630989127,,126,train,11584e2694226abbb1fe1a615a7b04e94f8237f9e9b7f32c19ab5bb60079eeb8,f63de2a8756f4bf7e6702c9592b1e07eddbf6140d044306ac0597f6d4c2c25e0
normal:20250704_191818,NonTor,/data1/zcx/ja4tor/data/ja4tor/normal/pcap/20250704_191818.pcap,/data1/zcx/ja4tor/models/fusion_flow_extractor-0.3/output/csv/normal-0927/20250704_191818.csv,2518296,52,0.27337621951112473,,119,train,d409f52417f0cecede1a15d7bdb0d34049a1e7163f3cb168bf38b3eee41ab864,9a723b83ad3f4b3698e4edd45743cfd995ed27fbf4d354aa1632175107843d4c
normal:20250704_192249,NonTor,/data1/zcx/ja4tor/data/ja4tor/normal/pcap/20250704_192249.pcap,/data1/zcx/ja4tor/models/fusion_flow_extractor-0.3/output/csv/normal-0927/20250704_192249.csv,14036524,62,0.10294648562306978,,2,train,c6516fb8167dbdb3c8948bf90d672b87c76a528e52ea3ee325ef6bf17eefbe26,f4acfdc50228ee5e1d2233fd05437c881d1b36fa328b5b591b1b24c0aba9aae4
normal:20250704_193232,NonTor,/data1/zcx/ja4tor/data/ja4tor/normal/pcap/20250704_193232.pcap,/data1/zcx/ja4tor/models/fusion_flow_extractor-0.3/output/csv/normal-0927/20250704_193232.csv,4011066,38,0.19725559769478584,,30,train,d1a3d1f2a6bace71954b491e3c734275ee7f607fc824f5408bd2926be74850bf,23c2aa4d3070339daa01ee56e5df27095a1300c3bbb21ea27c0af2380ae76153
normal:20250704_193616,NonTor,/data1/zcx/ja4tor/data/ja4tor/normal/pcap/20250704_193616.pcap,/data1/zcx/ja4tor/models/fusion_flow_extractor-0.3/output/csv/normal-0927/20250704_193616.csv,3999561,45,0.25404580318871584,,95,train,f11e8947f8db6a5900e1da08698bfbaf08d1ffeb5aaee3dfc75022c7553b52c4,185568db83b02e1ed8b4339b76815e41c7ba850316a0c980b44141f949a4c853
normal:20250704_194154,NonTor,/data1/zcx/ja4tor/data/ja4tor/normal/pcap/20250704_194154.pcap,/data1/zcx/ja4tor/models/fusion_flow_extractor-0.3/output/csv/normal-0927/20250704_194154.csv,4787749,77,0.16878175773316917,,15,train,cba809882b3260f6d2c1cb90fbd9ad9ab9e4e56ce134c7bae7e72ed623cc4446,038283bbb3b0d5ee667cfc843c6815286a9686f9aa1f7013f0dfe103935bef4b
normal:20250704_195451,NonTor,/data1/zcx/ja4tor/data/ja4tor/normal/pcap/20250704_195451.pcap,/data1/zcx/ja4tor/models/fusion_flow_extractor-0.3/output/csv/normal-0927/20250704_195451.csv,6789359,58,0.1840155091717096,,23,train,341df7345a6a3b088c0780bff6d187173d0b3c8196f72a79d92328067e30536e,fa215e3bb029cce121e6414099b8148d2bc75fc34b95a6f005dc8c670e099506
normal:20250704_200619,NonTor,/data1/zcx/ja4tor/data/ja4tor/normal/pcap/20250704_200619.pcap,/data1/zcx/ja4tor/models/fusion_flow_extractor-0.3/output/csv/normal-0927/20250704_200619.csv,1930406,51,0.23683186000128895,,63,train,bf69d022c80f50725eb30cf9dbee5497d8e3cee1ba1f08972ac781424651debd,058974ef285b3f607e76be9c5d604683baa8c4f03c65366ba2ad3f0274a0edf4
normal:20250704_200920,NonTor,/data1/zcx/ja4tor/data/ja4tor/normal/pcap/20250704_200920.pcap,/data1/zcx/ja4tor/models/fusion_flow_extractor-0.3/output/csv/normal-0927/20250704_200920.csv,4771121,69,0.20227206505828704,,31,train,8f15ac7db36e4ec0f0aee8d9079a0beae4b76636352940042c5942d3f8759a1f,f03adcccc36b5d158a28303eb54777c0b6faefd845472a0d9de33c2aa6bd9ec5
normal:20250704_203415,NonTor,/data1/zcx/ja4tor/data/ja4tor/normal/pcap/20250704_203415.pcap,/data1/zcx/ja4tor/models/fusion_flow_extractor-0.3/output/csv/normal-0927/20250704_203415.csv,3661856,73,0.23900933861967805,,67,train,188848a12cbc5a78024a653fbd1d22e397523678e108755855b5945edbc57bb1,b12f5835e2635def3cd35cd8eb4ac98642b584b0698a82347e826703fc8dc0c0
normal:20250704_211807,NonTor,/data1/zcx/ja4tor/data/ja4tor/normal/pcap/20250704_211807.pcap,/data1/zcx/ja4tor/models/fusion_flow_extractor-0.3/output/csv/normal-0927/20250704_211807.csv,1146041,18,0.2649404110075756,,106,train,62772d1f398c3f22f08b7787e865b0b51176d1e7d4bc9dc523a26c2e54801cd5,f05648741d6b57b8f4c41404f362a0a68274c59ff869319bd483c07115812b6e
normal:20250704_222201,NonTor,/data1/zcx/ja4tor/data/ja4tor/normal/pcap/20250704_222201.pcap,/data1/zcx/ja4tor/models/fusion_flow_extractor-0.3/output/csv/normal-0927/20250704_222201.csv,3323835,31,0.23663638022963734,,61,train,79ddf1c5a5ad58dd4abb2259fccec3552865e0feac2981fae6d5439fe0e6074b,09592aed76374761f321763785de7eab02bde4927099e60cf2c14ab566c90da5
normal:20250704_223400,NonTor,/data1/zcx/ja4tor/data/ja4tor/normal/pcap/20250704_223400.pcap,/data1/zcx/ja4tor/models/fusion_flow_extractor-0.3/output/csv/normal-0927/20250704_223400.csv,7981313,22,0.2863632092696886,,135,train,71f297bd958f503b1fe0a8446f9ed94421d86a941f7be622e108f931253e1a58,6c6b60e2aca3097626a97db7ee7c2326dfbbfaddb98d7ffdea330cf9aad2eed4
normal:20250705_010410,NonTor,/data1/zcx/ja4tor/data/ja4tor/normal/pcap/20250705_010410.pcap,/data1/zcx/ja4tor/models/fusion_flow_extractor-0.3/output/csv/normal-0927/20250705_010410.csv,1406527,36,0.1788954426913729,,3,test,525229afcb049ef0621207f83153fde46196520702bea30c506869a572d28795,7aff3a8bd3d29e9ea2429d2052329a70625ccc92c337bb02023188fc11ab1b81
normal:20250705_014557,NonTor,/data1/zcx/ja4tor/data/ja4tor/normal/pcap/20250705_014557.pcap,/data1/zcx/ja4tor/models/fusion_flow_extractor-0.3/output/csv/normal-0927/20250705_014557.csv,5772440,62,0.22473123517048488,,5,validation,b4648a98d12ffe8238d0111916a9856a6172f5ac7eb9989de6d1583a303a76ae,2551397cd33b0a04758f0435a2aad42e0b745e535120a0c8030a8d84e500d492
normal:20250705_020131,NonTor,/data1/zcx/ja4tor/data/ja4tor/normal/pcap/20250705_020131.pcap,/data1/zcx/ja4tor/models/fusion_flow_extractor-0.3/output/csv/normal-0927/20250705_020131.csv,3673380,32,0.27031666194828463,,113,train,0f4dabd09e95cd46ee7c2d4b15379677246872ba1d571c283c2dcd4c884d34d7,b3ce7e2e0c66d76351f3e2fdd5b31c6e4ea8e8c3525c500aeb566ae51bb9a578
normal:20250705_022051,NonTor,/data1/zcx/ja4tor/data/ja4tor/normal/pcap/20250705_022051.pcap,/data1/zcx/ja4tor/models/fusion_flow_extractor-0.3/output/csv/normal-0927/20250705_022051.csv,3109924,44,0.21208910481703394,,39,train,c229c03df6e11fce24d070f744b2968fdd11a747e0f044a7a5770d4e5edf1c2f,42ac78f92ecb88a07e16a83e486f81b0f83a066dd042a9cb4494d3afb71b2962
normal:20250705_024046,NonTor,/data1/zcx/ja4tor/data/ja4tor/normal/pcap/20250705_024046.pcap,/data1/zcx/ja4tor/models/fusion_flow_extractor-0.3/output/csv/normal-0927/20250705_024046.csv,6499254,22,0.2455321626426536,,77,train,ad8aef13de2df8f279fc292a2104536217a7f70d0cc418fb3cdadf65dc008be3,9be2d66cbdb61993919b49f2775b36730c40da389604c27287dde6add18f9444
normal:20250705_032153,NonTor,/data1/zcx/ja4tor/data/ja4tor/normal/pcap/20250705_032153.pcap,/data1/zcx/ja4tor/models/fusion_flow_extractor-0.3/output/csv/normal-0927/20250705_032153.csv,6067424,68,0.23934160265193494,,68,train,1aec674cfae6b52f2f3936c199bcf68a3c8edc6ca17cb38174fe0950a66c9524,2537957c18dab29351cc91e5ab7adb1aa1a3a3510d485bfd5f3282c1e52d57b9
normal:20250705_032351,NonTor,/data1/zcx/ja4tor/data/ja4tor/normal/pcap/20250705_032351.pcap,/data1/zcx/ja4tor/models/fusion_flow_extractor-0.3/output/csv/normal-0927/20250705_032351.csv,17377917,149,0.23937028515039743,,69,train,133ee6401707ba2b1bb9e06f3d1c59a897ff8c523aa7c7499e7fda2951fb1860,16bb3f16912c680e5bc2bbf8cedb997462dc8863ce2613927b80b26116e7d6a2
normal:20250705_033919,NonTor,/data1/zcx/ja4tor/data/ja4tor/normal/pcap/20250705_033919.pcap,/data1/zcx/ja4tor/models/fusion_flow_extractor-0.3/output/csv/normal-0927/20250705_033919.csv,4914696,78,0.2308829994280194,,55,train,2b4dfe45bf3232c39b08d3389b185e29bb399aa2b3d5008cfe9a00e4568a7ba6,d902516d35954379716e24d5d4892527866fda90e71b8f1f44f222377e44b1f8
normal:20250705_050047,NonTor,/data1/zcx/ja4tor/data/ja4tor/normal/pcap/20250705_050047.pcap,/data1/zcx/ja4tor/models/fusion_flow_extractor-0.3/output/csv/normal-0927/20250705_050047.csv,4571942,66,0.18492384849024163,,24,train,09a6ac4d9fc178b54fef6e210a9e2dac8414c8bd6b1b78890c55c65eee10e8f9,27957f1cfa62308d82f83cd813f4556dbfb488118e4e8c49c2f6fd3338a3d45a
normal:20250705_052034,NonTor,/data1/zcx/ja4tor/data/ja4tor/normal/pcap/20250705_052034.pcap,/data1/zcx/ja4tor/models/fusion_flow_extractor-0.3/output/csv/normal-0927/20250705_052034.csv,5828914,65,0.21745387040387953,,43,train,413127f5069a744e20ff1f348e5e227ce582f4eed276b4aa4c559381e956e726,73213dea008cc5c951e2d0477157488347e0ee9737a5f536e5b7691ecedbbf93
normal:20250705_054119,NonTor,/data1/zcx/ja4tor/data/ja4tor/normal/pcap/20250705_054119.pcap,/data1/zcx/ja4tor/models/fusion_flow_extractor-0.3/output/csv/normal-0927/20250705_054119.csv,7097105,59,0.150466397948829,,9,train,2fb86ddf675d9fc9c47ac396c790daf8520b013cd399594598ba9d76201498b7,629d71932895ca21f18b8a16e59954960e1e83eedd24b558b5d42ddbf4afd577
normal:20250705_054410,NonTor,/data1/zcx/ja4tor/data/ja4tor/normal/pcap/20250705_054410.pcap,/data1/zcx/ja4tor/models/fusion_flow_extractor-0.3/output/csv/normal-0927/20250705_054410.csv,3623855,48,0.1905744884742308,,25,train,6f3ad24ada424f50165bdfbb2f2be85634221266f636eddaecaa77dc909e7115,41a381cfbe52f9a4f51433391b396039fd02f02683fc09d4bf9196b079238bb1
normal:20250705_074741,NonTor,/data1/zcx/ja4tor/data/ja4tor/normal/pcap/20250705_074741.pcap,/data1/zcx/ja4tor/models/fusion_flow_extractor-0.3/output/csv/normal-0927/20250705_074741.csv,9567286,243,0.2336221193131344,,7,validation,ea718097c4d36a12873fc253deb6347732b7c786c1f986c975413650e326edb8,8e550f2c110fcd700f2226b79fee9b2bb4b584112f7818eac80373bff62f1dd1
normal:20250705_074926,NonTor,/data1/zcx/ja4tor/data/ja4tor/normal/pcap/20250705_074926.pcap,/data1/zcx/ja4tor/models/fusion_flow_extractor-0.3/output/csv/normal-0927/20250705_074926.csv,6434241,58,0.2907709659765672,,140,train,f492e0ce128e113b8579300e481fde7b3a8e4d0acd0cdc305ec5552b13a3412f,e7f06e1cc2543453da2b1928d8e731a30d3dd89f42d1ec0b14c3ee41e1b58286
normal:20250705_091157,NonTor,/data1/zcx/ja4tor/data/ja4tor/normal/pcap/20250705_091157.pcap,/data1/zcx/ja4tor/models/fusion_flow_extractor-0.3/output/csv/normal-0927/20250705_091157.csv,5651132,36,0.2783949276461808,,36,test,ae586b6db3a4df955f9577333a152cc9963778f4d46fc31857a8b4c2d1774548,fcbe93831316a3f27db1e6fbb4f59303484efc525cd4da43ca65b90f28b2ffd0
normal:20250705_091437,NonTor,/data1/zcx/ja4tor/data/ja4tor/normal/pcap/20250705_091437.pcap,/data1/zcx/ja4tor/models/fusion_flow_extractor-0.3/output/csv/normal-0927/20250705_091437.csv,7297468,31,0.23948361541701035,,18,test,3dba0b3e346578e8b18b751a9e1f686cf433d07e21d4722b44876309f3cc91c8,76c668d8d7ba6c97ccda7b5bd4798e3a14319795c2996ef0f102be1dbe77dfa8
normal:20250705_095614,NonTor,/data1/zcx/ja4tor/data/ja4tor/normal/pcap/20250705_095614.pcap,/data1/zcx/ja4tor/models/fusion_flow_extractor-0.3/output/csv/normal-0927/20250705_095614.csv,1882565,42,0.2420387598503599,,72,train,14bb0be1e59b6b8e74eec322109da3a2a36a196025c6f84c68ce13ed8568e8b3,03801845ea1c8efe7dce2414dec573e86b67a708137af6ae04f41ed52f3e27be
normal:20250705_104355,NonTor,/data1/zcx/ja4tor/data/ja4tor/normal/pcap/20250705_104355.pcap,/data1/zcx/ja4tor/models/fusion_flow_extractor-0.3/output/csv/normal-0927/20250705_104355.csv,7046225,23,0.2901563297728781,,139,train,288c4a4540a15f190386ca4324111a28101860b213321c4cc26cbc1f30e8ecf9,951427f3fbc63f419689f64a34e74dc759ca39ca2cd9ef4d4669e47c2cef7745
normal:20250705_112309,NonTor,/data1/zcx/ja4tor/data/ja4tor/normal/pcap/20250705_112309.pcap,/data1/zcx/ja4tor/models/fusion_flow_extractor-0.3/output/csv/normal-0927/20250705_112309.csv,2776307,47,0.17086568632280283,,16,train,7d4e0d30d2878f5fcf0c0372d4865ca757f45dce1f7c0d5e3a58ad38b8cff5f2,1b026b9ad1fec420525910896233f7354188a97fcbf3e1dceec575d9853802d0
normal:20250705_113450,NonTor,/data1/zcx/ja4tor/data/ja4tor/normal/pcap/20250705_113450.pcap,/data1/zcx/ja4tor/models/fusion_flow_extractor-0.3/output/csv/normal-0927/20250705_113450.csv,1646235,47,0.21817890379696153,,45,train,dff30b3a2e5a291ecc52778b5a01d255f007a871acd51df99ec18012620fd091,63da751c06652c2cc625452c15cb50fc685cf7e59f3117936dddb5f3db728e90
normal:20250705_114854,NonTor,/data1/zcx/ja4tor/data/ja4tor/normal/pcap/20250705_114854.pcap,/data1/zcx/ja4tor/models/fusion_flow_extractor-0.3/output/csv/normal-0927/20250705_114854.csv,4713018,67,0.15497170456829606,,11,train,6c4d61bea3369f633d265904294d259e9de5827f9c48316af704a115d3d6b4a3,d15d55a60094b644ac6d016008aab2aa1f282d1abb2e303285356e89ba2a6b2d
normal:20250705_115533,NonTor,/data1/zcx/ja4tor/data/ja4tor/normal/pcap/20250705_115533.pcap,/data1/zcx/ja4tor/models/fusion_flow_extractor-0.3/output/csv/normal-0927/20250705_115533.csv,1145254,20,0.27972072066907805,,129,train,e159bf35f9b2f7b3074161e9ac37ab7bb7d137c864e7c3ebe5d221c4bb061b63,865d9496b5b703f87684d5983225ee7513ebd53e778596110f9e2a6dd5a06b8b
normal:20250705_115700,NonTor,/data1/zcx/ja4tor/data/ja4tor/normal/pcap/20250705_115700.pcap,/data1/zcx/ja4tor/models/fusion_flow_extractor-0.3/output/csv/normal-0927/20250705_115700.csv,3849669,22,0.2367205090288036,,62,train,51e8630f50d7e59c344754c82733363e85ad09c1b1cfe71b2395f413d65b193d,88d334ab327dd21b7d3a409abcccf7edd2a74c4e7b657450bc2bbd763ee0afad
normal:20250705_135428,NonTor,/data1/zcx/ja4tor/data/ja4tor/normal/pcap/20250705_135428.pcap,/data1/zcx/ja4tor/models/fusion_flow_extractor-0.3/output/csv/normal-0927/20250705_135428.csv,3874476,108,0.2587620649729985,,101,train,afddfd239f9db27aa446a4e388b6b6b25662435330c64ca5234b4ce93acb7c27,8a23e5bfda8f1a3e222bee3ae6dd0b7f1b982b0806bde2e50061057331b53c5a
normal:20250705_143012,NonTor,/data1/zcx/ja4tor/data/ja4tor/normal/pcap/20250705_143012.pcap,/data1/zcx/ja4tor/models/fusion_flow_extractor-0.3/output/csv/normal-0927/20250705_143012.csv,5101812,43,0.16454900357822544,,14,train,01a5eb113cc6c7df765b0d82b8000f71bbab2fc00201ab34b7511fa4db9640fd,97e2e60d03a293401f69498105a96b1adee3dfb24815a09570bedfaa629357c0
normal:20250705_144304,NonTor,/data1/zcx/ja4tor/data/ja4tor/normal/pcap/20250705_144304.pcap,/data1/zcx/ja4tor/models/fusion_flow_extractor-0.3/output/csv/normal-0927/20250705_144304.csv,2708169,25,0.2866992131358083,,19,validation,ae5423228c8cf73c3c7b3ac740d97b591d812967d1b1c1be0a1ea31f3cde3d11,9129ed9a0cdb0c4c7c33d094d7ba9fb469c4cb63b1a2fa3f9ee75e43f9556dd4
normal:20250705_144344,NonTor,/data1/zcx/ja4tor/data/ja4tor/normal/pcap/20250705_144344.pcap,/data1/zcx/ja4tor/models/fusion_flow_extractor-0.3/output/csv/normal-0927/20250705_144344.csv,4819667,13,0.16012206257505918,,13,train,a39ff525b9283b612c72c499b6dd104505842ee6af2316bdb2b985029402fe04,2ff406c0309a457ac8d830338df6bcd2343034f0aff81bc6d6a540b096b34499
normal:20250705_145711,NonTor,/data1/zcx/ja4tor/data/ja4tor/normal/pcap/20250705_145711.pcap,/data1/zcx/ja4tor/models/fusion_flow_extractor-0.3/output/csv/normal-0927/20250705_145711.csv,2973584,39,0.2882096726846717,,20,validation,17bb33269fa85c23874c5e34e3496d2351575398fa324de891b13a22a8aba0b1,28c67df7b7151c01cfe1c34bbb81eb024ac3c33ddf08536a23deb2242e201b94
normal:20250705_145955,NonTor,/data1/zcx/ja4tor/data/ja4tor/normal/pcap/20250705_145955.pcap,/data1/zcx/ja4tor/models/fusion_flow_extractor-0.3/output/csv/normal-0927/20250705_145955.csv,4937282,104,0.24681263412464727,,78,train,dd3245ed0cb5b27d8f479a96c410e365100f052346eb26921c618302ae334865,a2ee76fd6976ed9bed17e53f1cd21a6295aaf14e207d8ddbbdc29c8d9cbd09e2
normal:20250705_151620,NonTor,/data1/zcx/ja4tor/data/ja4tor/normal/pcap/20250705_151620.pcap,/data1/zcx/ja4tor/models/fusion_flow_extractor-0.3/output/csv/normal-0927/20250705_151620.csv,5247541,31,0.2470620520128382,,80,train,e1afc47f95e2194a9a891a8e2480189728f99bad8f1bec7bd2b648b7d2197845,9a71c9fa3d7e3fa42ee4d629afbbb6aa02f3dcbdf73c935b1879947625a04bfa
normal:20250705_151815,NonTor,/data1/zcx/ja4tor/data/ja4tor/normal/pcap/20250705_151815.pcap,/data1/zcx/ja4tor/models/fusion_flow_extractor-0.3/output/csv/normal-0927/20250705_151815.csv,1899018,29,0.2075109502552768,,35,train,148cc75756e78cd4332b3ac04bf1ed34b4770d29e56dd4d51c059b9f599dc3c7,58b9e6f3198c23b642e655641e6905c0dd5fa4c1f25a43926fb9fb3970925f47
normal:20250705_152150,NonTor,/data1/zcx/ja4tor/data/ja4tor/normal/pcap/20250705_152150.pcap,/data1/zcx/ja4tor/models/fusion_flow_extractor-0.3/output/csv/normal-0927/20250705_152150.csv,2749335,30,0.23007730473563112,,54,train,ce3f2e05d7d15410f09d0ad73a0ea7772e9d8bccd703e3d2c06a485df10150ef,fa0a71d0367effe2789b9d20ca285a8c610503ed826895baf48cd76c96a07113
normal:20250705_152624,NonTor,/data1/zcx/ja4tor/data/ja4tor/normal/pcap/20250705_152624.pcap,/data1/zcx/ja4tor/models/fusion_flow_extractor-0.3/output/csv/normal-0927/20250705_152624.csv,1133983,18,0.25758382276448694,,99,train,d96a9ba1dc2158dae9d0097c401350503b812c43d6b8961dd21b5b14dcf9f3d6,3b08bc434710cc233473908335b99a2d03786bcd618c683e4ea849f85e39fd6a
normal:20250705_152815,NonTor,/data1/zcx/ja4tor/data/ja4tor/normal/pcap/20250705_152815.pcap,/data1/zcx/ja4tor/models/fusion_flow_extractor-0.3/output/csv/normal-0927/20250705_152815.csv,554455,17,0.26571037833854283,,31,test,e9528d7803c77acab8f4689856d877be979fa5b5a92e77fdfee8b1cfd8c703ac,18fa25bed9c5260d7b8255002af219c9df7394cd22474e6dc189522dad28bde6
normal:20250705_155411,NonTor,/data1/zcx/ja4tor/data/ja4tor/normal/pcap/20250705_155411.pcap,/data1/zcx/ja4tor/models/fusion_flow_extractor-0.3/output/csv/normal-0927/20250705_155411.csv,1395077,38,0.21509561921827064,,41,train,af203ae7a9811e1c246774ba74d07d81c10abfc313b59aa883f2e3bcae5d0222,9b67a8c5d98abcfc129c22406f092cd21fce4c61a482a7d95e2c766254e1bd81
normal:20250705_155513,NonTor,/data1/zcx/ja4tor/data/ja4tor/normal/pcap/20250705_155513.pcap,/data1/zcx/ja4tor/models/fusion_flow_extractor-0.3/output/csv/normal-0927/20250705_155513.csv,4787711,84,0.20669675322925707,,33,train,d7a0411204cf610bcf1a1a1ea05a1c4e28ab2c4efa1aea18d7cab35bfcbc5bce,ac5deb0f7d08508e3bd9d73cfdf20db505e6bdeda283b267149700cd9e0a62f4
normal:20250705_161156,NonTor,/data1/zcx/ja4tor/data/ja4tor/normal/pcap/20250705_161156.pcap,/data1/zcx/ja4tor/models/fusion_flow_extractor-0.3/output/csv/normal-0927/20250705_161156.csv,8620899,23,0.2791881442164201,,128,train,54808ab38b554938e1c876fb3a069cb8e6447ce03e4e1e221ea3f03c185cae9d,9514084dfa342edbab76e8e516530196a41470d197a5f9337e19e4fb71b2a09e
normal:20250705_171730,NonTor,/data1/zcx/ja4tor/data/ja4tor/normal/pcap/20250705_171730.pcap,/data1/zcx/ja4tor/models/fusion_flow_extractor-0.3/output/csv/normal-0927/20250705_171730.csv,3802625,49,0.23922284966234336,,8,validation,d59a9ca55ae9b8a9fd2e81cb7120eea752b736bf09c945e24ff3f11e1b179180,3ed9fa5116dfe34a93d63b2d04d0f76933b2c47d522fa4f051da0e1bef330631
normal:20250705_172310,NonTor,/data1/zcx/ja4tor/data/ja4tor/normal/pcap/20250705_172310.pcap,/data1/zcx/ja4tor/models/fusion_flow_extractor-0.3/output/csv/normal-0927/20250705_172310.csv,4717951,68,0.14590329375588418,,6,train,d3b8a19253c12a68fb861472731303f95298917d07a1fa72f9bd3e3f80a92a04,ef2f4fba35e0f585c5f43f4544e7c335d075f2743fa6cda5bdef95cf98b65f7b
normal:20250705_173057,NonTor,/data1/zcx/ja4tor/data/ja4tor/normal/pcap/20250705_173057.pcap,/data1/zcx/ja4tor/models/fusion_flow_extractor-0.3/output/csv/normal-0927/20250705_173057.csv,3880580,112,0.2353150295237259,,15,test,ca34da351e856eb83dbd84b8be67455d440a37ec22c7aa1e5edd7490a6c3ad3f,540fbd3b39164f93636e9fd6d503dde3a347678cccf03c674c9abf420673d211
normal:20250705_175500,NonTor,/data1/zcx/ja4tor/data/ja4tor/normal/pcap/20250705_175500.pcap,/data1/zcx/ja4tor/models/fusion_flow_extractor-0.3/output/csv/normal-0927/20250705_175500.csv,2773970,36,0.2744115617427533,,121,train,dbb5bc4ff5ba08477a5a9703242737d31a5ff5e48c4686a681ddcb44b2553462,b79bc6bd2b2880d4b798a0552f9ffd3ec69e01f6d1d6b27c74267e1b099fe20b
normal:20250705_175833,NonTor,/data1/zcx/ja4tor/data/ja4tor/normal/pcap/20250705_175833.pcap,/data1/zcx/ja4tor/models/fusion_flow_extractor-0.3/output/csv/normal-0927/20250705_175833.csv,1118546,18,0.21447406072449926,,8,test,5c24ac255bfb35703e18c9a9d79f0a6fcb1d9934725b7f5b65633644a59da7da,e1515be39752291324b9af49b33384452d570b0456d0bcc7398570411b71d38f
normal:20250705_180739,NonTor,/data1/zcx/ja4tor/data/ja4tor/normal/pcap/20250705_180739.pcap,/data1/zcx/ja4tor/models/fusion_flow_extractor-0.3/output/csv/normal-0927/20250705_180739.csv,4002304,49,0.14606691703834135,,7,train,66e26854a9e71875ed91f5f44af66c370a184633b4925a0a6ad581e6cc78598d,861c78093cd4b26529a6ec239cabf52d994e2fc8eefda48da40945d19b84b9d3
normal:20250705_181037,NonTor,/data1/zcx/ja4tor/data/ja4tor/normal/pcap/20250705_181037.pcap,/data1/zcx/ja4tor/models/fusion_flow_extractor-0.3/output/csv/normal-0927/20250705_181037.csv,6399406,82,0.25,,88,train,028389a089d8ebefd3f45e8484093a3a5f0b2d4e7cf577589752f0343283f16b,5e68df0a7d34cbc0660ff181fd45beb444ef6c101bcd0ce46e405b5bc71d91f3
normal:20250705_181905,NonTor,/data1/zcx/ja4tor/data/ja4tor/normal/pcap/20250705_181905.pcap,/data1/zcx/ja4tor/models/fusion_flow_extractor-0.3/output/csv/normal-0927/20250705_181905.csv,1678466,27,0.22936405939766635,,53,train,666bf62134b153d44772479e841f1ac606ff413a9e885c863817e9134a599e33,9cad6885f12b0c4061d4da6df14e4d0b26ed0b8da5457f843cd03c2910aaea8c
normal:20250705_184115,NonTor,/data1/zcx/ja4tor/data/ja4tor/normal/pcap/20250705_184115.pcap,/data1/zcx/ja4tor/models/fusion_flow_extractor-0.3/output/csv/normal-0927/20250705_184115.csv,1906895,48,0.21750740817310768,,44,train,f22a5acf987b3621382155ea37aeee82dfc5ff7a39990dd67496cef0581be630,0dfd54d690c582b51bbee7bcf65f366d2f57ed42d1cde91ca65362631e3e0890
normal:20250705_185119,NonTor,/data1/zcx/ja4tor/data/ja4tor/normal/pcap/20250705_185119.pcap,/data1/zcx/ja4tor/models/fusion_flow_extractor-0.3/output/csv/normal-0927/20250705_185119.csv,4595528,39,0.24217473404269957,,73,train,d8141ac486f5f80b39d8621819b6cfed2c1c593e9f1855d422fc10c514a87739,0829f133ff8f6e135dea822d32022944b19805a2dcd55af39a06a2b0897e287e
normal:20250705_185717,NonTor,/data1/zcx/ja4tor/data/ja4tor/normal/pcap/20250705_185717.pcap,/data1/zcx/ja4tor/models/fusion_flow_extractor-0.3/output/csv/normal-0927/20250705_185717.csv,4312200,123,0.24160530443185516,,21,test,08db4c55b871da36fab291b38e2adecdb9ece489667d92c0af966b300c62b45f,2d936e8715e707c1fcba5887381ce4e29ce6672274392f17160c74caa0e16f36
normal:20250705_190420,NonTor,/data1/zcx/ja4tor/data/ja4tor/normal/pcap/20250705_190420.pcap,/data1/zcx/ja4tor/models/fusion_flow_extractor-0.3/output/csv/normal-0927/20250705_190420.csv,8803745,27,0.25043928025377726,,23,test,57d3603dab4575b20e88969bcc62a36dc82fa9d5641cc38d1c702359baea9b0c,471ac1a4671f41161a5009221fbd6d3a62324b32af6ad37f8ed3932ca15e6f9b
normal:20250705_190441,NonTor,/data1/zcx/ja4tor/data/ja4tor/normal/pcap/20250705_190441.pcap,/data1/zcx/ja4tor/models/fusion_flow_extractor-0.3/output/csv/normal-0927/20250705_190441.csv,1145575,26,0.256084331659493,,96,train,469e5f8731ecedbdb9c4fd9d6e735a1ea8310c3812fce15053a3de552b346ee8,893cd082cc036694d5d74c850f72c9667815d7fddb66e3e835e5c368f127d2d9
normal:20250705_192533,NonTor,/data1/zcx/ja4tor/data/ja4tor/normal/pcap/20250705_192533.pcap,/data1/zcx/ja4tor/models/fusion_flow_extractor-0.3/output/csv/normal-0927/20250705_192533.csv,13767250,29,0.2279722497170022,,11,test,85c38abbd9c8370915aa83bd336a41072174e05165770b9ad6b40565339c2740,2bdafae1ca23d4db08d13766518f8304054d2f415158cdbbaa5a41091ce196b2
normal:20250705_193049,NonTor,/data1/zcx/ja4tor/data/ja4tor/normal/pcap/20250705_193049.pcap,/data1/zcx/ja4tor/models/fusion_flow_extractor-0.3/output/csv/normal-0927/20250705_193049.csv,12616645,120,0.27074338049680063,,115,train,81f1352041aa96044ed07d76a1d6a3de6e83618cd1b74de4c9da949e21e124ea,c6675b31e70834b41b0a7e205376d65216dde9905537a617474dc89c47cb689e
normal:20250705_201416,NonTor,/data1/zcx/ja4tor/data/ja4tor/normal/pcap/20250705_201416.pcap,/data1/zcx/ja4tor/models/fusion_flow_extractor-0.3/output/csv/normal-0927/20250705_201416.csv,1752061,58,0.19307305782842693,,27,train,a5b897b33beb0f036af5eb47550e997e067f1deeddb0f21587a4c88d5513b513,ec75075bf5716a6e8ab10fbc298b2c176813316ee9ba3bcb69bf72da0a1c99e7
normal:20250705_202632,NonTor,/data1/zcx/ja4tor/data/ja4tor/normal/pcap/20250705_202632.pcap,/data1/zcx/ja4tor/models/fusion_flow_extractor-0.3/output/csv/normal-0927/20250705_202632.csv,4767481,75,0.18312115480463576,,4,test,c0531b908d83f78d34ddbc4f531e2a1b2407867a119236c483530008310fdb9c,13cd6ac8b59f3cecbf9e3af1f75e37f69633cf4de628e06406b3ceb8d3d532ce
normal:20250705_203038,NonTor,/data1/zcx/ja4tor/data/ja4tor/normal/pcap/20250705_203038.pcap,/data1/zcx/ja4tor/models/fusion_flow_extractor-0.3/output/csv/normal-0927/20250705_203038.csv,5832289,62,0.27053037058738943,,114,train,b6967c1e173e37c8fbd39e1b54efc819fe761b4cddac8bd49c1189dc01ea477d,b7752108b43696226d3c3d713a5ff5176a6889e2eee80051ded7570bd5a60db2
normal:20250705_203207,NonTor,/data1/zcx/ja4tor/data/ja4tor/normal/pcap/20250705_203207.pcap,/data1/zcx/ja4tor/models/fusion_flow_extractor-0.3/output/csv/normal-0927/20250705_203207.csv,4702916,89,0.21544288089466912,,42,train,14a05520ad253d17347976e83f4b98451f9d333fa750415ed11e784dfb55b652,ede45616b1c22ea6bc67edad0a0a20f48287e91df0e328cb84363d5cb022d77f
normal:20250705_203457,NonTor,/data1/zcx/ja4tor/data/ja4tor/normal/pcap/20250705_203457.pcap,/data1/zcx/ja4tor/models/fusion_flow_extractor-0.3/output/csv/normal-0927/20250705_203457.csv,3130178,16,0.26581384233547534,,110,train,15f096863edc38dedea2c92bafa6fb55b10ab95a17daa451bfdfcb8a6c16d385,1a7ca1a22b515fd8f2f48122bf090fb91a238b580c2388f6d372e2e3de8d1b42
normal:20250705_204008,NonTor,/data1/zcx/ja4tor/data/ja4tor/normal/pcap/20250705_204008.pcap,/data1/zcx/ja4tor/models/fusion_flow_extractor-0.3/output/csv/normal-0927/20250705_204008.csv,8160120,70,0.2584152262736245,,27,test,366c59c0a8a9961114eca6c73882bbcff005e7914fc16df1d566063f88aedbf1,7b1843d6d1a2b2715cc4677bb6438fa0159225c07280b3f857d7ef54903c6b27
normal:20250705_205019,NonTor,/data1/zcx/ja4tor/data/ja4tor/normal/pcap/20250705_205019.pcap,/data1/zcx/ja4tor/models/fusion_flow_extractor-0.3/output/csv/normal-0927/20250705_205019.csv,2407236,49,0.2099201741884456,,36,train,20adf382ecc6c595df1cbc5dde6cefc22be40d7aeff19a67fbc01813b8bad37e,98dea70046c7d44e2a9cf5bdfbc28ae695e01f11abaab2e95a5497eead75a742
normal:20250705_205143,NonTor,/data1/zcx/ja4tor/data/ja4tor/normal/pcap/20250705_205143.pcap,/data1/zcx/ja4tor/models/fusion_flow_extractor-0.3/output/csv/normal-0927/20250705_205143.csv,1681433,26,0.24030894618909376,,20,test,518ad1674a7c150ffb1095e65699ffb9ccd428c52ee12ac10d62403c298603ac,3c994e6d8ac76de9951c3b7bb7e4f103ebfc8bb0ed71645c745d8a7b1b8c73a1
normal:20250705_212451,NonTor,/data1/zcx/ja4tor/data/ja4tor/normal/pcap/20250705_212451.pcap,/data1/zcx/ja4tor/models/fusion_flow_extractor-0.3/output/csv/normal-0927/20250705_212451.csv,560728,27,0.2569299591650737,,98,train,d3191b770a980e42693f906a016c76d7d51371f2d6a7bd00798547e2a5504801,4d92e1bce454e6dda484f542cb0b9a323f8f46181efde0187002350a1f8d982e
normal:20250705_212735,NonTor,/data1/zcx/ja4tor/data/ja4tor/normal/pcap/20250705_212735.pcap,/data1/zcx/ja4tor/models/fusion_flow_extractor-0.3/output/csv/normal-0927/20250705_212735.csv,1959513,38,0.24642970985992557,,12,validation,e257471c54979130d6d47de6379eb6cd39e1c01f9ca84cfd5062a58f06db9dda,b4d055777fef5c8c291a81bf6fb146f8696145b2d64056dd7e8f202349e8fa2c
normal:20250705_215257,NonTor,/data1/zcx/ja4tor/data/ja4tor/normal/pcap/20250705_215257.pcap,/data1/zcx/ja4tor/models/fusion_flow_extractor-0.3/output/csv/normal-0927/20250705_215257.csv,2074378,38,0.2656397960018734,,108,train,6704a443f88edc58c8603fed0a0cdd3ff28a36e30c54f8ba69ca77ba3de4b7b6,435d56bf7aa151e2b90cd0d699b29ebc0885336631977b30af88aed3bf7965c4
normal:20250705_220955,NonTor,/data1/zcx/ja4tor/data/ja4tor/normal/pcap/20250705_220955.pcap,/data1/zcx/ja4tor/models/fusion_flow_extractor-0.3/output/csv/normal-0927/20250705_220955.csv,1609706,34,0.24713924486484784,,81,train,ca1c53270795295bf1ba256ffa64c0e703367a95fb7871b1d3060ffc3e94d51b,943fddbb5a5fb2f0a5e4a2602d7cf6688227e656b8e85b7df5655f885735e3ce
normal:20250705_234123,NonTor,/data1/zcx/ja4tor/data/ja4tor/normal/pcap/20250705_234123.pcap,/data1/zcx/ja4tor/models/fusion_flow_extractor-0.3/output/csv/normal-0927/20250705_234123.csv,8480760,24,0.24379740671990402,,11,validation,286e360cb0b71b3e48a9e17c9f95643dc5bbf079a12b9bbaf9a7963221bb6426,51403990c8ca1fde7d148e30ecf4d78fcc0b16f18960c150aa1d26d4c3345cd2
normal:20250705_234414,NonTor,/data1/zcx/ja4tor/data/ja4tor/normal/pcap/20250705_234414.pcap,/data1/zcx/ja4tor/models/fusion_flow_extractor-0.3/output/csv/normal-0927/20250705_234414.csv,3524033,18,0.2832543386267996,,38,test,5561da67796abd0ab535772ee970616f8006d67048b17ea70cd445af25260874,f5ce98b237422cb3db3c2e653b3a8ad8b1044137c41a32b006aefaa2c4bc9434
normal:20250706_000732,NonTor,/data1/zcx/ja4tor/data/ja4tor/normal/pcap/20250706_000732.pcap,/data1/zcx/ja4tor/models/fusion_flow_extractor-0.3/output/csv/normal-0927/20250706_000732.csv,5120069,87,0.23511789501179103,,59,train,40a136f95652637bb37e20751bb9cbb725ba33b744a47e8b8b37d0d66adbef61,f8b583c5be5d5b8942c05472ce9a519e93e735a4097393b0dbee220afeb0f550
normal:20250706_001247,NonTor,/data1/zcx/ja4tor/data/ja4tor/normal/pcap/20250706_001247.pcap,/data1/zcx/ja4tor/models/fusion_flow_extractor-0.3/output/csv/normal-0927/20250706_001247.csv,1422231,43,0.26234356025154115,,29,test,a998e4aa217ae0bdc400eacb7fbcf1eabce391dba46c67eeca6c3418946722a9,d48f6e79b7380e5e6049d3bb9f51dc23497d2e4f18734553c9edb2bd6578207c
normal:20250706_001317,NonTor,/data1/zcx/ja4tor/data/ja4tor/normal/pcap/20250706_001317.pcap,/data1/zcx/ja4tor/models/fusion_flow_extractor-0.3/output/csv/normal-0927/20250706_001317.csv,14270004,44,0.26946020790353753,,112,train,afef5c6c11ad4384d72119820891225a926d4ea12c5b14f211fd139313944368,a983eabcee492151f62e20b9ee0c0f3e840c2919da0ec42eaa546e507cc9b130
normal:20250706_001403,NonTor,/data1/zcx/ja4tor/data/ja4tor/normal/pcap/20250706_001403.pcap,/data1/zcx/ja4tor/models/fusion_flow_extractor-0.3/output/csv/normal-0927/20250706_001403.csv,7009172,50,0.13849736492209883,,5,train,26090286df26104ffdfbfdb823a8c85ced49fa5731e1b93cbfa09612c67e5fc2,5251887e5c8f7833886ce51a953ee6581c51637909f5a905f933f82d16e8f644
normal:20250706_001924,NonTor,/data1/zcx/ja4tor/data/ja4tor/normal/pcap/20250706_001924.pcap,/data1/zcx/ja4tor/models/fusion_flow_extractor-0.3/output/csv/normal-0927/20250706_001924.csv,3991690,23,0.25162448985870134,,91,train,2220440dfc6fefd398d6652fc0fa69be95b9a952ed2e3249bdb5bc303e568ba3,b4d6fb433eb1da5291a4a5976ce1d2995b3b3dc26d28b49b2e399a0a2414b16a
normal:20250706_002545,NonTor,/data1/zcx/ja4tor/data/ja4tor/normal/pcap/20250706_002545.pcap,/data1/zcx/ja4tor/models/fusion_flow_extractor-0.3/output/csv/normal-0927/20250706_002545.csv,10749911,93,0.2246126666873997,,4,validation,ccfa7e84dd3b500d476d5db27c9200b737b5fefb5df01fdebcaaf6c86eab7d67,88d534d4a4527ac898f1335168d67cdf01d48089805e96aeb75c8fe7d9ebc0e4
normal:20250706_003032,NonTor,/data1/zcx/ja4tor/data/ja4tor/normal/pcap/20250706_003032.pcap,/data1/zcx/ja4tor/models/fusion_flow_extractor-0.3/output/csv/normal-0927/20250706_003032.csv,1956648,50,0.21290698768730867,,2,validation,688ad65c1fbb2c1d166fc0058a86e002d30bc58ca3393d9d84e541c7813a8841,466791c7ac3a82443583ca5f67698baf700f9d1698ee3c577744c8fa750326d8
normal:20250706_003710,NonTor,/data1/zcx/ja4tor/data/ja4tor/normal/pcap/20250706_003710.pcap,/data1/zcx/ja4tor/models/fusion_flow_extractor-0.3/output/csv/normal-0927/20250706_003710.csv,3371475,110,0.21784471801158417,,10,test,8bfdbf8924046959e64da5cf744bafca81cc79774ff286ba06b0a56faa0edc4e,15e507f4c7819c01a88c8d60e3540c7c0dbc4d588a633f6a423237959d71e470
normal:20250706_005039,NonTor,/data1/zcx/ja4tor/data/ja4tor/normal/pcap/20250706_005039.pcap,/data1/zcx/ja4tor/models/fusion_flow_extractor-0.3/output/csv/normal-0927/20250706_005039.csv,8100697,93,0.1938334381309017,,5,test,fb35402071df3370e18a94a495a6b2a8455237c2b70636e76413bbfbfeb4b243,8b5fd89260d514e7909ca761e7161e6897e0cb157e1c894ff58e7bfd37420e25
normal:20250706_005316,NonTor,/data1/zcx/ja4tor/data/ja4tor/normal/pcap/20250706_005316.pcap,/data1/zcx/ja4tor/models/fusion_flow_extractor-0.3/output/csv/normal-0927/20250706_005316.csv,8531515,22,0.28256027605636885,,131,train,b03fb4015db0c77b32be5f90b27291ba521003bb858d069c8d74f88b88f158b4,04e236db36f23f60da32e338fa28913151a91499705151500635ab41dd4969d3
normal:20250706_005338,NonTor,/data1/zcx/ja4tor/data/ja4tor/normal/pcap/20250706_005338.pcap,/data1/zcx/ja4tor/models/fusion_flow_extractor-0.3/output/csv/normal-0927/20250706_005338.csv,1393158,39,0.2379442385644936,,17,test,152f2dfd2ce2d35ae7e0b91a70c3f09e8872e0f5e49097c81c0f89ae4a36389f,e91b5ae8c57712f9d72d7cd1388e04f4e3541afcee8aea0ab3a876d70d7a7d46
normal:20250706_005627,NonTor,/data1/zcx/ja4tor/data/ja4tor/normal/pcap/20250706_005627.pcap,/data1/zcx/ja4tor/models/fusion_flow_extractor-0.3/output/csv/normal-0927/20250706_005627.csv,7291528,27,0.24700046869008443,,79,train,31828b98539ae98bdae40fbe018488681df89264deef72d82506beb5517662a6,8a1523fda868b0c0be581ee30724da51cdf22b608a42ab26bf5b402f31e54ca7
normal:20250706_013249,NonTor,/data1/zcx/ja4tor/data/ja4tor/normal/pcap/20250706_013249.pcap,/data1/zcx/ja4tor/models/fusion_flow_extractor-0.3/output/csv/normal-0927/20250706_013249.csv,7501164,45,0.24844045384259042,,85,train,64fec342b792bb0704b44dc9228ea55e5b12a905585f5275172804547e5e2ee7,6ec43087cdf2898ef41b396bae759b1dcb028e06b8234419776f9197bcde235e
normal:20250706_014525,NonTor,/data1/zcx/ja4tor/data/ja4tor/normal/pcap/20250706_014525.pcap,/data1/zcx/ja4tor/models/fusion_flow_extractor-0.3/output/csv/normal-0927/20250706_014525.csv,5959982,14,0.25,,89,train,ca49a6605f289393829b95de1c435261b5759468cc1270c92b54ad0842238e33,4b0ad4f5553e1b7bab54369410fdcda3fc0f75f7a3bd28efec29c84478cc165e
normal:20250706_015026,NonTor,/data1/zcx/ja4tor/data/ja4tor/normal/pcap/20250706_015026.pcap,/data1/zcx/ja4tor/models/fusion_flow_extractor-0.3/output/csv/normal-0927/20250706_015026.csv,3554861,24,0.2475445922140831,,82,train,9954a5e6965c3759a03dc77d6f52d27e74024f491e7d5c199c03caf5f59e4a84,65bba0662fdd76bde3dcbfcd21dff48f501c41262bec7bdbf9515a59f66d2718
normal:20250706_015325,NonTor,/data1/zcx/ja4tor/data/ja4tor/normal/pcap/20250706_015325.pcap,/data1/zcx/ja4tor/models/fusion_flow_extractor-0.3/output/csv/normal-0927/20250706_015325.csv,5985707,84,0.28394639086474827,,133,train,1417e996569d65c2022b846456d5dcefdefad2e5dc0953ffbff5c874973f7924,487f22906cafd0103a342a9284b0edc324f1ea8b931278459ac1b646bea87cec
normal:20250706_035639,NonTor,/data1/zcx/ja4tor/data/ja4tor/normal/pcap/20250706_035639.pcap,/data1/zcx/ja4tor/models/fusion_flow_extractor-0.3/output/csv/normal-0927/20250706_035639.csv,3908537,29,0.15674217730107565,,12,train,00ce1095532a881c262ad56b09d5b10d0b2f4b4772e704d6dd07272e328f9917,9981c7c5c019a5ecc469ac7e62fbffd005d6ca5232bf044c9260c47ab8b06714
normal:20250706_035959,NonTor,/data1/zcx/ja4tor/data/ja4tor/normal/pcap/20250706_035959.pcap,/data1/zcx/ja4tor/models/fusion_flow_extractor-0.3/output/csv/normal-0927/20250706_035959.csv,2411933,78,0.19546046744962275,,29,train,cece7166fb5dde7ef5afcb70aa4ecca71bbc554ff551ab253d9d04a1ff5810c8,2fcd3faaffabca6d02c924c56110ebc772235b81cba157e61b84f34ab8638476
normal:20250706_051628,NonTor,/data1/zcx/ja4tor/data/ja4tor/normal/pcap/20250706_051628.pcap,/data1/zcx/ja4tor/models/fusion_flow_extractor-0.3/output/csv/normal-0927/20250706_051628.csv,3447401,82,0.2583051711492518,,100,train,350012a85ddc85d5c1663753c5371f6b1fcfadb0b44296d080d78dc89efd7d43,149f1899072ed841cf51adaa2c601180028a2182bda78d7c6883e5b9a0b7008b
normal:20250706_063402,NonTor,/data1/zcx/ja4tor/data/ja4tor/normal/pcap/20250706_063402.pcap,/data1/zcx/ja4tor/models/fusion_flow_extractor-0.3/output/csv/normal-0927/20250706_063402.csv,3886079,27,0.230826497974026,,6,validation,8df81ac588e2bd381a82fe7b5727b3ef5983d40706e6240907b5fa35b1317bac,6a0e6de80c8182158e46b474d4ab4473f27ac862dc288df8ec6645bfba84460a
normal:20250706_063706,NonTor,/data1/zcx/ja4tor/data/ja4tor/normal/pcap/20250706_063706.pcap,/data1/zcx/ja4tor/models/fusion_flow_extractor-0.3/output/csv/normal-0927/20250706_063706.csv,3774099,80,0.2528640513732233,,93,train,aa856996f5666fde4788f4aea0a82dc65cb1cfcbf1f29d0f6cad498ba985d673,b69587495f289808435247cd0a466563f235c7ceae8ffe3a513c74dc57c6cc71
normal:20250706_063732,NonTor,/data1/zcx/ja4tor/data/ja4tor/normal/pcap/20250706_063732.pcap,/data1/zcx/ja4tor/models/fusion_flow_extractor-0.3/output/csv/normal-0927/20250706_063732.csv,3421312,30,0.2622255125624402,,105,train,daf3d8d65b98153f88ae2a3801edfff2cbcf633cb76ed5801663dbd57534a4d0,2ddb5707e721f72f25a6e5e1c05d3b84d2ea5ad5b1bce1e4af5e5926432eb23d
normal:20250706_063834,NonTor,/data1/zcx/ja4tor/data/ja4tor/normal/pcap/20250706_063834.pcap,/data1/zcx/ja4tor/models/fusion_flow_extractor-0.3/output/csv/normal-0927/20250706_063834.csv,6576176,58,0.18132717670623322,,19,train,4d2d0b8871ec32d694ce9a9ce7329dbcf07d964caa19bce32394c8b81de4dd4c,e2f8b6f9214921d7e2e86a3601ad7020c037481841a91dc796f910d40e50aadd
normal:20250706_073100,NonTor,/data1/zcx/ja4tor/data/ja4tor/normal/pcap/20250706_073100.pcap,/data1/zcx/ja4tor/models/fusion_flow_extractor-0.3/output/csv/normal-0927/20250706_073100.csv,3479402,82,0.23127293331834375,,56,train,d0ef74e80dcf626e62a4f9b6c4084c1bf29fa4818831df5c56bc30f80aff533c,447841c4b40656f5eaec9864718d7e208e6d3634b0b04fd3c534084d49dbd558
normal:20250706_082350,NonTor,/data1/zcx/ja4tor/data/ja4tor/normal/pcap/20250706_082350.pcap,/data1/zcx/ja4tor/models/fusion_flow_extractor-0.3/output/csv/normal-0927/20250706_082350.csv,3907237,27,0.2673764321521547,,111,train,983b7fdcca2e15224d8584ed51849a785c62e41fa13cd1d4feef5ab1084689ba,ce6701d6b6f6c484ec126a9fee67c5e3309ef3f4dd6c32dbccdf94814cf045be
normal:20250706_085223,NonTor,/data1/zcx/ja4tor/data/ja4tor/normal/pcap/20250706_085223.pcap,/data1/zcx/ja4tor/models/fusion_flow_extractor-0.3/output/csv/normal-0927/20250706_085223.csv,2351934,76,0.23694516530205595,,64,train,99ecdf1b7f36c1f63eeaf85ead071405f02f7b75d006cf981c84e4f5cc17cef4,46672f2b34a1dbe3f574865b6fc422fa332ff3b3fae39ffd639c3a628e1fabb3
normal:20250706_091456,NonTor,/data1/zcx/ja4tor/data/ja4tor/normal/pcap/20250706_091456.pcap,/data1/zcx/ja4tor/models/fusion_flow_extractor-0.3/output/csv/normal-0927/20250706_091456.csv,1772106,76,0.2655686252905007,,107,train,93fbaeaf7547dbd7c13784d624934627f4736b7040b298a0537bc84007656fb5,0e61c4fd1455123d781653309feaf856d90698c73dbfc122814ada910be6cc1e
normal:20250706_095909,NonTor,/data1/zcx/ja4tor/data/ja4tor/normal/pcap/20250706_095909.pcap,/data1/zcx/ja4tor/models/fusion_flow_extractor-0.3/output/csv/normal-0927/20250706_095909.csv,3902572,47,0.21273120745128057,,7,test,b6fed10067499c75ecb3f34491f1dc7f248752db47d28c2b9f233f30b27f3992,129cb0ddbbfcf7a7166aaf15f41de02b0cacfdc8b43534bbc714f9f377ad891c
normal:20250706_100148,NonTor,/data1/zcx/ja4tor/data/ja4tor/normal/pcap/20250706_100148.pcap,/data1/zcx/ja4tor/models/fusion_flow_extractor-0.3/output/csv/normal-0927/20250706_100148.csv,4471260,78,0.2313272487512506,,57,train,19242188723936b5cbf294c5f92e45656e6967d6cbbfa500cdf57a518ed29703,906f784c38cf490402987a22dd36aecb7a99872dc511972de8881c02ad5ca1b7
normal:20250706_112518,NonTor,/data1/zcx/ja4tor/data/ja4tor/normal/pcap/20250706_112518.pcap,/data1/zcx/ja4tor/models/fusion_flow_extractor-0.3/output/csv/normal-0927/20250706_112518.csv,1617552,56,0.24903121490568547,,87,train,03095321513eef145ae1186ab041386fef333c20dec9efa4c4ef07e736063e45,92751870fb2a0fd6332edbfe51af5e41b137d83d4b99bb9402172a5c3c03aa66
normal:20250706_112903,NonTor,/data1/zcx/ja4tor/data/ja4tor/normal/pcap/20250706_112903.pcap,/data1/zcx/ja4tor/models/fusion_flow_extractor-0.3/output/csv/normal-0927/20250706_112903.csv,1556280,46,0.2722161868125199,,118,train,273e3f64e60193857750df4f5c8a32473cc55a0f8de660d2319312e1e195a5e1,c2ad7c8303ec4bca83d0fa44abf69030a8c3f4f83e1a7cc9e62654d4e9d7c499
normal:20250706_114706,NonTor,/data1/zcx/ja4tor/data/ja4tor/normal/pcap/20250706_114706.pcap,/data1/zcx/ja4tor/models/fusion_flow_extractor-0.3/output/csv/normal-0927/20250706_114706.csv,6799592,26,0.26533004145847444,,30,test,7de786d521d1eb5e46f406fa774eb110be2ea33b15635ff9e0355129338a0d12,b35d4462ed06168487557f3dee9bb7bb2edbcbd123a49f3d6c95c85220268a12
normal:20250706_115132,NonTor,/data1/zcx/ja4tor/data/ja4tor/normal/pcap/20250706_115132.pcap,/data1/zcx/ja4tor/models/fusion_flow_extractor-0.3/output/csv/normal-0927/20250706_115132.csv,2330548,40,0.25,,22,test,428673edfe27e9bf5258e7369ab4901ddcc696874f89e025d1c47fe3245c0d01,9e676dd1fd5c34e705ef8c0d7ee03f7e3c59fd7295d6ff5245825bf06968673e
normal:20250706_123027,NonTor,/data1/zcx/ja4tor/data/ja4tor/normal/pcap/20250706_123027.pcap,/data1/zcx/ja4tor/models/fusion_flow_extractor-0.3/output/csv/normal-0927/20250706_123027.csv,9866442,13,0.2606380671427123,,104,train,0f29f48ad0a09d28ec1167309b5685ec792f20a0270d716a65c164f00b30341f,860bfff966067623188891b976bc21fbfd671cf2d669b7c8056327d8f0a179d5
normal:20250706_125441,NonTor,/data1/zcx/ja4tor/data/ja4tor/normal/pcap/20250706_125441.pcap,/data1/zcx/ja4tor/models/fusion_flow_extractor-0.3/output/csv/normal-0927/20250706_125441.csv,7665841,30,0.1447838806560258,,1,test,7dc14b60c4149767c10cf7bfc169e55648e8d9d187bbe2b4d37675fd698844e4,9f3d933e81faef161ea7fe1c7e905baaa62a73a270092036ebef542cb202d4a9
normal:20250706_125908,NonTor,/data1/zcx/ja4tor/data/ja4tor/normal/pcap/20250706_125908.pcap,/data1/zcx/ja4tor/models/fusion_flow_extractor-0.3/output/csv/normal-0927/20250706_125908.csv,7450625,29,0.23990564613628562,,19,test,9807f6d0794c055907adcb36b196c36dda3e2ef74956207456448cd7633572a7,cab984185313b1877f7e70fdfeb765eed936560d572a8cc320cbb73aeb60478d
normal:20250706_132025,NonTor,/data1/zcx/ja4tor/data/ja4tor/normal/pcap/20250706_132025.pcap,/data1/zcx/ja4tor/models/fusion_flow_extractor-0.3/output/csv/normal-0927/20250706_132025.csv,20374600,58,0.1495950874775843,,2,test,5e2a6a4f532d3369caa1781da43dce573c00840bfa3d977fb61fa3a6866eb796,35d366451bfcd404feb8d877b682164ad9f169a39f3a2d18ed782447d51acae8
normal:20250706_133511,NonTor,/data1/zcx/ja4tor/data/ja4tor/normal/pcap/20250706_133511.pcap,/data1/zcx/ja4tor/models/fusion_flow_extractor-0.3/output/csv/normal-0927/20250706_133511.csv,1133159,29,0.28269944542560665,,18,validation,7460089d816cd8fe9e3db0ceaa19a1b86c56af72669f3b671ebc09243faa87d2,d4568b21daca3610079bd5599db5e0ad3d26720758ed12ce7eed5e8c72ddfb72
normal:20250706_135532,NonTor,/data1/zcx/ja4tor/data/ja4tor/normal/pcap/20250706_135532.pcap,/data1/zcx/ja4tor/models/fusion_flow_extractor-0.3/output/csv/normal-0927/20250706_135532.csv,6310921,54,0.22596036057248903,,49,train,c05c647c965e7391016656210a7f35e5f8b39115d735104d411348abd822bb59,a0d8f8ade9987aba7a06086b62e9a28cbaa74a4a065970374f107375103711f6
normal:20250706_143010,NonTor,/data1/zcx/ja4tor/data/ja4tor/normal/pcap/20250706_143010.pcap,/data1/zcx/ja4tor/models/fusion_flow_extractor-0.3/output/csv/normal-0927/20250706_143010.csv,2725891,35,0.20847101922100336,,6,test,782f32e92362ef6b0e528380aed64e7e5e85252f3def5f1aa67a060790c82edc,391297bd37859ad2e89d0e3a33bbc05d1fdccc409515703c8eecefefc057ac3e
normal:20250706_143341,NonTor,/data1/zcx/ja4tor/data/ja4tor/normal/pcap/20250706_143341.pcap,/data1/zcx/ja4tor/models/fusion_flow_extractor-0.3/output/csv/normal-0927/20250706_143341.csv,4539255,86,0.22685572267800902,,51,train,274d04eea232dafcbb4fce0d271f1111fb915843c2452ddd496170f9d081c0c6,d123e74db24e2905638cca473be5a94fbafa4877db1e4a1bb9f75da4a4233393
normal:20250706_151619,NonTor,/data1/zcx/ja4tor/data/ja4tor/normal/pcap/20250706_151619.pcap,/data1/zcx/ja4tor/models/fusion_flow_extractor-0.3/output/csv/normal-0927/20250706_151619.csv,4264726,54,0.1937904574228438,,28,train,e1913062da057399712250499d8a688f149dfe6b6d61eb1387e0cfee1b59c6ce,f37cdb52d72d487ddcee2e6262626247ac6d3d3cebebfb2e408fcf58dcc03c90
normal:20250706_153313,NonTor,/data1/zcx/ja4tor/data/ja4tor/normal/pcap/20250706_153313.pcap,/data1/zcx/ja4tor/models/fusion_flow_extractor-0.3/output/csv/normal-0927/20250706_153313.csv,8340419,33,0.23008848686961597,,13,test,f35971028773188a912f6862a78f7ba889b21308897b0dba5aef8b9928312b69,a58345b9424c4a511eb1e0cbaa914e60337b76902c7177eb8193b8af0dac9aec
normal:20250706_153651,NonTor,/data1/zcx/ja4tor/data/ja4tor/normal/pcap/20250706_153651.pcap,/data1/zcx/ja4tor/models/fusion_flow_extractor-0.3/output/csv/normal-0927/20250706_153651.csv,6591950,23,0.2564622576756534,,97,train,22d9c879ca993d1e1b96d2c8af1f6592a38afea13fe83b1abdf40d70f12f56ac,2cd6569a24d175a7ac0ed6226bb64e91f98a34d441db3fe45fb4850f8cf95ea9
tor:20250702_130620,Tor,/data1/zcx/ja4tor/data/ja4tor/tor/pcap/20250702_130620.pcap,/data1/zcx/ja4tor/models/fusion_flow_extractor-0.3/output/csv/tor-0927/20250702_130620.csv,1411699,13,0.0,,1,test,dfa5262c6c600171f6979f08ab2836be8bc3c66f618d5dd93c7402cebadba738,0af5fa3219fd3951958165f0426d209c6475063ca9dae7dab05397f3431afdb8
tor:20250702_130908,Tor,/data1/zcx/ja4tor/data/ja4tor/tor/pcap/20250702_130908.pcap,/data1/zcx/ja4tor/models/fusion_flow_extractor-0.3/output/csv/tor-0927/20250702_130908.csv,7491050,13,0.0,,1,train,5f864fe2ba72cfdb9527e98a38c806d7360050ad9233b9762df43a47f763355d,2d39628d184278e1bb4e67fc6d553945f5ea77691bdc3c0dccda70ec7b342c05
tor:20250702_131326,Tor,/data1/zcx/ja4tor/data/ja4tor/tor/pcap/20250702_131326.pcap,/data1/zcx/ja4tor/models/fusion_flow_extractor-0.3/output/csv/tor-0927/20250702_131326.csv,2180791,13,0.0,,2,train,2abb5ae0db75385708e1918b37cc25b19d060f27a3678fe50aac6a21c32480de,06bf384c64eaf8d8a49be380d8e0a598c541cfd8c715504dd9c4736ec733c2ad
tor:20250702_131746,Tor,/data1/zcx/ja4tor/data/ja4tor/tor/pcap/20250702_131746.pcap,/data1/zcx/ja4tor/models/fusion_flow_extractor-0.3/output/csv/tor-0927/20250702_131746.csv,6855146,14,0.0,,1,validation,b03ad00748953297642721e31a07bb21d96f6e6aa280eb4259d2c423521d1c76,ad0f656f89ac2cf45a480ba0010c208a56242dbd0428029f47c72e0d9e19ed03
tor:20250702_133638,Tor,/data1/zcx/ja4tor/data/ja4tor/tor/pcap/20250702_133638.pcap,/data1/zcx/ja4tor/models/fusion_flow_extractor-0.3/output/csv/tor-0927/20250702_133638.csv,1215496,13,0.0,,3,train,3a842898ff883acb7e99c005d8dd0eaf7c5a9a09dd905fbfb9f4bc7698e98d42,044026c0737c9d236f98a4efc32832a512ac4540b099c2c31fba52c1c86bdf08
tor:20250702_134835,Tor,/data1/zcx/ja4tor/data/ja4tor/tor/pcap/20250702_134835.pcap,/data1/zcx/ja4tor/models/fusion_flow_extractor-0.3/output/csv/tor-0927/20250702_134835.csv,1480432,13,0.0,,4,train,a3c650176d9662a76deba0a0fc48e34cbb143e109529404792247de6c0540fd2,0ac61ed3c12034a9c29022c9b3dc8299d6f7e3112d74d8c60312d81361f83a97
tor:20250702_135220,Tor,/data1/zcx/ja4tor/data/ja4tor/tor/pcap/20250702_135220.pcap,/data1/zcx/ja4tor/models/fusion_flow_extractor-0.3/output/csv/tor-0927/20250702_135220.csv,1786216,13,0.0,,2,test,5d1407e55634b5f3447661c3eeb4a9762e1c3a120bf39d6970c407615ec89f59,ddcbf579770aed8d8013129c7a91ba4fb57ec0b68261047dd81744f843fb0301
tor:20250702_140705,Tor,/data1/zcx/ja4tor/data/ja4tor/tor/pcap/20250702_140705.pcap,/data1/zcx/ja4tor/models/fusion_flow_extractor-0.3/output/csv/tor-0927/20250702_140705.csv,4541548,13,0.0,,2,validation,c04fdc4719330b1af2a420193174afa41a7b9d289415c284e6c57c2869356317,df16a30d19322373924e7fc4245ddec55a6d7cf0a9461c9d3f161ffa648057bd
tor:20250702_142233,Tor,/data1/zcx/ja4tor/data/ja4tor/tor/pcap/20250702_142233.pcap,/data1/zcx/ja4tor/models/fusion_flow_extractor-0.3/output/csv/tor-0927/20250702_142233.csv,7648335,14,0.0,,5,train,b0b483bd3db46ace31933e7bccaf8c27d5e50d5a361dab3a18b84b464cd41450,e23ecfa670db46fad2e7e04eb7a1e849476cbe3aaacfe11cfb3147f3c2432bea
tor:20250702_142632,Tor,/data1/zcx/ja4tor/data/ja4tor/tor/pcap/20250702_142632.pcap,/data1/zcx/ja4tor/models/fusion_flow_extractor-0.3/output/csv/tor-0927/20250702_142632.csv,534684,13,0.0,,3,test,5272903ae5bffe8cc989673a6a6938b5188c20445110d295713c7ac2ff37c079,23177aff6d7c58679d6b27994e771c39e023732204842391a0dda0fc32e91383
tor:20250702_145520,Tor,/data1/zcx/ja4tor/data/ja4tor/tor/pcap/20250702_145520.pcap,/data1/zcx/ja4tor/models/fusion_flow_extractor-0.3/output/csv/tor-0927/20250702_145520.csv,3537010,13,0.0,,6,train,ef22cd6f320561843b2cccd364fa7bb0836b6f42c485ce8b68dc270739182809,120447616d43dcf7a6b6501646837021a81bd985ebf7b75a2c54a5230aedb1f3
tor:20250702_151822,Tor,/data1/zcx/ja4tor/data/ja4tor/tor/pcap/20250702_151822.pcap,/data1/zcx/ja4tor/models/fusion_flow_extractor-0.3/output/csv/tor-0927/20250702_151822.csv,3871821,13,0.0,,4,test,ece51f4c9e3ad534594885279e8d977d60080263a4f9181d4674a8bc1218b47b,53b55e960e0e72b5032853392537f8347ea2838c27c4a51989d28aa6d730b7af
tor:20250702_152329,Tor,/data1/zcx/ja4tor/data/ja4tor/tor/pcap/20250702_152329.pcap,/data1/zcx/ja4tor/models/fusion_flow_extractor-0.3/output/csv/tor-0927/20250702_152329.csv,554481,15,0.0,,7,train,009278890dcdfdc851fd4a2bd08befa6e169c56b61fe5c720253185f0096faba,c49231f39f81fcece238cbcacfc781eb3002097f083cd10e05eff316b51728fa
tor:20250702_153144,Tor,/data1/zcx/ja4tor/data/ja4tor/tor/pcap/20250702_153144.pcap,/data1/zcx/ja4tor/models/fusion_flow_extractor-0.3/output/csv/tor-0927/20250702_153144.csv,2749902,16,0.0,,8,train,a998e031db1f0b9649eb2253ef187c1fdb0dedeb2c3f0b4a7fffcf608ceca6e9,8e7ac7bc3622a703fe1301fb75c3f6a18872cfddcf15d523a0338e2aa874758d
tor:20250702_153243,Tor,/data1/zcx/ja4tor/data/ja4tor/tor/pcap/20250702_153243.pcap,/data1/zcx/ja4tor/models/fusion_flow_extractor-0.3/output/csv/tor-0927/20250702_153243.csv,6451421,14,0.0,,9,train,b672bd8fab5fbffd8c33f0c9c2543ca7dd909682a25e5aabe3f8f2ec38ed62cb,d1a03077c6104e06f2aed84910c5b4427e31565af8525ed3c297ebef34849707
tor:20250702_153549,Tor,/data1/zcx/ja4tor/data/ja4tor/tor/pcap/20250702_153549.pcap,/data1/zcx/ja4tor/models/fusion_flow_extractor-0.3/output/csv/tor-0927/20250702_153549.csv,5918279,14,0.0,,10,train,d321f3786a971c7bab8acc64e56a06b71535fc7a46869cf878231e5dca2060db,e27dea06f2a89b2710b20b9cb3c47d949c66573ea69710f56ad7c8c6bae0f5cc
tor:20250702_153904,Tor,/data1/zcx/ja4tor/data/ja4tor/tor/pcap/20250702_153904.pcap,/data1/zcx/ja4tor/models/fusion_flow_extractor-0.3/output/csv/tor-0927/20250702_153904.csv,6630820,17,0.0,,5,test,175df4cb314b7b2dc6b2cf4afb4dbb0cbf719f668266f0e20a436088ea1902bf,391e42985d86e5f30bc8f15b39f4d52ab29cd1e284db17dba06055c96b0b8cba
tor:20250702_153954,Tor,/data1/zcx/ja4tor/data/ja4tor/tor/pcap/20250702_153954.pcap,/data1/zcx/ja4tor/models/fusion_flow_extractor-0.3/output/csv/tor-0927/20250702_153954.csv,17883421,15,0.0,,11,train,921ab3082db5847050bfb9bccdbd7c26a80dd0e522425dc11700bca02469ad1e,8392c262b21b3480b4c991bddeacda5b80e26cba2a8f2d3fc91c3d114f17fea3
tor:20250702_154048,Tor,/data1/zcx/ja4tor/data/ja4tor/tor/pcap/20250702_154048.pcap,/data1/zcx/ja4tor/models/fusion_flow_extractor-0.3/output/csv/tor-0927/20250702_154048.csv,3725251,13,0.0,,6,test,69e0daabd220f3fae7a60be8437ff74bac27a8ba65af12b882274292df8349e0,de1c5798bd7bc264a1fa55d8aaa06faeeedf7a38efac37d821c2453ead552f4f
tor:20250702_154242,Tor,/data1/zcx/ja4tor/data/ja4tor/tor/pcap/20250702_154242.pcap,/data1/zcx/ja4tor/models/fusion_flow_extractor-0.3/output/csv/tor-0927/20250702_154242.csv,574503,15,0.0,,12,train,c9cff710c3d20439f8bbaeee1e2007f07b331f1e3cffd90911e67e15c1bc8a82,6c207686d589da5d416106d7ca707e7b9e0053f2b845d8058d2329b3ae7d09b2
tor:20250702_154451,Tor,/data1/zcx/ja4tor/data/ja4tor/tor/pcap/20250702_154451.pcap,/data1/zcx/ja4tor/models/fusion_flow_extractor-0.3/output/csv/tor-0927/20250702_154451.csv,14562284,17,0.0,,7,test,139a59e5bffec2d0cb1b8547f55aa38bc1b9a3aa795e0b2bfd6d8bd7fc916642,e2037eba4a80e381cecf74c98071307ff7dffca005491b1b86e1737c36fd3531
tor:20250702_154827,Tor,/data1/zcx/ja4tor/data/ja4tor/tor/pcap/20250702_154827.pcap,/data1/zcx/ja4tor/models/fusion_flow_extractor-0.3/output/csv/tor-0927/20250702_154827.csv,5073551,16,0.0,,13,train,e4d6e9242360be62269fff4d46d50e1f81c59378cf9bfccb8424ea652ed9028f,06815bc55b2fe2157491fe3650ee83854456c0586db8a375e3764647c9114053
tor:20250702_154926,Tor,/data1/zcx/ja4tor/data/ja4tor/tor/pcap/20250702_154926.pcap,/data1/zcx/ja4tor/models/fusion_flow_extractor-0.3/output/csv/tor-0927/20250702_154926.csv,8971475,17,0.0,,3,validation,ec2ff1fecf351814ba9c2b8f76b057eb67ed271747c667787f67f505766b433e,bc31bb1e8bb6c5c7d0120d6cc0e2c2929b1a41f1d0cccf2c7677b904de97ae0b
tor:20250702_155102,Tor,/data1/zcx/ja4tor/data/ja4tor/tor/pcap/20250702_155102.pcap,/data1/zcx/ja4tor/models/fusion_flow_extractor-0.3/output/csv/tor-0927/20250702_155102.csv,4831270,16,0.0,,8,test,7b5e2469fddd9fdb36630336c5495866dc2d51386afe28a3e6ba8f46416524d0,0254a2fc938b7020719a4f7a62684c2601e184d3efe0674f3f00d8d0a762893a
tor:20250702_155733,Tor,/data1/zcx/ja4tor/data/ja4tor/tor/pcap/20250702_155733.pcap,/data1/zcx/ja4tor/models/fusion_flow_extractor-0.3/output/csv/tor-0927/20250702_155733.csv,4514684,13,0.0,,14,train,94e1780f2c16001a287c36c65d96ec1441e1bb1bba7ac32645419a48c40b05c4,10b194f953cb7a768360542a28da55c724fdd83e7f0547d6e31045093c55f91e
tor:20250702_155932,Tor,/data1/zcx/ja4tor/data/ja4tor/tor/pcap/20250702_155932.pcap,/data1/zcx/ja4tor/models/fusion_flow_extractor-0.3/output/csv/tor-0927/20250702_155932.csv,3659095,13,0.0,,15,train,99efd53d57da13f8ca67b4f2f13d69b643df5b199de0b7f9b1d8f41eafbe6007,1cefd598a67aa6780cbeeeae3cf3ea31fd7fdb384bd0bc66173fceff2b2f0b30
tor:20250702_160611,Tor,/data1/zcx/ja4tor/data/ja4tor/tor/pcap/20250702_160611.pcap,/data1/zcx/ja4tor/models/fusion_flow_extractor-0.3/output/csv/tor-0927/20250702_160611.csv,7365349,18,0.0,,4,validation,21a6e78d73f5a08e4e27aab2221d2c867603ab5f1f46a71d9ff119b0fd2adb92,e5d927b21b028ea4dae421a3877b6c7fc6d8775d1da914e4dd547a683c5d09f8
tor:20250702_160708,Tor,/data1/zcx/ja4tor/data/ja4tor/tor/pcap/20250702_160708.pcap,/data1/zcx/ja4tor/models/fusion_flow_extractor-0.3/output/csv/tor-0927/20250702_160708.csv,2575136,13,0.0,,16,train,10c4a12ed3d3c602bd5d967edfaa8419e94d156b57901f3c61b16e4cd21c801b,9354eba6b07d85d31cfffb6f1090d03a4c32591b534ba598cc27b0842f5630e1
tor:20250702_161007,Tor,/data1/zcx/ja4tor/data/ja4tor/tor/pcap/20250702_161007.pcap,/data1/zcx/ja4tor/models/fusion_flow_extractor-0.3/output/csv/tor-0927/20250702_161007.csv,3833771,17,0.0,,17,train,b08dd2e58044499f70be413365bdbafab90cc1ab413a385fbda9750aed2c7703,18ffc675db026c3724cb89870602a5506152a2746f6ecc713e1f1310422fe58f
tor:20250702_161056,Tor,/data1/zcx/ja4tor/data/ja4tor/tor/pcap/20250702_161056.pcap,/data1/zcx/ja4tor/models/fusion_flow_extractor-0.3/output/csv/tor-0927/20250702_161056.csv,1930244,14,0.0,,18,train,206f605bc8bc15bcc9b355ace995b7c9d20253cb5cff6f7c6f96736f74d11bd6,01eff5325f5b463d41f57d39bdb7e1e36d85c2a1ba43d36a36b4b2babbc88fdd
tor:20250702_161411,Tor,/data1/zcx/ja4tor/data/ja4tor/tor/pcap/20250702_161411.pcap,/data1/zcx/ja4tor/models/fusion_flow_extractor-0.3/output/csv/tor-0927/20250702_161411.csv,1241199,15,0.0,,19,train,21437698b330276b9f381ee4b8d8418e59ab91674b759fceeba4ccfc4d7cb356,0ce2e66bb90d729250b1a6d158997ac088ef62fb82c268242eeb22d2ecb6164e
tor:20250702_161841,Tor,/data1/zcx/ja4tor/data/ja4tor/tor/pcap/20250702_161841.pcap,/data1/zcx/ja4tor/models/fusion_flow_extractor-0.3/output/csv/tor-0927/20250702_161841.csv,2431248,13,0.0,,20,train,da13880f485e44715ab2d582c84a27a302a4317144b64c3c165ebacd19d68d9c,518ede0fd76ef50c85e2175a5f500632ff747ae37edef9723f019b7862b548d4
tor:20250702_162016,Tor,/data1/zcx/ja4tor/data/ja4tor/tor/pcap/20250702_162016.pcap,/data1/zcx/ja4tor/models/fusion_flow_extractor-0.3/output/csv/tor-0927/20250702_162016.csv,6240427,15,0.0,,5,validation,5c9cf45ac865907516fdb3ad54d4f61b39afe4b1421945112fd9fa76b2d932d9,8f134685e127e94697ff2cd883bbb175a2decd9c891fd0ef4c7865b4392149aa
tor:20250702_162705,Tor,/data1/zcx/ja4tor/data/ja4tor/tor/pcap/20250702_162705.pcap,/data1/zcx/ja4tor/models/fusion_flow_extractor-0.3/output/csv/tor-0927/20250702_162705.csv,1417433,13,0.0,,21,train,813641a85cfe002f9a4e3004acc42c81a88774d866131b393660d46abc800a6b,308123070b916507fb756137d6446a89b251f32d690950e88e12568785ba45d9
tor:20250702_163003,Tor,/data1/zcx/ja4tor/data/ja4tor/tor/pcap/20250702_163003.pcap,/data1/zcx/ja4tor/models/fusion_flow_extractor-0.3/output/csv/tor-0927/20250702_163003.csv,6210141,15,0.0,,22,train,ab729ee910e329c0901e2d0d96210a25f18889465d3a20dcbda178d471548826,91719fca5fbcb2a8c6001ac5ed057f8049552640dd732700757a8203ff05a394
tor:20250702_163202,Tor,/data1/zcx/ja4tor/data/ja4tor/tor/pcap/20250702_163202.pcap,/data1/zcx/ja4tor/models/fusion_flow_extractor-0.3/output/csv/tor-0927/20250702_163202.csv,15622191,17,0.0,,23,train,c37d1c93200683192fd8eef050b2f4599360b59dcbd9821635913f6c1a7b3dd2,009dfe3d9837f7744e8032af1d240fb543ff8d313c0ae6618fa220e64a339366
tor:20250702_163340,Tor,/data1/zcx/ja4tor/data/ja4tor/tor/pcap/20250702_163340.pcap,/data1/zcx/ja4tor/models/fusion_flow_extractor-0.3/output/csv/tor-0927/20250702_163340.csv,3796278,12,0.0,,24,train,1a6329f33b22e463a753720f75d3bba4d12e9e2a181c085eb15a3cdce8cee72f,d4be2e103152e776eed38d5345f4e5c0407660bce07822ae4c0e2063ba577a9e
tor:20250702_163935,Tor,/data1/zcx/ja4tor/data/ja4tor/tor/pcap/20250702_163935.pcap,/data1/zcx/ja4tor/models/fusion_flow_extractor-0.3/output/csv/tor-0927/20250702_163935.csv,4131524,15,0.0,,25,train,300acb9cfe2c4d2d67fe09cb84b1ad9bc51bf37ea3653c07a821637bc1c0e9c2,b360b5aad7addd689bb72897ecb5c407c154f6448627f317aa9ded04359fc659
tor:20250702_165120,Tor,/data1/zcx/ja4tor/data/ja4tor/tor/pcap/20250702_165120.pcap,/data1/zcx/ja4tor/models/fusion_flow_extractor-0.3/output/csv/tor-0927/20250702_165120.csv,6843368,15,0.0,,26,train,3e3e965312e800c48976528ef528db1e9dd5b039f588e79c3a6d3c967d356ac4,db04a48c3a6f76110aa3177a6f64fbf4f1879cd7b3b4af8bcd23136fc482fdc5
tor:20250702_165452,Tor,/data1/zcx/ja4tor/data/ja4tor/tor/pcap/20250702_165452.pcap,/data1/zcx/ja4tor/models/fusion_flow_extractor-0.3/output/csv/tor-0927/20250702_165452.csv,8378092,14,0.0,,27,train,7df4e9a2f1454e6c40b4d0039384726d7e2c1469dcdaf7af85dc2661d6843ec3,e8237e50c0ca3c2c7e4b3e8558d75f2733e961ae8d8820d4d0c47c85dee56ae2
tor:20250702_165553,Tor,/data1/zcx/ja4tor/data/ja4tor/tor/pcap/20250702_165553.pcap,/data1/zcx/ja4tor/models/fusion_flow_extractor-0.3/output/csv/tor-0927/20250702_165553.csv,18991178,20,0.0,,28,train,b89edede36a30478bf37c6ab291d1a6686f7e4a5b25f52ae0d69004a627849fd,6bd36759085eda73c8c43c48f6ca69f744f4445f6c17a3c1208681f7c724c516
tor:20250702_165828,Tor,/data1/zcx/ja4tor/data/ja4tor/tor/pcap/20250702_165828.pcap,/data1/zcx/ja4tor/models/fusion_flow_extractor-0.3/output/csv/tor-0927/20250702_165828.csv,916443,12,0.0,,29,train,2163a4dbbf5f3f618510707a2adb487e3436ab7de30781a2e73f33f95e818700,6ac8f52e087228f6e36818be7539d457566c6c5121e661cd8899f3812208f8d5
tor:20250702_170534,Tor,/data1/zcx/ja4tor/data/ja4tor/tor/pcap/20250702_170534.pcap,/data1/zcx/ja4tor/models/fusion_flow_extractor-0.3/output/csv/tor-0927/20250702_170534.csv,16426562,19,0.0,,30,train,274020a1e946087b0f82dd77d624b992e8315c5ef0492ae870056e231615437a,7bd35f47b65437da7237e633e6e6e7eda8b17d1540c9f2f42ce0807cd430afcb
tor:20250702_170943,Tor,/data1/zcx/ja4tor/data/ja4tor/tor/pcap/20250702_170943.pcap,/data1/zcx/ja4tor/models/fusion_flow_extractor-0.3/output/csv/tor-0927/20250702_170943.csv,9393294,16,0.0,,9,test,f8637d538116700d358d316ca49198ef2a7877643299a52af2513d48d20b05d2,b6e6124cb14a9267309c7d9303dfaa3e9c31b2b516623ab1cd2be33cdb94d0e1
tor:20250702_171123,Tor,/data1/zcx/ja4tor/data/ja4tor/tor/pcap/20250702_171123.pcap,/data1/zcx/ja4tor/models/fusion_flow_extractor-0.3/output/csv/tor-0927/20250702_171123.csv,4028924,13,0.0,,10,test,b9489640a5321c12efe6efdb3064d306890c4cb8a92f265a01db7db449cef025,b5f947e053f8a7bda21e0866f5a14d78222e9e3b8092ba37d5777b5c6580d280
tor:20250702_171351,Tor,/data1/zcx/ja4tor/data/ja4tor/tor/pcap/20250702_171351.pcap,/data1/zcx/ja4tor/models/fusion_flow_extractor-0.3/output/csv/tor-0927/20250702_171351.csv,537716,13,0.0,,31,train,be8f7f07f6db4c45fdbeb281da2973e4a66d2100da22e443b835cb149064345f,c191ba526a83ca39e3ea1b5592cc58ab5e90830747ed7ff355da23a9a5c74657
tor:20250702_171453,Tor,/data1/zcx/ja4tor/data/ja4tor/tor/pcap/20250702_171453.pcap,/data1/zcx/ja4tor/models/fusion_flow_extractor-0.3/output/csv/tor-0927/20250702_171453.csv,14172086,20,0.0,,32,train,41319ebbf42e2108b3883b63e991433382a51241afc6808ace440d908e8cb9ff,cc116991423615f1db824d3c6a684334c9f8d1b0b3ce60ce61cc619bc86ae5d6
tor:20250702_171907,Tor,/data1/zcx/ja4tor/data/ja4tor/tor/pcap/20250702_171907.pcap,/data1/zcx/ja4tor/models/fusion_flow_extractor-0.3/output/csv/tor-0927/20250702_171907.csv,7505751,16,0.0,,11,test,884c479f5d8d905a0e8adac190a865c7d2cfac8e61fc23dae75cebca79a031ba,bbe11228d9280c0258750bd32d8ecd0413d65e4818dcaeefb498411a83647023
tor:20250702_172120,Tor,/data1/zcx/ja4tor/data/ja4tor/tor/pcap/20250702_172120.pcap,/data1/zcx/ja4tor/models/fusion_flow_extractor-0.3/output/csv/tor-0927/20250702_172120.csv,9814810,17,0.0,,12,test,d800101ff88e7e60478dee52b256f0d7ee21281bd0f72e17d1a056f931c43b57,b8cb7af812c710254aa1ab7cde01c38fb286870738243eb646a2029fa0a61908
tor:20250702_172456,Tor,/data1/zcx/ja4tor/data/ja4tor/tor/pcap/20250702_172456.pcap,/data1/zcx/ja4tor/models/fusion_flow_extractor-0.3/output/csv/tor-0927/20250702_172456.csv,3833918,16,0.0,,33,train,1236b1a435ebfb37598d0a757772c6e15c4e6355dc966fb1e30a2a1dc444382b,c43c1d501a950fa34b36e28fdb0ce1af1f3c011a8838801b6f1580881aee0595
tor:20250702_172738,Tor,/data1/zcx/ja4tor/data/ja4tor/tor/pcap/20250702_172738.pcap,/data1/zcx/ja4tor/models/fusion_flow_extractor-0.3/output/csv/tor-0927/20250702_172738.csv,6399306,13,0.0,,34,train,3c0aeb429d9cea2f1c4540c5a7f01819ac996af59c179511a93839fd21876df3,d91731c1f70e705ad5ef3f52a9f93125de6da456c616028c762d3c901a256882
tor:20250702_172917,Tor,/data1/zcx/ja4tor/data/ja4tor/tor/pcap/20250702_172917.pcap,/data1/zcx/ja4tor/models/fusion_flow_extractor-0.3/output/csv/tor-0927/20250702_172917.csv,1453981,17,0.0,,35,train,c48ec042af1422acb3dc1bf21e7d079011a0ab5b486e06e80f10e9e41f4667f1,1af848fb4b9c2d452d428ac3c7b402b0bae9690f8d2b555aec19c52f69f86c1c
tor:20250702_173426,Tor,/data1/zcx/ja4tor/data/ja4tor/tor/pcap/20250702_173426.pcap,/data1/zcx/ja4tor/models/fusion_flow_extractor-0.3/output/csv/tor-0927/20250702_173426.csv,7819895,14,0.0,,6,validation,e297d33e45635a7f08b842f618eef9fbdfaf2e4efd731ad6fe38e98f65964c56,864fe28c6703a0fd375eb72b373b28f91ee45b6be358602e47580c9dfcd493ca
tor:20250702_173750,Tor,/data1/zcx/ja4tor/data/ja4tor/tor/pcap/20250702_173750.pcap,/data1/zcx/ja4tor/models/fusion_flow_extractor-0.3/output/csv/tor-0927/20250702_173750.csv,5669250,17,0.0,,36,train,2a3c1a1b7d587116c9223398bfbfd93c1feef573a7b4d3f000958888ed0697c0,bb37b73c7b1e47e802ce21737cd32fc92d50a8e49968b7e65e6679c6432dd410
tor:20250702_173838,Tor,/data1/zcx/ja4tor/data/ja4tor/tor/pcap/20250702_173838.pcap,/data1/zcx/ja4tor/models/fusion_flow_extractor-0.3/output/csv/tor-0927/20250702_173838.csv,1729087,12,0.0,,7,validation,7b2eb650c2b25ca56157d8b78dd14fbd05eb717d1bb8f8f9a5b71be6117c6af3,ee993a278b6da03118ac40e7a3fccf638f6aa0dcdc4c5fc99c5d662dbfc6dedb
tor:20250702_173931,Tor,/data1/zcx/ja4tor/data/ja4tor/tor/pcap/20250702_173931.pcap,/data1/zcx/ja4tor/models/fusion_flow_extractor-0.3/output/csv/tor-0927/20250702_173931.csv,5081151,15,0.0,,37,train,97d2af055e16b454a6f5a85ef4c0d0d111a76e9818f746efa6e03e8e75ec58bf,51d162d9e7125a180d1400d564b59fa40d43c532ed7187a59f322fc9b8fcc66b
tor:20250702_174106,Tor,/data1/zcx/ja4tor/data/ja4tor/tor/pcap/20250702_174106.pcap,/data1/zcx/ja4tor/models/fusion_flow_extractor-0.3/output/csv/tor-0927/20250702_174106.csv,4963503,15,0.0,,38,train,776c4a16d8f18fdf31198a5a15a32fa04db00a9ef611e4439a581fe052e25394,864918e0a67db588a2755d05973557509ac316f9388c485ed151b5f249c66631
tor:20250702_174150,Tor,/data1/zcx/ja4tor/data/ja4tor/tor/pcap/20250702_174150.pcap,/data1/zcx/ja4tor/models/fusion_flow_extractor-0.3/output/csv/tor-0927/20250702_174150.csv,4827909,10,0.0,,39,train,8414cacd3a1931343307d75301cd470843aa9f2c0f4eded732149d26aa7c0c26,316cb4d8799e7623b11eb547c648ebeee37ab97bc58ed75b68ac674b4bbe29d8
tor:20250702_174251,Tor,/data1/zcx/ja4tor/data/ja4tor/tor/pcap/20250702_174251.pcap,/data1/zcx/ja4tor/models/fusion_flow_extractor-0.3/output/csv/tor-0927/20250702_174251.csv,16796645,15,0.0,,40,train,8a58bf13e026372a4ebd129e7324e04e7155d1e0fdaa2c6cef385fa11d037bd4,d991c3743c3b2b2710b95d6ce5db9e77eb88999569542fc7fdf5f2e7f1528b91
tor:20250702_174444,Tor,/data1/zcx/ja4tor/data/ja4tor/tor/pcap/20250702_174444.pcap,/data1/zcx/ja4tor/models/fusion_flow_extractor-0.3/output/csv/tor-0927/20250702_174444.csv,3838644,13,0.0,,41,train,1ca5e136da7739d299c7e5fad90b3a6a7baa675e5b0370af047785834ab66bd9,ff32e87f28a40dbe28b658d4978798887e506ead256f8fed6c52d86c15e3f16d
tor:20250702_174715,Tor,/data1/zcx/ja4tor/data/ja4tor/tor/pcap/20250702_174715.pcap,/data1/zcx/ja4tor/models/fusion_flow_extractor-0.3/output/csv/tor-0927/20250702_174715.csv,3849849,11,0.0,,42,train,3253fee55d60415d0bbe628595464ccca794db65997a9ba0641631a7f220f276,efce27d18c7ff4f5ac94b84f0c7e23b58b16498ae6f97dc1d422573c5816aa01
tor:20250702_175249,Tor,/data1/zcx/ja4tor/data/ja4tor/tor/pcap/20250702_175249.pcap,/data1/zcx/ja4tor/models/fusion_flow_extractor-0.3/output/csv/tor-0927/20250702_175249.csv,9989908,17,0.0,,43,train,878aa11a7b1e1534ffbc8ae5c3f961f08c9fc31317afb7026a592137fcbce77c,495a9e1af01f00445ccac86cb92726bad1bdd97a08566b9b2eec3dc9dab5db21
tor:20250702_175824,Tor,/data1/zcx/ja4tor/data/ja4tor/tor/pcap/20250702_175824.pcap,/data1/zcx/ja4tor/models/fusion_flow_extractor-0.3/output/csv/tor-0927/20250702_175824.csv,8612666,18,0.0,,44,train,856ead15326f0a7a40d67f1477ed282f2f8d01e10acfca0805704c87dde778e4,9ccb7472b4403f2464190ee3c87c99e9678a921a1d0b94d5061c4c2e1095d938
tor:20250702_175918,Tor,/data1/zcx/ja4tor/data/ja4tor/tor/pcap/20250702_175918.pcap,/data1/zcx/ja4tor/models/fusion_flow_extractor-0.3/output/csv/tor-0927/20250702_175918.csv,5919584,14,0.0,,8,validation,f2d2f2e11b5eb0cbb4810cfd6a647b70676da52aca759ba6acc33f4271dec09c,9919fe4b5305bd0b2cb44d7a9645603bb4fca7984ab5dbae63a26aa0e0f59ab7
tor:20250702_180235,Tor,/data1/zcx/ja4tor/data/ja4tor/tor/pcap/20250702_180235.pcap,/data1/zcx/ja4tor/models/fusion_flow_extractor-0.3/output/csv/tor-0927/20250702_180235.csv,2757744,15,0.0,,45,train,ffe2b83188f908af3f6e8e6f33ebf086c58fdd4fc573030988cfb6017b14c9c1,0dc10600a5febbeb57a943e31fddb3fc0fd0e30573b464530f94ca98ad26d0bf
tor:20250702_180444,Tor,/data1/zcx/ja4tor/data/ja4tor/tor/pcap/20250702_180444.pcap,/data1/zcx/ja4tor/models/fusion_flow_extractor-0.3/output/csv/tor-0927/20250702_180444.csv,4213417,16,0.0,,9,validation,08e069da787c7bb4959724c811d9fab6a9d1549222ce235e53140d1f53e67612,045e0a0cd9da923b300116c4ebed33dead352158b081b7ea44d217bcec5884e5
tor:20250702_180624,Tor,/data1/zcx/ja4tor/data/ja4tor/tor/pcap/20250702_180624.pcap,/data1/zcx/ja4tor/models/fusion_flow_extractor-0.3/output/csv/tor-0927/20250702_180624.csv,19325608,17,0.0,,46,train,e14078292e7616305e1d0ef0d76fb7eb9f63ef58c5e1a758544ed4ab59d62e15,c119866ee939ba61eea437ee713e16928a7bb014eb901c999f11aa1ba711a4cb
tor:20250702_180708,Tor,/data1/zcx/ja4tor/data/ja4tor/tor/pcap/20250702_180708.pcap,/data1/zcx/ja4tor/models/fusion_flow_extractor-0.3/output/csv/tor-0927/20250702_180708.csv,3542833,13,0.0,,47,train,3e6ce8f0511d22fe4390c0ad777bce8d102dbffdc5eb5854885ccc64cbe6fd1f,f0a465c93daab31b126ce6d1eade690ae482d6eacffdda6e307329ffbbcc3f8a
tor:20250702_180801,Tor,/data1/zcx/ja4tor/data/ja4tor/tor/pcap/20250702_180801.pcap,/data1/zcx/ja4tor/models/fusion_flow_extractor-0.3/output/csv/tor-0927/20250702_180801.csv,7742723,17,0.0,,13,test,4f44afb11ece58fecadd95ae10ae1d0fd5eaacd038908457669be323faf32561,a12505530c28ad0a58e31279c38eb3926cee785177a0e66f4079373e3edfaf8c
tor:20250702_180840,Tor,/data1/zcx/ja4tor/data/ja4tor/tor/pcap/20250702_180840.pcap,/data1/zcx/ja4tor/models/fusion_flow_extractor-0.3/output/csv/tor-0927/20250702_180840.csv,1025600,12,0.0,,48,train,2b1b70646473a6944a421c31f912048c426983967379ad35fdeeeb3ac3b2fee8,bb474320d2a7a085ed7d9e9c8d1c7811909e787291a9f87b8df49583e5826e33
tor:20250702_181335,Tor,/data1/zcx/ja4tor/data/ja4tor/tor/pcap/20250702_181335.pcap,/data1/zcx/ja4tor/models/fusion_flow_extractor-0.3/output/csv/tor-0927/20250702_181335.csv,8975483,15,0.0,,14,test,fdb62af2a7f99e921a42194ecb0fa033d4d899a1ff1148dc7bce2a034264c705,3c8ca69bec20a185f6c600b072db658f409b1ea0b28b52b82aeb6b12be763efe
tor:20250702_181430,Tor,/data1/zcx/ja4tor/data/ja4tor/tor/pcap/20250702_181430.pcap,/data1/zcx/ja4tor/models/fusion_flow_extractor-0.3/output/csv/tor-0927/20250702_181430.csv,5118482,15,0.0,,49,train,3c7ad4218c1a47aad8fc640608a9a7c405bd52a27c8b56464f1dd28f6ad94f25,25c68c3529bc4aaa04e347d3efb10c0779448c0ec4a5f3ad9ea49ace061e7971
tor:20250702_181527,Tor,/data1/zcx/ja4tor/data/ja4tor/tor/pcap/20250702_181527.pcap,/data1/zcx/ja4tor/models/fusion_flow_extractor-0.3/output/csv/tor-0927/20250702_181527.csv,9683372,18,0.0,,50,train,519b1eb5aa64968c0ec15d6a3f194174ddac1925edfb1b4f4bf5a9bb82d06353,b2ccfe93bc8f816c11808c82dd8b9fa0b3265fdd4b29963b0a36d1f706cd744f
tor:20250702_181859,Tor,/data1/zcx/ja4tor/data/ja4tor/tor/pcap/20250702_181859.pcap,/data1/zcx/ja4tor/models/fusion_flow_extractor-0.3/output/csv/tor-0927/20250702_181859.csv,7827427,21,0.0,,51,train,1574fbc725cc7f2857911e75381d0841dfa64240bdb66948497ee05b5ec56539,4f7f992aecd6b3b223ba8363560fc2bc8f29b182529bf151f75b8585b03c1f25
tor:20250702_181946,Tor,/data1/zcx/ja4tor/data/ja4tor/tor/pcap/20250702_181946.pcap,/data1/zcx/ja4tor/models/fusion_flow_extractor-0.3/output/csv/tor-0927/20250702_181946.csv,9510652,14,0.0,,52,train,365339a23ec7e9d1079782b8d4481969bee5b84d40163b5fb3c75aaefa3ba597,21b6e1cd6e6a872567744e63d829f09857d26fe45563d226da5616271afb29e2
tor:20250702_182301,Tor,/data1/zcx/ja4tor/data/ja4tor/tor/pcap/20250702_182301.pcap,/data1/zcx/ja4tor/models/fusion_flow_extractor-0.3/output/csv/tor-0927/20250702_182301.csv,5324495,15,0.0,,53,train,99d1c6d0c6fbb12908430985be6fcf2c6e6204481c43012583f497fbbceeaf64,f181183f22cb9a7e3feb5dc50c014e8a209ee06725580610f74194eae38fd4d6
tor:20250702_182751,Tor,/data1/zcx/ja4tor/data/ja4tor/tor/pcap/20250702_182751.pcap,/data1/zcx/ja4tor/models/fusion_flow_extractor-0.3/output/csv/tor-0927/20250702_182751.csv,5475532,13,0.0,,54,train,2d487ae363c254638f93b29bca53b344d660073f29e3619c506ed83a88a981b1,bf767846b8def25cee236eb9e299150b12fa4e46f777b03d0e78b4edb1a98909
tor:20250702_183317,Tor,/data1/zcx/ja4tor/data/ja4tor/tor/pcap/20250702_183317.pcap,/data1/zcx/ja4tor/models/fusion_flow_extractor-0.3/output/csv/tor-0927/20250702_183317.csv,2451763,17,0.0,,55,train,b1b686f2562339e412e57169ecab90ffa64fd69564a3b8bcc8c9146a89cb546f,08435102753123bebb3fb6f9300779fd804e52ea15ff5d4bc73eb0595fd4db17
tor:20250702_183507,Tor,/data1/zcx/ja4tor/data/ja4tor/tor/pcap/20250702_183507.pcap,/data1/zcx/ja4tor/models/fusion_flow_extractor-0.3/output/csv/tor-0927/20250702_183507.csv,1145188,15,0.0,,56,train,674e47f03e95d878d7b78536a613b4f3cd26c63f3f1a31a16d80a3b06dc543be,bfa1df431048b001c0f92e291b58e194c7cdf2d69cd62b13a9c03093c63f24b3
tor:20250702_183605,Tor,/data1/zcx/ja4tor/data/ja4tor/tor/pcap/20250702_183605.pcap,/data1/zcx/ja4tor/models/fusion_flow_extractor-0.3/output/csv/tor-0927/20250702_183605.csv,3767108,19,0.0,,57,train,3990d897dfd29d1d1b2735fab73182fc4b2d345092899b0e8180e035262fb7e6,844d1c081dd18911afbe853c29997ab7d783cc1178e01847c0697981abebb346
tor:20250702_183655,Tor,/data1/zcx/ja4tor/data/ja4tor/tor/pcap/20250702_183655.pcap,/data1/zcx/ja4tor/models/fusion_flow_extractor-0.3/output/csv/tor-0927/20250702_183655.csv,1872491,15,0.0,,10,validation,43ca2490034ada60f40a353d64930359ec04bac11cd30354f8164318673476d4,b76fb96c1e389ec5bad4ed553dc8fb504ba569c63f41a8f0fbbfb020a577ffda
tor:20250702_183851,Tor,/data1/zcx/ja4tor/data/ja4tor/tor/pcap/20250702_183851.pcap,/data1/zcx/ja4tor/models/fusion_flow_extractor-0.3/output/csv/tor-0927/20250702_183851.csv,6505341,17,0.0,,58,train,60b7b0a8ee01a1d4078788ec5a8bf1484e1e2f03fbe95c2b45140d1403c85704,d779e9ff2230cb07f6067ecef40f1f7ed0e07b782b92404d8569f25509ffad75
tor:20250702_183941,Tor,/data1/zcx/ja4tor/data/ja4tor/tor/pcap/20250702_183941.pcap,/data1/zcx/ja4tor/models/fusion_flow_extractor-0.3/output/csv/tor-0927/20250702_183941.csv,1191880,17,0.0,,59,train,8f5670d5393f81fb81b55f3f52e40a4288f7ef09015c2d096c9d23d6786ff5b5,266c2265f15f006fac1346995ae87654c17fb12a88b17529bce91f76169e9f6e
tor:20250702_184244,Tor,/data1/zcx/ja4tor/data/ja4tor/tor/pcap/20250702_184244.pcap,/data1/zcx/ja4tor/models/fusion_flow_extractor-0.3/output/csv/tor-0927/20250702_184244.csv,1177955,13,0.0,,15,test,26e87baa9406596f6261fb5b24907fa5ad92954344a9085e0d167f44f49584fd,862917b6396a22487af164da6d675faeb084d0e678ed8bbc9fbdd1a2742f0402
tor:20250702_184357,Tor,/data1/zcx/ja4tor/data/ja4tor/tor/pcap/20250702_184357.pcap,/data1/zcx/ja4tor/models/fusion_flow_extractor-0.3/output/csv/tor-0927/20250702_184357.csv,3096066,19,0.0,,16,test,2d5f907d7976fc3d4063b5ac9dfce77821c310b7ccfa8257f4c2328757c07047,ff517e717f1d49750747ce4b2591ce87e45f531eaf049e1efda8fd215377ac5f
tor:20250702_184703,Tor,/data1/zcx/ja4tor/data/ja4tor/tor/pcap/20250702_184703.pcap,/data1/zcx/ja4tor/models/fusion_flow_extractor-0.3/output/csv/tor-0927/20250702_184703.csv,7048437,19,0.0,,60,train,dd5af98ffc6958652dd52ff7914d865a8441181a94911f5fe8bc5fea3effecc0,a6457dd55af19b74bd31b26a73f3a87ee622572d582d3e4b25cc6080f7780ec2
tor:20250702_184901,Tor,/data1/zcx/ja4tor/data/ja4tor/tor/pcap/20250702_184901.pcap,/data1/zcx/ja4tor/models/fusion_flow_extractor-0.3/output/csv/tor-0927/20250702_184901.csv,9063146,15,0.0,,61,train,16016a4df8d8dbd1ed25464435e5137e2149ff8b3dcb908376e49ea5ae1f4e27,2f2519cd8eabd7c7be11dd779a025f6295a7e33a1609d0f6d8d7b7411c9d9696
tor:20250702_184945,Tor,/data1/zcx/ja4tor/data/ja4tor/tor/pcap/20250702_184945.pcap,/data1/zcx/ja4tor/models/fusion_flow_extractor-0.3/output/csv/tor-0927/20250702_184945.csv,1906615,14,0.0,,62,train,1cc12fea8be68ece99f460e6e958e967598b445d3b473e18c63f8297b33a4a56,0522163fc4e0572e4035a5a3e7fa6744c69a9b6c20a0747df64dacd9406f1aa4
tor:20250702_185039,Tor,/data1/zcx/ja4tor/data/ja4tor/tor/pcap/20250702_185039.pcap,/data1/zcx/ja4tor/models/fusion_flow_extractor-0.3/output/csv/tor-0927/20250702_185039.csv,5342373,16,0.0,,63,train,c236a2e25d3e5f3f023f3f3e9a090207ea038d83714e39f18f4a9b4dbf38fde6,58bb4a59f5f1114cb1121bebae13f33b1863e42587899b21900676974ea8f37d
tor:20250702_185144,Tor,/data1/zcx/ja4tor/data/ja4tor/tor/pcap/20250702_185144.pcap,/data1/zcx/ja4tor/models/fusion_flow_extractor-0.3/output/csv/tor-0927/20250702_185144.csv,1683363,13,0.0,,11,validation,abe8cce85b79151b503ae24b10067732c60167fbe4f1184d5d1477f11ae9d605,7842606e2ac45cb2ee566138f031f4e187a73c580b0bd524946fbcb8241651c6
tor:20250702_185339,Tor,/data1/zcx/ja4tor/data/ja4tor/tor/pcap/20250702_185339.pcap,/data1/zcx/ja4tor/models/fusion_flow_extractor-0.3/output/csv/tor-0927/20250702_185339.csv,2434658,14,0.0,,64,train,56dd6c34e774848cd73d5e3fe4db540c4e4c80d4ed8e77a567b1c1ea91f58af1,4d6a559ff69f6820f3d06bff45508cc2075b298ae0b493649ee89626f39d08db
tor:20250702_185650,Tor,/data1/zcx/ja4tor/data/ja4tor/tor/pcap/20250702_185650.pcap,/data1/zcx/ja4tor/models/fusion_flow_extractor-0.3/output/csv/tor-0927/20250702_185650.csv,6702509,20,0.0,,65,train,89d7ed19348699afde7eb64142e42e254bb5562f4e8addb8c49f03c0eb2a68e2,6bfb9602675eb42ea2cbefe3cca88ea87337e1eba6f90dd08b2300b4f1ddf64b
tor:20250702_191019,Tor,/data1/zcx/ja4tor/data/ja4tor/tor/pcap/20250702_191019.pcap,/data1/zcx/ja4tor/models/fusion_flow_extractor-0.3/output/csv/tor-0927/20250702_191019.csv,4836386,13,0.0,,66,train,d9c8dea96904679a6cb8742698413666fbc64c86ad61073f0040aa7ae7360851,be5ccda19cdfa98b506ff37944fc19baa5ec9af75ed49cb2ff500cdbdaeae87d
tor:20250702_191554,Tor,/data1/zcx/ja4tor/data/ja4tor/tor/pcap/20250702_191554.pcap,/data1/zcx/ja4tor/models/fusion_flow_extractor-0.3/output/csv/tor-0927/20250702_191554.csv,5996254,14,0.0,,67,train,95f92e0fe0812d425042d1e7c16e4d6712d36a62444d215c931102aa3a319f75,188388bb909f2af4f5e89c88e0094e4f2b6924f6968e1d35f235d04ab6d3e438
tor:20250702_191651,Tor,/data1/zcx/ja4tor/data/ja4tor/tor/pcap/20250702_191651.pcap,/data1/zcx/ja4tor/models/fusion_flow_extractor-0.3/output/csv/tor-0927/20250702_191651.csv,4655448,15,0.0,,12,validation,4cd7a37c84ded0fa46df6fb8f63c0153c86a44f95814b2044268584b6d32cfcb,1e1affb61d3330ae8a5363fa980fd8aee487af8275b60eb139bb57e44cbff931
tor:20250702_191936,Tor,/data1/zcx/ja4tor/data/ja4tor/tor/pcap/20250702_191936.pcap,/data1/zcx/ja4tor/models/fusion_flow_extractor-0.3/output/csv/tor-0927/20250702_191936.csv,2656426,13,0.0,,68,train,1292727b0c22cb49d7fadcc28d4e1890b6408e095a35f155471ab5691af180f5,3b847f245cc5f535fad3176dbd6bb3fe0f093232828d83574a2acf2bff959277
tor:20250702_192034,Tor,/data1/zcx/ja4tor/data/ja4tor/tor/pcap/20250702_192034.pcap,/data1/zcx/ja4tor/models/fusion_flow_extractor-0.3/output/csv/tor-0927/20250702_192034.csv,6083900,17,0.0,,69,train,6d644b572e7e659e01a6540b00cb59112abf0aecfc8eeab151001e26a7616548,203c7e583beb6ec0ce8a750e0d9e6f4cb203b6448717fb5262c24d5ff5d78ff9
tor:20250702_192255,Tor,/data1/zcx/ja4tor/data/ja4tor/tor/pcap/20250702_192255.pcap,/data1/zcx/ja4tor/models/fusion_flow_extractor-0.3/output/csv/tor-0927/20250702_192255.csv,18999575,17,0.0,,70,train,6a796f7088c82b5566a8ee652eb1ac2bc84fd26ff07449227289540de166804d,aa6d5bab8ec48cb7c61980ee014b6701f09271cc4b2d7a7efb29cf2fb6e389e5
tor:20250702_192349,Tor,/data1/zcx/ja4tor/data/ja4tor/tor/pcap/20250702_192349.pcap,/data1/zcx/ja4tor/models/fusion_flow_extractor-0.3/output/csv/tor-0927/20250702_192349.csv,3606539,17,0.0,,71,train,97d09893922737207f96eff7a9ffe0e9161f56ab5c6fc399f57025eab27dac84,0a5fb5e289b8507544979a80dab1317afcc76636ad4d2cf6cd1a9cc7ae96659b
tor:20250702_192527,Tor,/data1/zcx/ja4tor/data/ja4tor/tor/pcap/20250702_192527.pcap,/data1/zcx/ja4tor/models/fusion_flow_extractor-0.3/output/csv/tor-0927/20250702_192527.csv,770089,12,0.0,,72,train,a9cee565c89d94151a627dc6322735b8ceb3b21f1e2aed9b0ae567e8ad1ab577,26016384fb3906268cbdd0f8b4fd7073c4cd0dc70ef97687dad7734a87d371ea
tor:20250702_192919,Tor,/data1/zcx/ja4tor/data/ja4tor/tor/pcap/20250702_192919.pcap,/data1/zcx/ja4tor/models/fusion_flow_extractor-0.3/output/csv/tor-0927/20250702_192919.csv,2659604,14,0.0,,17,test,7abe93e9678bb6dac1f3c977b041ab6ba28a00b9132da58869b4632e99608756,effedf2bea1fa5b935ab9a54a61477504f7b219d317b54da43041819f3b81125
tor:20250702_193009,Tor,/data1/zcx/ja4tor/data/ja4tor/tor/pcap/20250702_193009.pcap,/data1/zcx/ja4tor/models/fusion_flow_extractor-0.3/output/csv/tor-0927/20250702_193009.csv,6481992,16,0.0,,18,test,c068e94e00cd16f86ca9d7ef98e2a30813dbe4cbf1ec9f276bb6e110a816bbc2,0f7a50ec682cc6548913cdb33e1af8a10e8266cd3ae0fb3e131b37775d0ae890
tor:20250702_193550,Tor,/data1/zcx/ja4tor/data/ja4tor/tor/pcap/20250702_193550.pcap,/data1/zcx/ja4tor/models/fusion_flow_extractor-0.3/output/csv/tor-0927/20250702_193550.csv,10353930,15,0.0,,73,train,1b2071e508dd4e14019c1077480120254c8e64329a5d7e0e9e7fa9bbc1277128,628b9e216c701372cc760d86faff0a52e827d5f98e73c5e9ae0da36e7b5fa548
tor:20250702_193650,Tor,/data1/zcx/ja4tor/data/ja4tor/tor/pcap/20250702_193650.pcap,/data1/zcx/ja4tor/models/fusion_flow_extractor-0.3/output/csv/tor-0927/20250702_193650.csv,11041109,19,0.0,,74,train,753c692b8f8b2a5b0b1e9e1fba965733e9e2ee8765249a64c0481461fa17879f,57f4aa2363bb39b661dcdfd3d685525b8edc07469fa7dc30e740a58b9c942550
tor:20250702_193829,Tor,/data1/zcx/ja4tor/data/ja4tor/tor/pcap/20250702_193829.pcap,/data1/zcx/ja4tor/models/fusion_flow_extractor-0.3/output/csv/tor-0927/20250702_193829.csv,3653953,15,0.0,,19,test,5780dd7f8f96ce9db3fb9ec81b2b06797655483c4baa61765981bc55aeafe9aa,c71c364a82e41ccf92e71a169cea3c1ffa76806480e826547789cdb6235c2a4e
tor:20250702_194447,Tor,/data1/zcx/ja4tor/data/ja4tor/tor/pcap/20250702_194447.pcap,/data1/zcx/ja4tor/models/fusion_flow_extractor-0.3/output/csv/tor-0927/20250702_194447.csv,5515464,15,0.0,,75,train,491bb381790a69321c4eb9d9abe16be59a094b4f95b59d780dc3f37ba03f6ee3,0822ebdf970606fc07281b7053a1ceb1d13792680d56d57c5a86972f8a481bb5
tor:20250702_194538,Tor,/data1/zcx/ja4tor/data/ja4tor/tor/pcap/20250702_194538.pcap,/data1/zcx/ja4tor/models/fusion_flow_extractor-0.3/output/csv/tor-0927/20250702_194538.csv,16195652,14,0.0,,76,train,02df805ba8f8adb9c489ca3624efef7db6daf37b985f8b75a86e0e7907d62c63,779cb63aa2287e9bf2d2476e43223a48351a846d40832ea9f3507348debd225c
tor:20250702_195632,Tor,/data1/zcx/ja4tor/data/ja4tor/tor/pcap/20250702_195632.pcap,/data1/zcx/ja4tor/models/fusion_flow_extractor-0.3/output/csv/tor-0927/20250702_195632.csv,813637,16,0.0,,13,validation,c109164716a02953f48e1824480f99e47ef26d9820c768c7737488d521fbf2ee,25e0a93f19b99a3ffa8d457e89b02abbdef1d9350793f0691f0b4caaf4b57645
tor:20250702_195723,Tor,/data1/zcx/ja4tor/data/ja4tor/tor/pcap/20250702_195723.pcap,/data1/zcx/ja4tor/models/fusion_flow_extractor-0.3/output/csv/tor-0927/20250702_195723.csv,1584619,15,0.0,,20,test,ad2b6097bee636ac3f2b48b3ec10193c5b5278b9546e2efe1ef6ca06e3c03054,d68465218c7f4231956f8d2bbb0b97a68e39ec02548c8ee34244110bc3790d83
tor:20250702_195955,Tor,/data1/zcx/ja4tor/data/ja4tor/tor/pcap/20250702_195955.pcap,/data1/zcx/ja4tor/models/fusion_flow_extractor-0.3/output/csv/tor-0927/20250702_195955.csv,1477965,13,0.0,,77,train,5b5e18823191b12fadb8f4557a5b7bc109d76266620311ef8af840d64aa7bca1,0859b787c0852a2dd7a9e05b5b4039e8006eb3679e6735f5e263a8db622cfc1e
tor:20250702_200135,Tor,/data1/zcx/ja4tor/data/ja4tor/tor/pcap/20250702_200135.pcap,/data1/zcx/ja4tor/models/fusion_flow_extractor-0.3/output/csv/tor-0927/20250702_200135.csv,547255,15,0.0,,78,train,b450abce67005784c181a7808a30a32c4968bb3c4775fa6c83740943ca8f12d7,616583fc1dc4e1136d97c31854bc962b49f67776548968f11a8c1d7620584e2d
tor:20250702_200347,Tor,/data1/zcx/ja4tor/data/ja4tor/tor/pcap/20250702_200347.pcap,/data1/zcx/ja4tor/models/fusion_flow_extractor-0.3/output/csv/tor-0927/20250702_200347.csv,7665152,16,0.0,,79,train,944e3623de7e995fb3834b171abbd3ee498ca56ff9723a828f17330d2182dd00,3c19da59dd7e2f5e73dd177a46d6300d40d7f2f830a28afae28515eeba4b27e2
tor:20250702_200543,Tor,/data1/zcx/ja4tor/data/ja4tor/tor/pcap/20250702_200543.pcap,/data1/zcx/ja4tor/models/fusion_flow_extractor-0.3/output/csv/tor-0927/20250702_200543.csv,9381017,15,0.0,,14,validation,6f73f9365fef92d8e8e3b3b2eabcb5b50dc9a70d49b51fc44cf74c6ca56d5ac9,bd395a387a651b8854c47a08c8a9d5e832629629fa8643af2052aa8126769f04
tor:20250702_200727,Tor,/data1/zcx/ja4tor/data/ja4tor/tor/pcap/20250702_200727.pcap,/data1/zcx/ja4tor/models/fusion_flow_extractor-0.3/output/csv/tor-0927/20250702_200727.csv,6101908,18,0.0,,80,train,600460b9b3c266c943a76d6916d94a4ca52c640f51261a35be440473786b770b,6eeffed9ca981221bc1cae1258baa5219b8ba5fa971ea427b2635e01bc5236ba
tor:20250702_200814,Tor,/data1/zcx/ja4tor/data/ja4tor/tor/pcap/20250702_200814.pcap,/data1/zcx/ja4tor/models/fusion_flow_extractor-0.3/output/csv/tor-0927/20250702_200814.csv,1671852,13,0.0,,81,train,f9306b2c0416227d6e01b8ca824dc0885f1bbcc01bea3c1c2f8fcd37b77e32d9,0934cbd9a94cd22d2e3b574f7f941579ebdfa18fcc86e584ff2344e9001cab20
tor:20250702_201014,Tor,/data1/zcx/ja4tor/data/ja4tor/tor/pcap/20250702_201014.pcap,/data1/zcx/ja4tor/models/fusion_flow_extractor-0.3/output/csv/tor-0927/20250702_201014.csv,2629152,13,0.0,,82,train,0908339e2654fb7324c66867b2229aa648985bb18c7eace7acdf0fbee1b06a30,6ba8dc7cd9ba0c0bfa8334d6335179d55c1f0819200a6b6c3f1edcb0a5259423
tor:20250702_201107,Tor,/data1/zcx/ja4tor/data/ja4tor/tor/pcap/20250702_201107.pcap,/data1/zcx/ja4tor/models/fusion_flow_extractor-0.3/output/csv/tor-0927/20250702_201107.csv,5419312,16,0.0,,21,test,7a37933d5131a52e91d68bc17fdcdc28cf787dfe33c36ce37d650918f200c566,98041e35865973b520b61e4025e04f3c88101e5616c1e2d3fc52d0926a23d048
tor:20250702_201149,Tor,/data1/zcx/ja4tor/data/ja4tor/tor/pcap/20250702_201149.pcap,/data1/zcx/ja4tor/models/fusion_flow_extractor-0.3/output/csv/tor-0927/20250702_201149.csv,1403929,12,0.0,,83,train,905e823b7349ed78251c69c1ffcc32127fa0c89891e37b2b2e6d77dd219170eb,1ecb0890c7b380a67c1fa5313cf6d469e6ff9d5e3ce74f0b178c050e07c396f4
tor:20250702_201247,Tor,/data1/zcx/ja4tor/data/ja4tor/tor/pcap/20250702_201247.pcap,/data1/zcx/ja4tor/models/fusion_flow_extractor-0.3/output/csv/tor-0927/20250702_201247.csv,7449979,21,0.0,,84,train,82bcfabd9d9945f115d9d4d6d66407ad1d9e3339239018957f79470fadc50931,2bcd7d7a55645544173067c0bb8295cc090a7611e4768a897989a1325e8a4209
tor:20250702_201731,Tor,/data1/zcx/ja4tor/data/ja4tor/tor/pcap/20250702_201731.pcap,/data1/zcx/ja4tor/models/fusion_flow_extractor-0.3/output/csv/tor-0927/20250702_201731.csv,3908929,17,0.0,,85,train,bbcd61ad612d4c6411561b31fb811233c48a4574e7910d0a77b9c5cb54b16152,d984827eeee7fb2cc14f57a2281704e302b3cf914e5b90d279b9ce12dc7a9298
tor:20250702_202343,Tor,/data1/zcx/ja4tor/data/ja4tor/tor/pcap/20250702_202343.pcap,/data1/zcx/ja4tor/models/fusion_flow_extractor-0.3/output/csv/tor-0927/20250702_202343.csv,3261352,17,0.0,,22,test,eff6916c5f66c34123ad00f1fe44880282af3d51b07f22a88cb67453844c3299,47f2d7e02b8d556764c5153db56c7658c89712c03a732cfc57a027a125f51c86
tor:20250702_203833,Tor,/data1/zcx/ja4tor/data/ja4tor/tor/pcap/20250702_203833.pcap,/data1/zcx/ja4tor/models/fusion_flow_extractor-0.3/output/csv/tor-0927/20250702_203833.csv,3578626,16,0.0,,86,train,c922c2423816232e74f03546745128e6457a18864ae65a78d294b6a45acc5e4b,fe52b489cf3d99b29bb57c59323c429ee14bca41eea389ce460f7b7e8782bae9
tor:20250702_204412,Tor,/data1/zcx/ja4tor/data/ja4tor/tor/pcap/20250702_204412.pcap,/data1/zcx/ja4tor/models/fusion_flow_extractor-0.3/output/csv/tor-0927/20250702_204412.csv,2284513,14,0.0,,87,train,9502727d76dc7c6159c7ec40b0c7212ea28fa8701df7d0b96b60b1a0f8b20c08,0bfec7fba821ee88a22bebff4dedd85633f0cf089fa8d5c035f01e712418efac
tor:20250702_204512,Tor,/data1/zcx/ja4tor/data/ja4tor/tor/pcap/20250702_204512.pcap,/data1/zcx/ja4tor/models/fusion_flow_extractor-0.3/output/csv/tor-0927/20250702_204512.csv,7048636,19,0.0,,88,train,58b4ae03ae1934da9268ce840e2981a459b67e8a56efdad1a5c8f341e25128dd,97c0a10b0ccfec04bc91ca50f72b9105e74ccb8edcfa74259d34d0f36a91d2ca
tor:20250702_204621,Tor,/data1/zcx/ja4tor/data/ja4tor/tor/pcap/20250702_204621.pcap,/data1/zcx/ja4tor/models/fusion_flow_extractor-0.3/output/csv/tor-0927/20250702_204621.csv,5527560,17,0.0,,89,train,235f6f1336c1a817e3ced2636c5dbee4adb11961f70a51704dc60c01671ebb9e,5b4e9b26113a312dda1fd85d1a40d55adaaf9f41d2218f16281373248cc7a42e
tor:20250702_204729,Tor,/data1/zcx/ja4tor/data/ja4tor/tor/pcap/20250702_204729.pcap,/data1/zcx/ja4tor/models/fusion_flow_extractor-0.3/output/csv/tor-0927/20250702_204729.csv,11939174,17,0.0,,15,validation,8feec2f7bd7311d04ab4de295f901253c8224fb717ebe23e14ce43a46f1012eb,4300b2cb957ad22d0865e7575d7daea64c2f0a8cbecb0a27a3a1c4a6dd5dc802
tor:20250702_204814,Tor,/data1/zcx/ja4tor/data/ja4tor/tor/pcap/20250702_204814.pcap,/data1/zcx/ja4tor/models/fusion_flow_extractor-0.3/output/csv/tor-0927/20250702_204814.csv,4125816,13,0.0,,90,train,a58fb875369c9844f5551e38ba2e9cbd2fa82f22f5dfbf563b22e607f4791042,b29fb3f9f80ace148fb618851e3fb61a0f3e008ed93eced1bb278de0638d3959
tor:20250702_205054,Tor,/data1/zcx/ja4tor/data/ja4tor/tor/pcap/20250702_205054.pcap,/data1/zcx/ja4tor/models/fusion_flow_extractor-0.3/output/csv/tor-0927/20250702_205054.csv,10226439,16,0.0,,91,train,e0f39e485f5ee6d43ef1cd939932bd6ee481a40d7e317fbcf6f4cf3a8d4167de,752994a46fbe2c67e61c6fecfbe0d78136c663048bbfb7314769c2abb3afeff5
tor:20250702_205210,Tor,/data1/zcx/ja4tor/data/ja4tor/tor/pcap/20250702_205210.pcap,/data1/zcx/ja4tor/models/fusion_flow_extractor-0.3/output/csv/tor-0927/20250702_205210.csv,8249284,17,0.0,,23,test,bc93927efa8a63623f2758915fe89be9a2b63f3b067c362f22323bcebce54cb3,3b219c2628bdea940ef7aae7cad10d6d9bb83da808b123fec8b88127c932d09f
tor:20250702_205310,Tor,/data1/zcx/ja4tor/data/ja4tor/tor/pcap/20250702_205310.pcap,/data1/zcx/ja4tor/models/fusion_flow_extractor-0.3/output/csv/tor-0927/20250702_205310.csv,3693713,16,0.0,,92,train,c0c695aaa2a1e47bfb9ad561f3b626ffaab3c5b4f453c37c4e2965aa4d612900,979610aba38c7935deff2b83777201cfd765902344844f79db3468ce9b0d4dd9
tor:20250702_210453,Tor,/data1/zcx/ja4tor/data/ja4tor/tor/pcap/20250702_210453.pcap,/data1/zcx/ja4tor/models/fusion_flow_extractor-0.3/output/csv/tor-0927/20250702_210453.csv,6679288,17,0.0,,24,test,385a6e6555156c299c0a81b03958b5969ff638f973450d7e90ef8e0fc20ee8d7,b388d4f714ee6627a25fe67660a8cab3dbbcda6f46cabe02867c396cb669b43c
tor:20250702_210555,Tor,/data1/zcx/ja4tor/data/ja4tor/tor/pcap/20250702_210555.pcap,/data1/zcx/ja4tor/models/fusion_flow_extractor-0.3/output/csv/tor-0927/20250702_210555.csv,2450156,17,0.0,,25,test,469079c2e8baf75908ba1d34320611d5c237583eb53f975a52b1c8156a1e2f99,887dbc23755e9c64fa9a423b37fe72d3a104d55e13d50747a1a1fbd36d4dcb2c
tor:20250702_210758,Tor,/data1/zcx/ja4tor/data/ja4tor/tor/pcap/20250702_210758.pcap,/data1/zcx/ja4tor/models/fusion_flow_extractor-0.3/output/csv/tor-0927/20250702_210758.csv,1190192,17,0.0,,93,train,62eadcd3391d23cb89f82bb17ea1fcfb5fdf941c090ef91dd818cf08f1865853,701737cc8c5651feaea28954a5b4abd573c45b96c4b7fe29c157b3904ee40fc0
tor:20250702_210849,Tor,/data1/zcx/ja4tor/data/ja4tor/tor/pcap/20250702_210849.pcap,/data1/zcx/ja4tor/models/fusion_flow_extractor-0.3/output/csv/tor-0927/20250702_210849.csv,2140930,13,0.0,,94,train,5a25eb37c91906b61c110597c39128f9b577354e85f38ed060cbdea06f9be647,9b15bfeefb16af8b4e096331be55f150aa8a3ec3cd022c7968da85cccac3045e
tor:20250702_210951,Tor,/data1/zcx/ja4tor/data/ja4tor/tor/pcap/20250702_210951.pcap,/data1/zcx/ja4tor/models/fusion_flow_extractor-0.3/output/csv/tor-0927/20250702_210951.csv,2537716,20,0.0,,95,train,ab820fb60d7d9c294bd7679ba79dbe5907cde497c4b30adbafebb858082597fc,88e670fa03415ad47b6cd59ab17ffb7e33276a7572cce56db01818b320c4828f
tor:20250702_211248,Tor,/data1/zcx/ja4tor/data/ja4tor/tor/pcap/20250702_211248.pcap,/data1/zcx/ja4tor/models/fusion_flow_extractor-0.3/output/csv/tor-0927/20250702_211248.csv,790761,13,0.0,,96,train,6e4321418bab58c106505c2e0c2ff860cb05eac0e56900c8dcfccbd1e3647ddb,956eeb54b772de790bbe951d33fe05764e3f830e0a4a9279071dc402a6ff35d1
tor:20250702_211541,Tor,/data1/zcx/ja4tor/data/ja4tor/tor/pcap/20250702_211541.pcap,/data1/zcx/ja4tor/models/fusion_flow_extractor-0.3/output/csv/tor-0927/20250702_211541.csv,1373033,19,0.0,,16,validation,2f0a877483bfba5e7cb811112767cc742bebec8fe005b0cc9a5514e26578309a,04343c4796d13016bf2fc5bfcf52a0cdce2119704c8857985e569c90ece14ef7
tor:20250702_211637,Tor,/data1/zcx/ja4tor/data/ja4tor/tor/pcap/20250702_211637.pcap,/data1/zcx/ja4tor/models/fusion_flow_extractor-0.3/output/csv/tor-0927/20250702_211637.csv,2219133,17,0.0,,97,train,d13bbdb95422aa289acaf045e1e96c5a23866d847b1dcfafc3c9a8675652c6bc,49661924f7c0c25e3ecd6865512aaab60d3f97d0791f243561d9e753ba1a2bfc
tor:20250702_212217,Tor,/data1/zcx/ja4tor/data/ja4tor/tor/pcap/20250702_212217.pcap,/data1/zcx/ja4tor/models/fusion_flow_extractor-0.3/output/csv/tor-0927/20250702_212217.csv,1889072,15,0.0,,17,validation,df57a38d3b6c6026f3c9c414e176980f74135994d85ecd0499f42ae434555885,ab98b561166944026f99b2b6fcc81c81da361cee9e035c9a773ca230795e3d01
tor:20250702_212715,Tor,/data1/zcx/ja4tor/data/ja4tor/tor/pcap/20250702_212715.pcap,/data1/zcx/ja4tor/models/fusion_flow_extractor-0.3/output/csv/tor-0927/20250702_212715.csv,5479124,16,0.0,,98,train,f465e8e3967fcf13a87b2230f8f4f55fba00807dffc87011e1005ef5e6c33477,355965402c6301cb5867cde2c171d76aa023df86d144e712c897d83c35c7cdb5
tor:20250702_212802,Tor,/data1/zcx/ja4tor/data/ja4tor/tor/pcap/20250702_212802.pcap,/data1/zcx/ja4tor/models/fusion_flow_extractor-0.3/output/csv/tor-0927/20250702_212802.csv,3339587,13,0.0,,99,train,1018b39136109cfe1c3c9662a1f292bf34d2b3188f2b6cac4f4d5495687c36e2,46c35d17a99813c52c914ff3b1b5e37fcd4a45e071b42e676151d86a119b2592
tor:20250702_212856,Tor,/data1/zcx/ja4tor/data/ja4tor/tor/pcap/20250702_212856.pcap,/data1/zcx/ja4tor/models/fusion_flow_extractor-0.3/output/csv/tor-0927/20250702_212856.csv,4837463,17,0.0,,100,train,b461cb903a141ca3c8fb888302914ebc28a8b29ae9a31d03b9083e2730ff79b1,d3475725e7afabda013eb2608eaedd5dbfb094ff290b0e79456c87d1d76ef2d6
tor:20250702_212956,Tor,/data1/zcx/ja4tor/data/ja4tor/tor/pcap/20250702_212956.pcap,/data1/zcx/ja4tor/models/fusion_flow_extractor-0.3/output/csv/tor-0927/20250702_212956.csv,4693531,17,0.0,,101,train,ed34b473ae4853f5af93694bcc600a02eab0a8fc06f7274ee9d0e0c7ecd3a10f,6d79ec2461f57e0532ceb055de6a990f46648344370c99dbda0d7f0f40e56123
tor:20250702_213046,Tor,/data1/zcx/ja4tor/data/ja4tor/tor/pcap/20250702_213046.pcap,/data1/zcx/ja4tor/models/fusion_flow_extractor-0.3/output/csv/tor-0927/20250702_213046.csv,3951314,15,0.0,,102,train,4c84aee4e83c26b91f88a1e268cfc732cebc46910664f2a92ea3db7bdb1d4d5b,c66e9b37a2868519645042789810284b5483bf8fba55c2ccbd8a21f07077ef6c
tor:20250702_213338,Tor,/data1/zcx/ja4tor/data/ja4tor/tor/pcap/20250702_213338.pcap,/data1/zcx/ja4tor/models/fusion_flow_extractor-0.3/output/csv/tor-0927/20250702_213338.csv,3966010,18,0.0,,103,train,4895ac3e0df916141d45dd6c0e87a15acf324e1be12a80fe7031b526c15a4968,2219c4911e60c3272f646726d5209a2558b2cee42ce0a860616052e5945d545b
tor:20250702_213839,Tor,/data1/zcx/ja4tor/data/ja4tor/tor/pcap/20250702_213839.pcap,/data1/zcx/ja4tor/models/fusion_flow_extractor-0.3/output/csv/tor-0927/20250702_213839.csv,4270654,12,0.0,,104,train,23faa61a3a366d5723b7aedde102d5aade38ecf99684a2c64167c17a6243d589,83bc69b1250b9d49d5e8b124d69faeb0015f66f6d22d0710b596ba08722dbae8
tor:20250702_214619,Tor,/data1/zcx/ja4tor/data/ja4tor/tor/pcap/20250702_214619.pcap,/data1/zcx/ja4tor/models/fusion_flow_extractor-0.3/output/csv/tor-0927/20250702_214619.csv,2868182,16,0.0,,105,train,4c2ed8b384dab05efe592c1ba31b0bc4adaf4c5a9493e49b0b5399ca804525a4,0e89219f1813b094f0fd7d5325705ca71691baf37651fecb7acbf09994485606
tor:20250702_215041,Tor,/data1/zcx/ja4tor/data/ja4tor/tor/pcap/20250702_215041.pcap,/data1/zcx/ja4tor/models/fusion_flow_extractor-0.3/output/csv/tor-0927/20250702_215041.csv,4769226,13,0.0,,106,train,fc36c946dcc7d445b8bfc442dda8c3e0333eb9f60da38f8ef3243d0d50610fbb,e586dc659ed9fbbb597c03cd5468b4f2ed0ff306175b39e846057ff962f3e7f1
tor:20250702_215137,Tor,/data1/zcx/ja4tor/data/ja4tor/tor/pcap/20250702_215137.pcap,/data1/zcx/ja4tor/models/fusion_flow_extractor-0.3/output/csv/tor-0927/20250702_215137.csv,2673094,17,0.0,,26,test,56b2fa073497aba1c5f401b263f0634e60a97445c61082ed5bf84bef00e9e089,95de6c99fa5fe652e89e3f01e4efbad11abff6562bd0c26b7f8ee80e063a55a3
tor:20250702_215244,Tor,/data1/zcx/ja4tor/data/ja4tor/tor/pcap/20250702_215244.pcap,/data1/zcx/ja4tor/models/fusion_flow_extractor-0.3/output/csv/tor-0927/20250702_215244.csv,5678130,17,0.0,,107,train,2822be917693813e8c73e3864b61eded7f0bf6cfc54dbded6c113c1e970fe11e,3523b3932a3d23e887edb1c31f170a5c9e5a515323e9c3d0dc3b50ad8b34edbb
tor:20250702_215332,Tor,/data1/zcx/ja4tor/data/ja4tor/tor/pcap/20250702_215332.pcap,/data1/zcx/ja4tor/models/fusion_flow_extractor-0.3/output/csv/tor-0927/20250702_215332.csv,3735722,15,0.0,,27,test,7bbf94bf00680b02f1960852e8e4b3691114c53b4acbc88ec3b39290541d1bdd,85f9bf23e410fe768ff071f4e7e6fdb22ecaadab2b0c142f9eaa6d8cb2905306
tor:20250702_215643,Tor,/data1/zcx/ja4tor/data/ja4tor/tor/pcap/20250702_215643.pcap,/data1/zcx/ja4tor/models/fusion_flow_extractor-0.3/output/csv/tor-0927/20250702_215643.csv,3579540,15,0.0,,108,train,2ac986f7cba4b88f879878d8d5957e6ac0f74d649a2fa76ae2aabd86fdc798ff,6dc7cd1563c51573a895ebb0a9aca4b83640c46997089d57a1d48cac0af596f2
tor:20250702_215750,Tor,/data1/zcx/ja4tor/data/ja4tor/tor/pcap/20250702_215750.pcap,/data1/zcx/ja4tor/models/fusion_flow_extractor-0.3/output/csv/tor-0927/20250702_215750.csv,7093847,17,0.0,,109,train,a8402bf982b50622c0f2c8086206c7238188e04584f508c686e060edcb0e4d61,1732782070dd098d9ce0f8fa9eae89c2bd7cba3c3d1e8337fd327f28279ee7b4
tor:20250702_220356,Tor,/data1/zcx/ja4tor/data/ja4tor/tor/pcap/20250702_220356.pcap,/data1/zcx/ja4tor/models/fusion_flow_extractor-0.3/output/csv/tor-0927/20250702_220356.csv,6985755,15,0.0,,18,validation,e091dc17dbe482085bc9a007d6045e7e1465d1535f5560955c19f4a1b4ad72f7,18e0ed2fd1871225aef021caa1e421858260367e8fd681b38c0224737afdb8b9
tor:20250702_220453,Tor,/data1/zcx/ja4tor/data/ja4tor/tor/pcap/20250702_220453.pcap,/data1/zcx/ja4tor/models/fusion_flow_extractor-0.3/output/csv/tor-0927/20250702_220453.csv,5296842,16,0.0,,110,train,68d2257f003644e8c9a6bd800a349a7ffb998f04335357895eceda696a80ded3,5d1ce3185d80d1f1a714d23d729cf596ba3df35bdc8bcf2846fc2f26a6a12e83
tor:20250702_221230,Tor,/data1/zcx/ja4tor/data/ja4tor/tor/pcap/20250702_221230.pcap,/data1/zcx/ja4tor/models/fusion_flow_extractor-0.3/output/csv/tor-0927/20250702_221230.csv,3525308,13,0.0,,28,test,cd4fe93d07417b6e40c47390cccdc31848a9cd2c1c965233ab86f534bd3feadf,8c9fa8e406db79f74586b32b3419ce6c2689a9f5a90e07e010dee89051d42cfb
tor:20250702_221331,Tor,/data1/zcx/ja4tor/data/ja4tor/tor/pcap/20250702_221331.pcap,/data1/zcx/ja4tor/models/fusion_flow_extractor-0.3/output/csv/tor-0927/20250702_221331.csv,6104519,15,0.0,,29,test,531034edb3bb301e3ac11124378b97569181037ede98df5d9cb9a60c2b8217fd,26b167589a726766542892f25c55fac478e16e0ec103f8841c6935f2f2a00da1
tor:20250702_221643,Tor,/data1/zcx/ja4tor/data/ja4tor/tor/pcap/20250702_221643.pcap,/data1/zcx/ja4tor/models/fusion_flow_extractor-0.3/output/csv/tor-0927/20250702_221643.csv,3798298,16,0.0,,111,train,8e32eb57c0cc68ae173477ad8b90877a45ac3a20d318d45eceec514a2907ca1d,a4765823151cc4864bed0a81d855716816c1a3f693fb58a63dc4da3e026f1fc1
tor:20250702_221852,Tor,/data1/zcx/ja4tor/data/ja4tor/tor/pcap/20250702_221852.pcap,/data1/zcx/ja4tor/models/fusion_flow_extractor-0.3/output/csv/tor-0927/20250702_221852.csv,5847495,15,0.0,,112,train,096522c2ce2616bd5f01c3c0f6f811a82d63c424051756533395d06a42eeb26d,872a17331d1321ef57cc4522b16062d592994b6b44dc49722335395449564be1
tor:20250702_222330,Tor,/data1/zcx/ja4tor/data/ja4tor/tor/pcap/20250702_222330.pcap,/data1/zcx/ja4tor/models/fusion_flow_extractor-0.3/output/csv/tor-0927/20250702_222330.csv,10038332,16,0.0,,30,test,aeae940f8baf498eabb77056a12179b35eb71b895778aa47746ecd5e43d00e61,611cfecb9de035ba91b24125a5dcf56805599fbe43762261a676f7746acce142
tor:20250702_222429,Tor,/data1/zcx/ja4tor/data/ja4tor/tor/pcap/20250702_222429.pcap,/data1/zcx/ja4tor/models/fusion_flow_extractor-0.3/output/csv/tor-0927/20250702_222429.csv,2585448,17,0.0,,113,train,d3d4f7136239ea22eca74d638cbe9d133b7d551e819d87764196c321f721f0fd,edd63e6ee711cc3361125f7c84ff375b395dea07231106fc92b32a8b104b6ce9
tor:20250702_223537,Tor,/data1/zcx/ja4tor/data/ja4tor/tor/pcap/20250702_223537.pcap,/data1/zcx/ja4tor/models/fusion_flow_extractor-0.3/output/csv/tor-0927/20250702_223537.csv,1267711,18,0.0,,31,test,efb8b52cbb0c1bbc9b246ca33f1733c777cb424c54beaa61f59edb61bf8d8fc2,ba9a023cacbd7eef2d98e6a494098bccf1ca3652f30f33e145e00b69055c461f
tor:20250702_224205,Tor,/data1/zcx/ja4tor/data/ja4tor/tor/pcap/20250702_224205.pcap,/data1/zcx/ja4tor/models/fusion_flow_extractor-0.3/output/csv/tor-0927/20250702_224205.csv,5970291,19,0.0,,114,train,8460b42de1910a40b508b5cac6f54ad4698c493fb91b8e6078d57712aab56674,e18ac994f1312f5361d34ae1e4c0017742cdd94fd2e903934bd8a4a62b1bf125
tor:20250702_224253,Tor,/data1/zcx/ja4tor/data/ja4tor/tor/pcap/20250702_224253.pcap,/data1/zcx/ja4tor/models/fusion_flow_extractor-0.3/output/csv/tor-0927/20250702_224253.csv,1863767,16,0.0,,115,train,58f46419bd8671c94fa9fc1340e06bf4397a70055324741422d0804b678155ed,a0b812e220a4d538fecab6c721e13890cc62dd02b35a58c9d1c0f8e1fb3262fa
tor:20250702_224626,Tor,/data1/zcx/ja4tor/data/ja4tor/tor/pcap/20250702_224626.pcap,/data1/zcx/ja4tor/models/fusion_flow_extractor-0.3/output/csv/tor-0927/20250702_224626.csv,5102212,18,0.0,,116,train,b45bfa39b39bbc8180b3ef923c9ef447bee6bec7c0607172a8d3ce439e3ea07e,3c965e6fe147356cc0ee7a397efc973fcb49fdd3df1a5fbf268aab19daa838cb
tor:20250702_224930,Tor,/data1/zcx/ja4tor/data/ja4tor/tor/pcap/20250702_224930.pcap,/data1/zcx/ja4tor/models/fusion_flow_extractor-0.3/output/csv/tor-0927/20250702_224930.csv,845709,15,0.0,,117,train,c2ad8f11fe9ea0acfb923101d68d2aaec3355d9de2b578c9efcffc82a276878d,b271bde3472368c03b212a4781b563660176710473d04456351afec1fa74de5d
tor:20250702_225717,Tor,/data1/zcx/ja4tor/data/ja4tor/tor/pcap/20250702_225717.pcap,/data1/zcx/ja4tor/models/fusion_flow_extractor-0.3/output/csv/tor-0927/20250702_225717.csv,800762,12,0.0,,118,train,9945e8c4e8ddd6b07786956f2414515e376eec76a990f78e694803deb7488c1a,cca8c375ed3b652d6fcc27cea67aae3e692b364bcc850416a444c415fb3c796c
tor:20250702_230039,Tor,/data1/zcx/ja4tor/data/ja4tor/tor/pcap/20250702_230039.pcap,/data1/zcx/ja4tor/models/fusion_flow_extractor-0.3/output/csv/tor-0927/20250702_230039.csv,4755570,17,0.0,,119,train,67f458d9755711427f790b81b22552185fe3ddefef0dfdbcae2bdff01a8ce38d,b20bc11be8387ad8b60ca2351bf0a7eab30886c328d4b98057f2f0de48137eb6
tor:20250702_230813,Tor,/data1/zcx/ja4tor/data/ja4tor/tor/pcap/20250702_230813.pcap,/data1/zcx/ja4tor/models/fusion_flow_extractor-0.3/output/csv/tor-0927/20250702_230813.csv,2887860,17,0.0,,32,test,8a58d31237ba02ba9a8bf1f03c4693ad52df7c099a35b37a63076537399a2872,4a35471a2e6d334132e33cfbcb82fa8c1e8550ca978530a5c3fcd1c6260672a3
tor:20250702_231217,Tor,/data1/zcx/ja4tor/data/ja4tor/tor/pcap/20250702_231217.pcap,/data1/zcx/ja4tor/models/fusion_flow_extractor-0.3/output/csv/tor-0927/20250702_231217.csv,1155552,13,0.0,,19,validation,f1b9cef5e61ed43fc0fa3366b289670a5f5537bbd1da77edb0a744541cd06a06,710082b41aa3a2588ebd97c7f8aae35e1e239ad13f6cca08b419a02c32da4967
tor:20250702_231923,Tor,/data1/zcx/ja4tor/data/ja4tor/tor/pcap/20250702_231923.pcap,/data1/zcx/ja4tor/models/fusion_flow_extractor-0.3/output/csv/tor-0927/20250702_231923.csv,7872740,17,0.0,,120,train,12ae50511fa3b65a6d1f7ecfe64532c1b43697f3e5646b4bf27f6497726995d4,6513709f0ddb700b1de9e3f072356ff6f132437e07e0b04fa051e6b064887267
tor:20250702_232004,Tor,/data1/zcx/ja4tor/data/ja4tor/tor/pcap/20250702_232004.pcap,/data1/zcx/ja4tor/models/fusion_flow_extractor-0.3/output/csv/tor-0927/20250702_232004.csv,528917,13,0.0,,33,test,8f87c985aea5558a6a797848b15af18d901b126bad88cce9140aec5edc765cda,12f17c31b0f010de60905caea90ecec520b9b108ea5762f3142eeaacde0d74af
tor:20250702_232519,Tor,/data1/zcx/ja4tor/data/ja4tor/tor/pcap/20250702_232519.pcap,/data1/zcx/ja4tor/models/fusion_flow_extractor-0.3/output/csv/tor-0927/20250702_232519.csv,6792881,20,0.0,,121,train,241a9b324a216c0a153a7986b6ce7248df8e7bbc0b78233c66e5402f8da176e9,56c4c8ebb2d40103d4cabbd97ffbe813f24ec7701165768863c61b48f69785fc
tor:20250702_232616,Tor,/data1/zcx/ja4tor/data/ja4tor/tor/pcap/20250702_232616.pcap,/data1/zcx/ja4tor/models/fusion_flow_extractor-0.3/output/csv/tor-0927/20250702_232616.csv,3884915,15,0.0,,122,train,38d6651b33c0cdd7437856c20b5f62ebaf0cc9996eeeff56fb9a0b2f123af844,0995efcdc27742eb0e115be7c7233bb33a3e914083e498b58302b61596d15fec
tor:20250702_232816,Tor,/data1/zcx/ja4tor/data/ja4tor/tor/pcap/20250702_232816.pcap,/data1/zcx/ja4tor/models/fusion_flow_extractor-0.3/output/csv/tor-0927/20250702_232816.csv,2825014,15,0.0,,34,test,464a9f0f04ea41bcd63f0c97b17e01b07b9c5579b4e2948bc5ebb294cc500cea,1a5fc9e9b3e191b51f29811f392df27502b6899d2f17bbda12830afc3bc2c333
tor:20250702_233333,Tor,/data1/zcx/ja4tor/data/ja4tor/tor/pcap/20250702_233333.pcap,/data1/zcx/ja4tor/models/fusion_flow_extractor-0.3/output/csv/tor-0927/20250702_233333.csv,2637345,16,0.0,,123,train,2d02025d6e1dcb99e0018d0c1677e142b1bf0ac6bcd388b0544b755b3d78647a,99b3172dd5e424248157c4c80cf122bf09c35b1ab2ddca393c0e2600e75b3f30
tor:20250702_233522,Tor,/data1/zcx/ja4tor/data/ja4tor/tor/pcap/20250702_233522.pcap,/data1/zcx/ja4tor/models/fusion_flow_extractor-0.3/output/csv/tor-0927/20250702_233522.csv,5537194,16,0.0,,124,train,fef7931ccb3b099b47968cd24a09d413cd5ec73d902b2b50e30ffea5c4d70a4b,13e7d265497ce5a5f59eb2eb06eec240a3e8c61fd3ed2b438759b22c9bba4ba1
tor:20250702_233834,Tor,/data1/zcx/ja4tor/data/ja4tor/tor/pcap/20250702_233834.pcap,/data1/zcx/ja4tor/models/fusion_flow_extractor-0.3/output/csv/tor-0927/20250702_233834.csv,2991783,15,0.0,,20,validation,645afe15fde32bd2b83c1413910551349fc486a46b0ec43da903c263ae6bde54,6bf55b36405efe6269c2dbfbc40563e7853f47528ad186dc8fd3f200bbf97ab1
tor:20250702_234537,Tor,/data1/zcx/ja4tor/data/ja4tor/tor/pcap/20250702_234537.pcap,/data1/zcx/ja4tor/models/fusion_flow_extractor-0.3/output/csv/tor-0927/20250702_234537.csv,6589293,17,0.0,,125,train,b1b9fb549c8e66efdc45ac0cf1b3edbdba1e9ba2a03fb9aa8bd92a88f1cab23f,881ceb081485d08a2f8b9cbecaff098c4b11c91abf0b472571c27f471df47f3e
tor:20250702_234633,Tor,/data1/zcx/ja4tor/data/ja4tor/tor/pcap/20250702_234633.pcap,/data1/zcx/ja4tor/models/fusion_flow_extractor-0.3/output/csv/tor-0927/20250702_234633.csv,2676998,16,0.0,,35,test,84ea57b8d845bc49da2443fac8b5a28ec751a7427eb58a67c972a98a6091a62f,e5dabf92710c500a90492563ff595d54f493c1cd5f5a08c1a4454a5040a33989
tor:20250702_235034,Tor,/data1/zcx/ja4tor/data/ja4tor/tor/pcap/20250702_235034.pcap,/data1/zcx/ja4tor/models/fusion_flow_extractor-0.3/output/csv/tor-0927/20250702_235034.csv,2086096,13,0.0,,126,train,1cc05b4ff86cc98939d84c5206795661892d778cc480f22fd894bd016dd76002,af638e953b5bb73dd24398f2d633cdb76e4c37cd827813da02880ecd4631b353
tor:20250702_235239,Tor,/data1/zcx/ja4tor/data/ja4tor/tor/pcap/20250702_235239.pcap,/data1/zcx/ja4tor/models/fusion_flow_extractor-0.3/output/csv/tor-0927/20250702_235239.csv,5699307,17,0.0,,127,train,7f691f11f1da81e10d3d42be31f6032e2e7420a252880c51226e5ec7c8f5cbff,bc66540c41002818f3e98cc1060b90bac2ca6ef5088f5f30e8becc17ae79a83f
tor:20250703_000021,Tor,/data1/zcx/ja4tor/data/ja4tor/tor/pcap/20250703_000021.pcap,/data1/zcx/ja4tor/models/fusion_flow_extractor-0.3/output/csv/tor-0927/20250703_000021.csv,4384267,16,0.0,,128,train,a35dd6361c1c3066ddc35c6e3f01e33328489b0ecc8a73079cde7431387aeb4c,f4fea19cfa006e65ee96fc03e3c10b03348e403c550b6cddbc5b709761cc949a
tor:20250703_000324,Tor,/data1/zcx/ja4tor/data/ja4tor/tor/pcap/20250703_000324.pcap,/data1/zcx/ja4tor/models/fusion_flow_extractor-0.3/output/csv/tor-0927/20250703_000324.csv,10348709,18,0.0,,129,train,f4647b8c267a36bb8b82ada2a04ab8cab60adb16a53f57dbce02f03193c12878,4afc379b53aba3e734fef3da18545114552032566a23c4945ac7cf9995cbdc5d
tor:20250703_000458,Tor,/data1/zcx/ja4tor/data/ja4tor/tor/pcap/20250703_000458.pcap,/data1/zcx/ja4tor/models/fusion_flow_extractor-0.3/output/csv/tor-0927/20250703_000458.csv,1424390,14,0.0,,130,train,93ab7210e6a200ed23ccd13782270e5f0e6c136a154addc0fd5f54b35ded71c5,5994a1b14dde30665d0f6f173ec62d6999bcb60aa0e40bc2f003795f86b09ed7
tor:20250703_000645,Tor,/data1/zcx/ja4tor/data/ja4tor/tor/pcap/20250703_000645.pcap,/data1/zcx/ja4tor/models/fusion_flow_extractor-0.3/output/csv/tor-0927/20250703_000645.csv,1010179,13,0.0,,131,train,8ad1e5a78cba234f9d25ba82e09e5067381b954eacbf75c6f0ba968934610e4f,510ac43cb19fd2f9758de3ce23169a850f099628ed6fac6c87ac5095fd5d4e3f
tor:20250703_000754,Tor,/data1/zcx/ja4tor/data/ja4tor/tor/pcap/20250703_000754.pcap,/data1/zcx/ja4tor/models/fusion_flow_extractor-0.3/output/csv/tor-0927/20250703_000754.csv,5539054,17,0.0,,132,train,69cf546e1eaa23f4012ed5c4eb5bf99dbaf03cdcf1253ca33b1f087b021064f3,78fe2264686b63ef7c074123bd85f263530b6789ba9b9b4b5fdb1cdfffa8faf9
tor:20250703_001047,Tor,/data1/zcx/ja4tor/data/ja4tor/tor/pcap/20250703_001047.pcap,/data1/zcx/ja4tor/models/fusion_flow_extractor-0.3/output/csv/tor-0927/20250703_001047.csv,4654698,15,0.0,,133,train,960508a9d13e58f2adcd95cc9bb959f29ed497e5eb689a4d6e5cbb22523b12a3,53a0ec13d5ae53d7459532262202f527db799bc4297a5cd159fdfb34425f5f28
tor:20250703_001439,Tor,/data1/zcx/ja4tor/data/ja4tor/tor/pcap/20250703_001439.pcap,/data1/zcx/ja4tor/models/fusion_flow_extractor-0.3/output/csv/tor-0927/20250703_001439.csv,6879156,17,0.0,,134,train,35c31776ce3b5d56ddd21665d0a79e25bf9da55b9d64030e128f2388aaa36944,f5a711a57106051f4029a15942976fdbc9340824a6da246b9e231b076f626f82
tor:20250703_001618,Tor,/data1/zcx/ja4tor/data/ja4tor/tor/pcap/20250703_001618.pcap,/data1/zcx/ja4tor/models/fusion_flow_extractor-0.3/output/csv/tor-0927/20250703_001618.csv,760471,13,0.0,,135,train,b777798e5b1f958b5b261da90260c731e9a4800c7ec6f69c6f31651ab1fddc5b,f2be867e59dfcac531ee241666e04d4fb4293e38dbab3936cc1acef54bb749bb
tor:20250703_001906,Tor,/data1/zcx/ja4tor/data/ja4tor/tor/pcap/20250703_001906.pcap,/data1/zcx/ja4tor/models/fusion_flow_extractor-0.3/output/csv/tor-0927/20250703_001906.csv,3417143,15,0.0,,136,train,76732c46c29661568063dbe61bbe095bd47e271401ed333193bffe676bc9a1bc,5635bc20f7b24497e5033d5e23c02edc8440b93158c04084f03052cfa4ca9895
tor:20250703_002015,Tor,/data1/zcx/ja4tor/data/ja4tor/tor/pcap/20250703_002015.pcap,/data1/zcx/ja4tor/models/fusion_flow_extractor-0.3/output/csv/tor-0927/20250703_002015.csv,10154741,19,0.0,,137,train,b87fd32f366c196352e8b4c59245e3e4aac2bf99d2a7f09640473373dce23c24,03b1ccb334ab34a964e36d79ea7b0a5d93fb9757ad1922c2328df5cf6966bde6
tor:20250703_002143,Tor,/data1/zcx/ja4tor/data/ja4tor/tor/pcap/20250703_002143.pcap,/data1/zcx/ja4tor/models/fusion_flow_extractor-0.3/output/csv/tor-0927/20250703_002143.csv,3724383,14,0.0,,138,train,e2f3ecda2cdaaf209fc55b26488e38f18031d9709deb1dd44c672912d4773296,f69162d1fbff31cde168386efce8d73f4a3b410a25bbf0b9990e32e99a428765
tor:20250703_002348,Tor,/data1/zcx/ja4tor/data/ja4tor/tor/pcap/20250703_002348.pcap,/data1/zcx/ja4tor/models/fusion_flow_extractor-0.3/output/csv/tor-0927/20250703_002348.csv,4048408,17,0.0,,139,train,430ad9d596ca232bbc977769e47aff8966ddbb40535df34efdab00c0b1e4a9a0,e2ce117e289ae2b0b34c9958c5b224c4e656f6f746fce59723fc20ae53c1a450
tor:20250703_002551,Tor,/data1/zcx/ja4tor/data/ja4tor/tor/pcap/20250703_002551.pcap,/data1/zcx/ja4tor/models/fusion_flow_extractor-0.3/output/csv/tor-0927/20250703_002551.csv,3033395,14,0.0,,36,test,4a6810f96205e5892a121b0fcb42c9ece05ddf9b6ed55bbd19290422c63b60ed,57f1336ed43a2d5c9463e7c35808daf26f3033cad8f0d8921f7e783c4bbf5c27
tor:20250703_002857,Tor,/data1/zcx/ja4tor/data/ja4tor/tor/pcap/20250703_002857.pcap,/data1/zcx/ja4tor/models/fusion_flow_extractor-0.3/output/csv/tor-0927/20250703_002857.csv,9654705,19,0.0,,140,train,f9278d6fdb3dedad1e6d831ab6d5ebbf1fe037d0037ab0454f5f1d668a9f18c8,9c4fb650cd5776ec73e8e6b8bb81c2aeaa5da8a4a256f1c7d0f7b0776c278aa9
tor:20250703_005122,Tor,/data1/zcx/ja4tor/data/ja4tor/tor/pcap/20250703_005122.pcap,/data1/zcx/ja4tor/models/fusion_flow_extractor-0.3/output/csv/tor-0927/20250703_005122.csv,5900679,18,0.0,,37,test,b91545175f90d6d79d4462a028a2ea43c614cb108b82262544418db6c8f8d6b3,68d3b7fdf0ec19b4745fe7b832e0ee29af481ff064971a61604684c1940f08a2
tor:20250703_010734,Tor,/data1/zcx/ja4tor/data/ja4tor/tor/pcap/20250703_010734.pcap,/data1/zcx/ja4tor/models/fusion_flow_extractor-0.3/output/csv/tor-0927/20250703_010734.csv,6751883,18,0.0,,38,test,5849cdaf370d8c60f1ea41de4dbe1c9a860e1921bf4b37558c24f90caa5c571a,2bd1b4fc7bbe4575e7adf51ff2fa87893d9c7cc1260ad551087d63690f22b3bc
tor:20250703_010923,Tor,/data1/zcx/ja4tor/data/ja4tor/tor/pcap/20250703_010923.pcap,/data1/zcx/ja4tor/models/fusion_flow_extractor-0.3/output/csv/tor-0927/20250703_010923.csv,1425647,13,0.0,,39,test,24cd903945820c80d8189fda7e2d27d2bb42f48306ba34b33163718a0a46144f,2d38eea35ce6aa4cb21385f7ff5c4a27e8a8927b1c1645c817ad4e214426a47b
tor:20250703_011450,Tor,/data1/zcx/ja4tor/data/ja4tor/tor/pcap/20250703_011450.pcap,/data1/zcx/ja4tor/models/fusion_flow_extractor-0.3/output/csv/tor-0927/20250703_011450.csv,5357565,18,0.0,,40,test,1f348c4d1b9a4536eb72c39a93a6430ecee5b4382b400bae25d67e542d44e52b,48df615c8465a497a987e8734d508a619377edd60e9242ec6eeab662f3041d40
tor_ss:20250701_140710,Tor-SS,/data1/zcx/ja4tor/data/ja4tor/tor_ss/pcap/20250701_140710.pcap,/data1/zcx/ja4tor/models/fusion_flow_extractor-0.3/output/csv/tor_ss-0927/20250701_140710.csv,4998226,4,0.5219811248151948,,109,train,63f8dccb22b2713804df108f5152d3811c2281a5919e09572a7112570b4599ec,52b5bb04ed7a2fdb27103b0ca8850bad9331ccc04e9975ed67d3ad0eeccb832d
tor_ss:20250701_142029,Tor-SS,/data1/zcx/ja4tor/data/ja4tor/tor_ss/pcap/20250701_142029.pcap,/data1/zcx/ja4tor/models/fusion_flow_extractor-0.3/output/csv/tor_ss-0927/20250701_142029.csv,5723601,4,0.4918416122093045,,86,train,6cb650dc04ac89feace18a7d262c7fab2c1945feb9d4e59ff63000d3d7c97de0,07347e552639234f200448fe191bc37743b102c1854a394b01b1c71df6d0e41e
tor_ss:20250701_142316,Tor-SS,/data1/zcx/ja4tor/data/ja4tor/tor_ss/pcap/20250701_142316.pcap,/data1/zcx/ja4tor/models/fusion_flow_extractor-0.3/output/csv/tor_ss-0927/20250701_142316.csv,4201941,4,0.37047384931185456,,16,train,7390391775fe1b2341c0aa5e83be59210d0c66379bb8e26cd8c6a00096bad085,c531ef1e88d8adb606e31f96e6f37bbfb0a5920dd84f6767e41fc7a73cc8826a
tor_ss:20250701_143310,Tor-SS,/data1/zcx/ja4tor/data/ja4tor/tor_ss/pcap/20250701_143310.pcap,/data1/zcx/ja4tor/models/fusion_flow_extractor-0.3/output/csv/tor_ss-0927/20250701_143310.csv,3248012,4,0.5651296420308578,,12,validation,4cc20f8462a24d65127de5953cd87ae1c3c31b15746c4f127e319fd87bda610d,3ee05c8472771fc026685a9bce21b98dc2c05444b0b064e925185ad389ceaaad
tor_ss:20250701_143629,Tor-SS,/data1/zcx/ja4tor/data/ja4tor/tor_ss/pcap/20250701_143629.pcap,/data1/zcx/ja4tor/models/fusion_flow_extractor-0.3/output/csv/tor_ss-0927/20250701_143629.csv,3935362,4,0.3432158436742763,,7,train,8d85c6b8f9f2ece780ffd917589738685708f96cf4ded0b54cd7f840026d0073,b78f810b12f8c1c1bfacd5c433c72c31837987d8643922f1b048f2dbe32ff657
tor_ss:20250701_144239,Tor-SS,/data1/zcx/ja4tor/data/ja4tor/tor_ss/pcap/20250701_144239.pcap,/data1/zcx/ja4tor/models/fusion_flow_extractor-0.3/output/csv/tor_ss-0927/20250701_144239.csv,5236505,4,0.43055842483743856,,51,train,c4abde99767e117f8a93c711d91c0939d69dd2fac60fc439a1c22946387416a4,209ae7f798964b56be68cb042f1520e7f22bdbe9cf795e462e3608fd526907cf
tor_ss:20250701_145423,Tor-SS,/data1/zcx/ja4tor/data/ja4tor/tor_ss/pcap/20250701_145423.pcap,/data1/zcx/ja4tor/models/fusion_flow_extractor-0.3/output/csv/tor_ss-0927/20250701_145423.csv,7813214,4,0.45063583164853804,,60,train,cec44953776e722078c7c913711cd5cb23ad3418e5595b8bd2cef790cdb6743f,6081c47b8f2ae646e4852895db41e8fd1655dd70f55c4352fdfd5f7ea5e3d81e
tor_ss:20250701_145932,Tor-SS,/data1/zcx/ja4tor/data/ja4tor/tor_ss/pcap/20250701_145932.pcap,/data1/zcx/ja4tor/models/fusion_flow_extractor-0.3/output/csv/tor_ss-0927/20250701_145932.csv,4773287,4,0.3885790893538623,,23,train,0f7e2ce51147960c97643943a3284dd6afdc2c7bb797f5e1fad021b9e0ad3e7d,c8b6a35bbe7b7ff0ac64dec3047518a15859e6fa5ef5512086f6b01a38a779d4
tor_ss:20250701_150158,Tor-SS,/data1/zcx/ja4tor/data/ja4tor/tor_ss/pcap/20250701_150158.pcap,/data1/zcx/ja4tor/models/fusion_flow_extractor-0.3/output/csv/tor_ss-0927/20250701_150158.csv,3596254,4,0.5599975578849512,,134,train,ff0c4ca143012e103c51962540aeaddafb90821989965e823d07ed3b23f27b85,7e5a521ee960d6e971f68fd0dd0eb425b4375f15889bc50d84a0dfe1d1858221
tor_ss:20250701_150342,Tor-SS,/data1/zcx/ja4tor/data/ja4tor/tor_ss/pcap/20250701_150342.pcap,/data1/zcx/ja4tor/models/fusion_flow_extractor-0.3/output/csv/tor_ss-0927/20250701_150342.csv,3406249,4,0.4330744461992627,,13,test,93d8f3c5bedbcfc124e9d211770d767619a83b1cb11f3938dcb4eeaf22b3dcc9,79cdeadb62bac1b1599dff4704e79c90d727829a9a629262eefb3f1692f17955
tor_ss:20250701_151221,Tor-SS,/data1/zcx/ja4tor/data/ja4tor/tor_ss/pcap/20250701_151221.pcap,/data1/zcx/ja4tor/models/fusion_flow_extractor-0.3/output/csv/tor_ss-0927/20250701_151221.csv,5083990,4,0.4635053716742361,,68,train,dfe47eaf9fcc75d4de1de8b1762cb9f09eca64d106ec423c970a147c90bce098,ab39754c3f235ec1d56ebbbd6444c9cecaf3b9374829e349a39282c8d35dd39b
tor_ss:20250701_151604,Tor-SS,/data1/zcx/ja4tor/data/ja4tor/tor_ss/pcap/20250701_151604.pcap,/data1/zcx/ja4tor/models/fusion_flow_extractor-0.3/output/csv/tor_ss-0927/20250701_151604.csv,3553182,4,0.5411002549767849,,11,validation,7021b931e490d0cfb5c93143579da4c3ee20020054f14ee91185c1c37d3088b1,24e5f5183e7558c545788b5b6b79902300eb0231d2581461bf223875e517000c
tor_ss:20250701_152030,Tor-SS,/data1/zcx/ja4tor/data/ja4tor/tor_ss/pcap/20250701_152030.pcap,/data1/zcx/ja4tor/models/fusion_flow_extractor-0.3/output/csv/tor_ss-0927/20250701_152030.csv,4933012,4,0.5622299923232372,,138,train,686f765b223c865f7204ee3ff74aff426f2d36b5de23dd8f24e3c092eb0c8984,b19fb334bdaf269cff138769a41a636c222ee4e5be715fb0f5eec0dfaa4c4f8a
tor_ss:20250701_152538,Tor-SS,/data1/zcx/ja4tor/data/ja4tor/tor_ss/pcap/20250701_152538.pcap,/data1/zcx/ja4tor/models/fusion_flow_extractor-0.3/output/csv/tor_ss-0927/20250701_152538.csv,3391882,4,0.5245519999308448,,32,test,96894c598451c171d2b8d0bef1545ae6132b6e66e15869f35a6333cd38a24406,b1cdaa77b421eaef7cb1a49569ac0cc124c75974e326af03d7a71692e520a2cb
tor_ss:20250701_152817,Tor-SS,/data1/zcx/ja4tor/data/ja4tor/tor_ss/pcap/20250701_152817.pcap,/data1/zcx/ja4tor/models/fusion_flow_extractor-0.3/output/csv/tor_ss-0927/20250701_152817.csv,3635908,4,0.506644195754845,,27,test,9c76bb750de8932a216dddf7d64c7ea46879536f31a7929fe18e4682e7bffe1d,7fa92a75bd9fcce0051f9e6801b0a22b594926e588e4557b6093c74e41d39e1f
tor_ss:20250701_154441,Tor-SS,/data1/zcx/ja4tor/data/ja4tor/tor_ss/pcap/20250701_154441.pcap,/data1/zcx/ja4tor/models/fusion_flow_extractor-0.3/output/csv/tor_ss-0927/20250701_154441.csv,5612212,4,0.3612486542318164,,3,test,5cae9be82daf8b171474fc9b06eb14c94e129201bb3cae7b59c5198faf468fdc,ae81e66512136255184a3f8084e4db45c356b4494a4209f1d097ebb5d22c3b57
tor_ss:20250701_154542,Tor-SS,/data1/zcx/ja4tor/data/ja4tor/tor_ss/pcap/20250701_154542.pcap,/data1/zcx/ja4tor/models/fusion_flow_extractor-0.3/output/csv/tor_ss-0927/20250701_154542.csv,4864810,4,0.4792522359849227,,79,train,aada19ab58fa21a2f0957a4270686edf7f7f5d4434cc08bb826074291dcdca50,30a18f2c90b0278ce067ae43f9fea9e7b0f7acef6abe541bab22de6e69c878e0
tor_ss:20250701_154646,Tor-SS,/data1/zcx/ja4tor/data/ja4tor/tor_ss/pcap/20250701_154646.pcap,/data1/zcx/ja4tor/models/fusion_flow_extractor-0.3/output/csv/tor_ss-0927/20250701_154646.csv,4979925,4,0.5639787994649996,,140,train,ab84f87bee64ab53c30c45aa457ad66de7f7af9f7993622020051cf2467deda5,08a1cf642adc21f9574359ae225155445a22008bc52091de620579da82abfbbd
tor_ss:20250701_155642,Tor-SS,/data1/zcx/ja4tor/data/ja4tor/tor_ss/pcap/20250701_155642.pcap,/data1/zcx/ja4tor/models/fusion_flow_extractor-0.3/output/csv/tor_ss-0927/20250701_155642.csv,4447502,4,0.5308720105924558,,116,train,8bf4e68230d41e159ab59dbaebe91e9726798252331716761183f9b4e9325540,a1a94a48f0bf396745868ca7df33c01e9de51e9a8f92b23575ce8cdf3a802b57
tor_ss:20250701_155904,Tor-SS,/data1/zcx/ja4tor/data/ja4tor/tor_ss/pcap/20250701_155904.pcap,/data1/zcx/ja4tor/models/fusion_flow_extractor-0.3/output/csv/tor_ss-0927/20250701_155904.csv,5813825,4,0.5102339767642674,,102,train,e8c40cf07999d63f043b142231437976bd98ba8289ceb88c4a90095c27de0ec3,007b744f081274130906035c5104544d6e46131026c6bb09e9f3d86eccf04098
tor_ss:20250701_162222,Tor-SS,/data1/zcx/ja4tor/data/ja4tor/tor_ss/pcap/20250701_162222.pcap,/data1/zcx/ja4tor/models/fusion_flow_extractor-0.3/output/csv/tor_ss-0927/20250701_162222.csv,5575440,4,0.4444108305236232,,57,train,e6cfb62b2e139b1b9456fa1c5a9d7c89e66a761a204410644ea31217e744d1f3,b47d25fc3a40cced65e7052d9674983fd5fd1914166eb48e522d3e26d122b9e7
tor_ss:20250701_162727,Tor-SS,/data1/zcx/ja4tor/data/ja4tor/tor_ss/pcap/20250701_162727.pcap,/data1/zcx/ja4tor/models/fusion_flow_extractor-0.3/output/csv/tor_ss-0927/20250701_162727.csv,3576855,4,0.4894830313887257,,84,train,ed80f549b82705fc1c25217c3c83782097e3c266cfff9c9dbb4214213a8cb3b9,bedbd2bfd34ab2c1c44fde30e59912a6df418166c62c0d6ce6fa3b16ee29c237
tor_ss:20250701_163330,Tor-SS,/data1/zcx/ja4tor/data/ja4tor/tor_ss/pcap/20250701_163330.pcap,/data1/zcx/ja4tor/models/fusion_flow_extractor-0.3/output/csv/tor_ss-0927/20250701_163330.csv,4417654,4,0.559699263862623,,133,train,d6e95f23c1077c20ce1adbbfe64b97c64b3fa39a7e2349f9baea25c578033c38,7ab98abf45cb27a551f3d3c9d0b0e4cc3fbc0118b0791aa4da01af26ac5e8a73
tor_ss:20250701_163506,Tor-SS,/data1/zcx/ja4tor/data/ja4tor/tor_ss/pcap/20250701_163506.pcap,/data1/zcx/ja4tor/models/fusion_flow_extractor-0.3/output/csv/tor_ss-0927/20250701_163506.csv,4314973,4,0.4311197304735779,,12,test,6eb50d4bfbbfba9a0c71472e2aa6a194458cbd30ea387efb382510c7c4c3a3c4,7053594b88d69410b3d078453f790e76d6fb52ff9aa0e2456a24f7d0e6078a64
tor_ss:20250701_163813,Tor-SS,/data1/zcx/ja4tor/data/ja4tor/tor_ss/pcap/20250701_163813.pcap,/data1/zcx/ja4tor/models/fusion_flow_extractor-0.3/output/csv/tor_ss-0927/20250701_163813.csv,6755624,4,0.39009116841350655,,24,train,65248bdc23d29c8d320f784cc80929c8276fe12350528e3717b6ef68aaf1049d,e2ff2515262b0d350a108c05d1de4afb94d1cce7413d28a294605d1042bdef1b
tor_ss:20250701_163919,Tor-SS,/data1/zcx/ja4tor/data/ja4tor/tor_ss/pcap/20250701_163919.pcap,/data1/zcx/ja4tor/models/fusion_flow_extractor-0.3/output/csv/tor_ss-0927/20250701_163919.csv,4737271,4,0.4985080643218096,,24,test,e86431441a53ec2b7b4518636c1f6fb9ae4ae5dd83e654b0a4276333822cd7ff,ec272170e191ceabb5cb6864b8e720aafc74277d645bc79986d13b636074085d
tor_ss:20250701_165352,Tor-SS,/data1/zcx/ja4tor/data/ja4tor/tor_ss/pcap/20250701_165352.pcap,/data1/zcx/ja4tor/models/fusion_flow_extractor-0.3/output/csv/tor_ss-0927/20250701_165352.csv,4202786,4,0.5385098107384886,,123,train,7d4d27e8bdb5ba3151656d5983a5e44f2be6c865e57b53d8a62496791388c0ac,7f711ba35b6f0460558960becf5b4bbf21b27087176dc832f263ec8087378692
tor_ss:20250701_165834,Tor-SS,/data1/zcx/ja4tor/data/ja4tor/tor_ss/pcap/20250701_165834.pcap,/data1/zcx/ja4tor/models/fusion_flow_extractor-0.3/output/csv/tor_ss-0927/20250701_165834.csv,3447726,4,0.4834707849259925,,81,train,ba09e4a73fc793d4e6dedf9100951bc8bea379aae692b61db6802cd074b26e0c,bfacceb764f0188d12d5786d11195572245414de2a0153aab67ca937443959d9
tor_ss:20250701_170553,Tor-SS,/data1/zcx/ja4tor/data/ja4tor/tor_ss/pcap/20250701_170553.pcap,/data1/zcx/ja4tor/models/fusion_flow_extractor-0.3/output/csv/tor_ss-0927/20250701_170553.csv,2406224,4,0.4370803594348994,,15,test,0bc94bf8e98e1f8e01a1fcbeea86ad6627be3fbbd987aeffd32468d80a03737e,a1c10a12a8946a07fe94e9287f5dac9d2bb73e05fcb175a2b6bd02201b3382d5
tor_ss:20250701_171223,Tor-SS,/data1/zcx/ja4tor/data/ja4tor/tor_ss/pcap/20250701_171223.pcap,/data1/zcx/ja4tor/models/fusion_flow_extractor-0.3/output/csv/tor_ss-0927/20250701_171223.csv,3264155,4,0.5179532514545779,,106,train,73a569f1b47b656d8c9f3ff6efa429d786bd4d85869e5ca584ac9c083ed06ed1,6da0e59384515f5c4779f602158fe620a7ad894b8c76e936263aea375a52a126
tor_ss:20250701_171521,Tor-SS,/data1/zcx/ja4tor/data/ja4tor/tor_ss/pcap/20250701_171521.pcap,/data1/zcx/ja4tor/models/fusion_flow_extractor-0.3/output/csv/tor_ss-0927/20250701_171521.csv,5243189,4,0.45467091501326384,,62,train,141f025674573661ef1cfa95a6b8ae3794ce50fc85e0e0e260f70a9d22eb59b3,ca107eaa0732ed79a5c40d14ccb4bc52f072871fb08a6ee3b0a7f0fcb811ccb5
tor_ss:20250701_171944,Tor-SS,/data1/zcx/ja4tor/data/ja4tor/tor_ss/pcap/20250701_171944.pcap,/data1/zcx/ja4tor/models/fusion_flow_extractor-0.3/output/csv/tor_ss-0927/20250701_171944.csv,1225288,4,0.50730924406625,,98,train,45bb815554abbb4b74b9f7dffd1521b868e1a4832dde3ab9230a61c28bb873fb,59b98fc6be916995b1751d1f69d03ed8f49eefdfd7163dbf7a15f69729493ecb
tor_ss:20250701_172026,Tor-SS,/data1/zcx/ja4tor/data/ja4tor/tor_ss/pcap/20250701_172026.pcap,/data1/zcx/ja4tor/models/fusion_flow_extractor-0.3/output/csv/tor_ss-0927/20250701_172026.csv,3817840,4,0.5915715566920048,,17,validation,5c5c347fe23bcce66208cecf3a6b8ec8eb0addf56bcd707ca8ada0be06c989cb,769dc22b6f16123d51f0c0513403f618ddd4792bab1b4ca1bd381e5472156a5e
tor_ss:20250701_172621,Tor-SS,/data1/zcx/ja4tor/data/ja4tor/tor_ss/pcap/20250701_172621.pcap,/data1/zcx/ja4tor/models/fusion_flow_extractor-0.3/output/csv/tor_ss-0927/20250701_172621.csv,4579195,4,0.5602485599918551,,135,train,b80e8b84b20578f4294c2958619d2f1355f77de64d7ad48e0eb9154d357ee3a5,269c7791de061efbea7e4e15b13dcb7734149b0208f91cbb8a55413de8ac943c
tor_ss:20250701_172651,Tor-SS,/data1/zcx/ja4tor/data/ja4tor/tor_ss/pcap/20250701_172651.pcap,/data1/zcx/ja4tor/models/fusion_flow_extractor-0.3/output/csv/tor_ss-0927/20250701_172651.csv,5185524,4,0.463251105702839,,67,train,326759090d77755407343afa69d35773c2254add65269eccb1c5d2b084aef009,761f3e8dad77dcf056faea15743eb15e47f703b48d9b5f178764f8e4275357ae
tor_ss:20250701_172754,Tor-SS,/data1/zcx/ja4tor/data/ja4tor/tor_ss/pcap/20250701_172754.pcap,/data1/zcx/ja4tor/models/fusion_flow_extractor-0.3/output/csv/tor_ss-0927/20250701_172754.csv,4727223,4,0.5288496085472685,,35,test,dfea5a44aec9bdbf9f439458c13246ea7e65d079012d4abebfc77faa025adb30,8338aeb10a2ee03eda251a8c800fd4bfeaef06b15e3c64b0548411dd023cba26
tor_ss:20250701_173815,Tor-SS,/data1/zcx/ja4tor/data/ja4tor/tor_ss/pcap/20250701_173815.pcap,/data1/zcx/ja4tor/models/fusion_flow_extractor-0.3/output/csv/tor_ss-0927/20250701_173815.csv,4536027,4,0.2498433617382132,,2,train,bdb9b589a5d5d969e5fece6d90f247ce4be16c13e9e922a1b82290002c62963c,b600baa55eabdc5edd08a4639b28460e3dcffc2ae8486b927ba3670bcf3be4a2
tor_ss:20250701_174155,Tor-SS,/data1/zcx/ja4tor/data/ja4tor/tor_ss/pcap/20250701_174155.pcap,/data1/zcx/ja4tor/models/fusion_flow_extractor-0.3/output/csv/tor_ss-0927/20250701_174155.csv,4773427,4,0.42583299922199963,,47,train,f1fb455753572168cccc66bb3d11a9f6a5a12b282d5225edcb78421c12de2a7c,7ccdf0aa999733f85027c4e42b8455a5da8a290f8fa4bfd4bf3f170d83eeb021
tor_ss:20250701_174334,Tor-SS,/data1/zcx/ja4tor/data/ja4tor/tor_ss/pcap/20250701_174334.pcap,/data1/zcx/ja4tor/models/fusion_flow_extractor-0.3/output/csv/tor_ss-0927/20250701_174334.csv,2994242,4,0.3660921940964238,,5,test,958dc6c3185d179e40feff95cc3be3a86148f2ad0487da3caaa8d992e1600022,2d3e28410fa7547030bba844cb9647bd28ddb45dc96e630f44fc242c61c01829
tor_ss:20250701_174700,Tor-SS,/data1/zcx/ja4tor/data/ja4tor/tor_ss/pcap/20250701_174700.pcap,/data1/zcx/ja4tor/models/fusion_flow_extractor-0.3/output/csv/tor_ss-0927/20250701_174700.csv,3582296,4,0.547263495504476,,38,test,145ea5e53c5f789287d2aec569ea0eabd5f2f492f24c46b437ab22049bbf080f,2ede3175f27589ef6e5df706ac5141f4195af7f7ff75e97588fcb0db094dc742
tor_ss:20250701_175625,Tor-SS,/data1/zcx/ja4tor/data/ja4tor/tor_ss/pcap/20250701_175625.pcap,/data1/zcx/ja4tor/models/fusion_flow_extractor-0.3/output/csv/tor_ss-0927/20250701_175625.csv,4315640,4,0.45507137040137646,,63,train,258c358c18e11cf852232a526ab1b616c0a0474bfa401e0267f75dd90dc65d6f,662f7dea726d0ad8a32e3d4c07d31dffaccfb46a636b4636a39796e31dc6adb8
tor_ss:20250701_180210,Tor-SS,/data1/zcx/ja4tor/data/ja4tor/tor_ss/pcap/20250701_180210.pcap,/data1/zcx/ja4tor/models/fusion_flow_extractor-0.3/output/csv/tor_ss-0927/20250701_180210.csv,3615374,4,0.5046058691933148,,26,test,fe8351194c164f6aaa63fa888b40d7499f6d24c76a8cb30631c7e506ad25ac34,8881b39edae8fabb1d1525b5d09631bcb1ede1881f7e885e70f933298e8821f0
tor_ss:20250701_182131,Tor-SS,/data1/zcx/ja4tor/data/ja4tor/tor_ss/pcap/20250701_182131.pcap,/data1/zcx/ja4tor/models/fusion_flow_extractor-0.3/output/csv/tor_ss-0927/20250701_182131.csv,4928718,4,0.3640786553614107,,11,train,0a2d885ff5088256267b841ab3fe1060bd431e6bba9fb34c353771100434b0ba,ac18812bdb6425d025c4008531fb2f2209fc388df9f151ff407fc9f8ce21d7b4
tor_ss:20250701_182323,Tor-SS,/data1/zcx/ja4tor/data/ja4tor/tor_ss/pcap/20250701_182323.pcap,/data1/zcx/ja4tor/models/fusion_flow_extractor-0.3/output/csv/tor_ss-0927/20250701_182323.csv,2647485,4,0.5739092717657065,,13,validation,a106543a1cf70a8218037b1849839edb373202e0814d361f63101c9ea413d3c4,bb4873d5dc31d7ba1f2b8e28da399de3cb92f69dc40e5fb6ee5808d7ded53b54
tor_ss:20250701_182427,Tor-SS,/data1/zcx/ja4tor/data/ja4tor/tor_ss/pcap/20250701_182427.pcap,/data1/zcx/ja4tor/models/fusion_flow_extractor-0.3/output/csv/tor_ss-0927/20250701_182427.csv,4559840,4,0.5231603794913176,,10,validation,a927ac35be2c2b8afad5b61a09639e2877e8b7cf606a7800d599459878088593,41fffa5e01b9f5b9ad61b763ea069188b3de3cdffbaa04475f51f17cb5fb7086
tor_ss:20250701_182459,Tor-SS,/data1/zcx/ja4tor/data/ja4tor/tor_ss/pcap/20250701_182459.pcap,/data1/zcx/ja4tor/models/fusion_flow_extractor-0.3/output/csv/tor_ss-0927/20250701_182459.csv,3704959,4,0.41641423833821783,,40,train,12a1e9d74e7a58b06ee90c0f95d73ac916b69f2db558bfe081333a84f5f63143,a0135c4b610ff3dd935ee0e171840631656fa8c2c11bfe7255723c12298bddf5
tor_ss:20250701_184736,Tor-SS,/data1/zcx/ja4tor/data/ja4tor/tor_ss/pcap/20250701_184736.pcap,/data1/zcx/ja4tor/models/fusion_flow_extractor-0.3/output/csv/tor_ss-0927/20250701_184736.csv,3996847,4,0.5073842700279864,,99,train,e2d05664f7221e84273c6e755102c7922965b25298c223ed4afa7777b5a78080,d1ae65ccc9c1f83dcc8cbafb061642bfab760a1196f3511482d9c8a24540280a
tor_ss:20250701_184924,Tor-SS,/data1/zcx/ja4tor/data/ja4tor/tor_ss/pcap/20250701_184924.pcap,/data1/zcx/ja4tor/models/fusion_flow_extractor-0.3/output/csv/tor_ss-0927/20250701_184924.csv,2644636,4,0.5322852360421709,,117,train,5c1fcabdf42f84a7f3572303178f74bfc2c051c4b5e122ed3f880e43f2a2bffd,f1c46ea3b059dc5477d2579163ace6d89b1cf5132d03d1b84297ded01d04e42a
tor_ss:20250701_185310,Tor-SS,/data1/zcx/ja4tor/data/ja4tor/tor_ss/pcap/20250701_185310.pcap,/data1/zcx/ja4tor/models/fusion_flow_extractor-0.3/output/csv/tor_ss-0927/20250701_185310.csv,3148379,4,0.4153919926416121,,39,train,4cd3b2992a1d127fcaf857972905212cb7c8e519522881a9f2b90c644fcff7da,771b70fd91f2979cb07371229219ef0f80f97d675dd4a81eeec707248a99a9f1
tor_ss:20250701_191141,Tor-SS,/data1/zcx/ja4tor/data/ja4tor/tor_ss/pcap/20250701_191141.pcap,/data1/zcx/ja4tor/models/fusion_flow_extractor-0.3/output/csv/tor_ss-0927/20250701_191141.csv,7330848,4,0.5303544629171146,,114,train,b62653459f61009d33a7fecdbea80a44da8753c6e57793c6f584aaafa6c110e6,1a70777d40137eea86e37d7ce9bf532cb1415fcfda0794e6cc70097094d2c216
tor_ss:20250701_191943,Tor-SS,/data1/zcx/ja4tor/data/ja4tor/tor_ss/pcap/20250701_191943.pcap,/data1/zcx/ja4tor/models/fusion_flow_extractor-0.3/output/csv/tor_ss-0927/20250701_191943.csv,4984978,4,0.5485828613128789,,127,train,a7371880dd4d796986fb39dda20ef0f4b8368fd4c653fedf111993a765f0fcc0,0baacbda254d9a4181cabf3b18f934458544581bdc1954bb0f37c10562de4c3b
tor_ss:20250701_192836,Tor-SS,/data1/zcx/ja4tor/data/ja4tor/tor_ss/pcap/20250701_192836.pcap,/data1/zcx/ja4tor/models/fusion_flow_extractor-0.3/output/csv/tor_ss-0927/20250701_192836.csv,4360949,4,0.5167604479878851,,31,test,5e5ffa65559200489a39325f6bc2a24d7aa62d2b183d239f210e59eb9e338f83,91f149c02ec182a4b9cc008d341f6f0543043701035ae7d0e2e1b196fc7aed9f
tor_ss:20250701_194002,Tor-SS,/data1/zcx/ja4tor/data/ja4tor/tor_ss/pcap/20250701_194002.pcap,/data1/zcx/ja4tor/models/fusion_flow_extractor-0.3/output/csv/tor_ss-0927/20250701_194002.csv,4952098,4,0.45131708798319925,,61,train,97501e0dcb0bdaea1ad99113f964466a753b3183dc3ab7dbfe7a08da0035522f,5cc1811570417bb30e335dcbcfc2def0247d00b22d281f9d12b9e4e745afe92b
tor_ss:20250701_195925,Tor-SS,/data1/zcx/ja4tor/data/ja4tor/tor_ss/pcap/20250701_195925.pcap,/data1/zcx/ja4tor/models/fusion_flow_extractor-0.3/output/csv/tor_ss-0927/20250701_195925.csv,4428644,4,0.4651323938087789,,70,train,1a21884630150ed247f25ea89e9a8a2f3d71e5768c89872480799df69a7446a2,44687a8af067ff148dcc0b09dd47f24712c00b4afc5614d83698bcc03bbe449a
tor_ss:20250701_200826,Tor-SS,/data1/zcx/ja4tor/data/ja4tor/tor_ss/pcap/20250701_200826.pcap,/data1/zcx/ja4tor/models/fusion_flow_extractor-0.3/output/csv/tor_ss-0927/20250701_200826.csv,5251811,4,0.5322904202845913,,118,train,2f856ae91ccd049f3264fc6efeb2a02c9a696366c5e728d07612bb956ae03cbc,d58e826e2c5277c9fad9ef796c866f85158ce88fd84c28fb4bdb1bb10783229e
tor_ss:20250701_200958,Tor-SS,/data1/zcx/ja4tor/data/ja4tor/tor_ss/pcap/20250701_200958.pcap,/data1/zcx/ja4tor/models/fusion_flow_extractor-0.3/output/csv/tor_ss-0927/20250701_200958.csv,4616920,4,0.5872082313749225,,16,validation,9dc75c0effc63375ef2dd74b8d3046c9e9c9b492806a55d33d78250fdfecf6a7,0e13e8263ee5203246575d9485920f8edb78c9f1f627f057c25ca0ab87a66753
tor_ss:20250701_201147,Tor-SS,/data1/zcx/ja4tor/data/ja4tor/tor_ss/pcap/20250701_201147.pcap,/data1/zcx/ja4tor/models/fusion_flow_extractor-0.3/output/csv/tor_ss-0927/20250701_201147.csv,3832208,4,0.4634052711153117,,18,test,827cf7ba7cd9e32ecb2cb33dc5ece800e42fbaa4592e6167ae5abfe01059b1e5,0835c8e3ac0013d1e2ef558bac811afa213e4763fd1f71f21cf876a0a3cbb4f5
tor_ss:20250701_202903,Tor-SS,/data1/zcx/ja4tor/data/ja4tor/tor_ss/pcap/20250701_202903.pcap,/data1/zcx/ja4tor/models/fusion_flow_extractor-0.3/output/csv/tor_ss-0927/20250701_202903.csv,3838698,4,0.450146240488813,,58,train,81eb8f837ffff0c974940dbdcd0916e47ff6d461d09b6a3b3b74444f9305dbe4,96ff69846a8942ab42c945df2013b02c0c1a568a29432886b1dedec959e1e715
tor_ss:20250701_203535,Tor-SS,/data1/zcx/ja4tor/data/ja4tor/tor_ss/pcap/20250701_203535.pcap,/data1/zcx/ja4tor/models/fusion_flow_extractor-0.3/output/csv/tor_ss-0927/20250701_203535.csv,6260725,4,0.5339349032700482,,119,train,f9e1e5d6e119694b6fb3d89dc4c08982956c10a6285b895a18b6a8a41bc72381,e428707fa0f0c926ddb79d21f592c801a3c5545c24a55bcd16a9e5877036ed60
tor_ss:20250701_203608,Tor-SS,/data1/zcx/ja4tor/data/ja4tor/tor_ss/pcap/20250701_203608.pcap,/data1/zcx/ja4tor/models/fusion_flow_extractor-0.3/output/csv/tor_ss-0927/20250701_203608.csv,4761246,4,0.5087120406746375,,101,train,bc380098508796cca6a2fc0b96e3d6466d233f3867f713258341327689e4ebc9,05df887079e699016a01f06e4849da672579ae44e2d95b66ab49a8732d918fcb
tor_ss:20250701_203946,Tor-SS,/data1/zcx/ja4tor/data/ja4tor/tor_ss/pcap/20250701_203946.pcap,/data1/zcx/ja4tor/models/fusion_flow_extractor-0.3/output/csv/tor_ss-0927/20250701_203946.csv,2628780,4,0.4061735282312658,,36,train,d62defc8661b061340b88a09f899ba05a76e3d020a345ef131056a42cdfbd508,06e5e4714cedcb07dedc385f99daa4dfbf38978bc57c11c9c401da5ae6d12a23
tor_ss:20250701_204555,Tor-SS,/data1/zcx/ja4tor/data/ja4tor/tor_ss/pcap/20250701_204555.pcap,/data1/zcx/ja4tor/models/fusion_flow_extractor-0.3/output/csv/tor_ss-0927/20250701_204555.csv,13858182,4,0.40292375748900244,,33,train,dfd274e9195b4c06f5a31d3d58e9f254c1fee0b1201dd01ac4bbfae3a30b5dfe,2d259f250bbbc32b11f796b522130f65d9856b6e09ccd7f8e2f1781aed47e0c9
tor_ss:20250701_204637,Tor-SS,/data1/zcx/ja4tor/data/ja4tor/tor_ss/pcap/20250701_204637.pcap,/data1/zcx/ja4tor/models/fusion_flow_extractor-0.3/output/csv/tor_ss-0927/20250701_204637.csv,5388047,4,0.5023600034622815,,94,train,65d598706f9d5131d657e220aaf0f5cd491a09a5d5f09d99b80b586a25505683,0393080a5e982bb7c3550f92f720d12b835b161c563c09a48f808d32e1da9447
tor_ss:20250701_204927,Tor-SS,/data1/zcx/ja4tor/data/ja4tor/tor_ss/pcap/20250701_204927.pcap,/data1/zcx/ja4tor/models/fusion_flow_extractor-0.3/output/csv/tor_ss-0927/20250701_204927.csv,2424708,4,0.4866444697254859,,8,validation,e24b519065eed5958aa860e03d3b2e58e44856448f5d111defaf6da05269afea,596d385ec924643050b7699b66646b13d8bf20cbbacb45d2527ba5853adb4e1c
tor_ss:20250701_205855,Tor-SS,/data1/zcx/ja4tor/data/ja4tor/tor_ss/pcap/20250701_205855.pcap,/data1/zcx/ja4tor/models/fusion_flow_extractor-0.3/output/csv/tor_ss-0927/20250701_205855.csv,8141760,4,0.3324090435527335,,2,validation,8f6481ba41b08d7610ecf62656a99f30d3b9baa4ec753a2348fd33a2fd6d2cf5,e029cd7116fb64188c610d579183081c781ffc58b03f85b4711236456f60477b
tor_ss:20250701_210253,Tor-SS,/data1/zcx/ja4tor/data/ja4tor/tor_ss/pcap/20250701_210253.pcap,/data1/zcx/ja4tor/models/fusion_flow_extractor-0.3/output/csv/tor_ss-0927/20250701_210253.csv,7054453,4,0.45017650997638514,,59,train,263f3cdb1c60fd18234a959b2301f13cbcec61d9022a489e0910084c453a5c23,bc2cf720ab635762c5790533e47c621e21d097a56c79aba5bd5033df9421db36
tor_ss:20250701_210351,Tor-SS,/data1/zcx/ja4tor/data/ja4tor/tor_ss/pcap/20250701_210351.pcap,/data1/zcx/ja4tor/models/fusion_flow_extractor-0.3/output/csv/tor_ss-0927/20250701_210351.csv,5644788,4,0.35164263524241607,,9,train,e8f8ce837af56c617795b0eb7ccb56f820abfaf34d02d9d1b1bb2e91956cf130,9936ad87b424623d486679779a4261f5fe6571bb222d5108660e64f43e47f433
tor_ss:20250701_210644,Tor-SS,/data1/zcx/ja4tor/data/ja4tor/tor_ss/pcap/20250701_210644.pcap,/data1/zcx/ja4tor/models/fusion_flow_extractor-0.3/output/csv/tor_ss-0927/20250701_210644.csv,3873506,4,0.5344204101443366,,120,train,eb64832716a296545cc6f9050a32e7e1dda396a8085519d5f6cf6b4dc14278d6,4009f24d0e05c3d6be481f1dfd043cada1909632592878be9ea8c22720014857
tor_ss:20250701_211250,Tor-SS,/data1/zcx/ja4tor/data/ja4tor/tor_ss/pcap/20250701_211250.pcap,/data1/zcx/ja4tor/models/fusion_flow_extractor-0.3/output/csv/tor_ss-0927/20250701_211250.csv,4545408,4,0.39455292267121433,,28,train,1fada45e388792d3c2af103d9498f181a646ec08319b9344a61e45bb93cf39f2,c9df770153907a09d03e188ffde52f083bf23f74299c856403ffaca3a7604e37
tor_ss:20250701_213049,Tor-SS,/data1/zcx/ja4tor/data/ja4tor/tor_ss/pcap/20250701_213049.pcap,/data1/zcx/ja4tor/models/fusion_flow_extractor-0.3/output/csv/tor_ss-0927/20250701_213049.csv,2757306,4,0.4397805646118107,,55,train,94074e0e6edf46fa358dd0c0f5a2c57b7ccf447496fe7fe08b98d3628004c6c0,bafc9f5ea046478be780c4dd0f9764dba4af3b551a253e940e2668975a229d38
tor_ss:20250701_214552,Tor-SS,/data1/zcx/ja4tor/data/ja4tor/tor_ss/pcap/20250701_214552.pcap,/data1/zcx/ja4tor/models/fusion_flow_extractor-0.3/output/csv/tor_ss-0927/20250701_214552.csv,2119011,4,0.4590061363610466,,64,train,b98478034d43cfbaa4d5f7f7f7a4444a5cef7a6c41ba5bf51029a5430f619df6,09b34815e717bd76a3bca066d20f14126a569be2101dd2e415f797af470a36f7
tor_ss:20250701_214750,Tor-SS,/data1/zcx/ja4tor/data/ja4tor/tor_ss/pcap/20250701_214750.pcap,/data1/zcx/ja4tor/models/fusion_flow_extractor-0.3/output/csv/tor_ss-0927/20250701_214750.csv,1245842,4,0.3608940495446975,,10,train,06b2ddbb1ab857f0f4fe64662bf77f2dcc515eaaa2165ac4668b35ae58533b92,6e11f3d9d159571561453a16ce1e3f89c27d79678d154eebd7da2d0ea347b3ab
tor_ss:20250701_214924,Tor-SS,/data1/zcx/ja4tor/data/ja4tor/tor_ss/pcap/20250701_214924.pcap,/data1/zcx/ja4tor/models/fusion_flow_extractor-0.3/output/csv/tor_ss-0927/20250701_214924.csv,5092110,4,0.5137527201787224,,104,train,6ec8a8bcf9fb305fdbd2cd05a8379abb732cbf397e6f96c86de89b342b5b79d1,4ea813be9406d676b7142b2220c9b749ac86f7310e194e9f7ca4e265c60e5ae8
tor_ss:20250701_215106,Tor-SS,/data1/zcx/ja4tor/data/ja4tor/tor_ss/pcap/20250701_215106.pcap,/data1/zcx/ja4tor/models/fusion_flow_extractor-0.3/output/csv/tor_ss-0927/20250701_215106.csv,4368880,4,0.48021828474710315,,80,train,09cf22782bb89b0f43aabd983f74871ca83e1af682068c35aefb9e9de4951031,2850c3bf3e198caab045e7d27bc6e4509615efd22a3cf486632b93261e2eb254
tor_ss:20250701_215433,Tor-SS,/data1/zcx/ja4tor/data/ja4tor/tor_ss/pcap/20250701_215433.pcap,/data1/zcx/ja4tor/models/fusion_flow_extractor-0.3/output/csv/tor_ss-0927/20250701_215433.csv,5515294,4,0.44237278428516114,,56,train,0978b52658693547c7cc71cde86f354ad099109d1fdc992a39d126f4191d6661,80c09ecce0580f6dac29c2cafb63f02753db4839e67d92c82e2a8c099698f00a
tor_ss:20250701_215459,Tor-SS,/data1/zcx/ja4tor/data/ja4tor/tor_ss/pcap/20250701_215459.pcap,/data1/zcx/ja4tor/models/fusion_flow_extractor-0.3/output/csv/tor_ss-0927/20250701_215459.csv,2664182,4,0.36487214369244303,,13,train,01aa6ce9cdfe3a5c7d8f0499890f93101cc5119ee84c9f2de8734ed7f77a3db8,40429ffd6fae2e86610bea348b7292f19e1a8f78810ce93cf61dc51f53ed4bc6
tor_ss:20250701_215559,Tor-SS,/data1/zcx/ja4tor/data/ja4tor/tor_ss/pcap/20250701_215559.pcap,/data1/zcx/ja4tor/models/fusion_flow_extractor-0.3/output/csv/tor_ss-0927/20250701_215559.csv,4525579,4,0.39627304517655193,,29,train,7a2020335b44ca5046767fb85522517bd84f270b739a2d550dbebb71fbf5213d,92cfd2eadf6f08c5288f8113eebd9481f464bc1c3391dde6f0f63562acfea62f
tor_ss:20250701_220024,Tor-SS,/data1/zcx/ja4tor/data/ja4tor/tor_ss/pcap/20250701_220024.pcap,/data1/zcx/ja4tor/models/fusion_flow_extractor-0.3/output/csv/tor_ss-0927/20250701_220024.csv,3524341,4,0.3938745510856253,,27,train,cfed9d4ab1d27d79f2eb454330ec0b5c34f1d3e8b9688b5465d953981d78a7ca,184d66d72ca0b7666b9347d78c7c7ddb1b037ac5fcf54db5859adcb82672a10e
tor_ss:20250701_220200,Tor-SS,/data1/zcx/ja4tor/data/ja4tor/tor_ss/pcap/20250701_220200.pcap,/data1/zcx/ja4tor/models/fusion_flow_extractor-0.3/output/csv/tor_ss-0927/20250701_220200.csv,9579397,4,0.43040568869647555,,11,test,ee68add800d06b51e9438769d1a3517eae0dc340965925e94547e8b1848b483d,8b0178b5f1345b10b3534f536776711d69ad80b968978a00fa3c7b2379240d24
tor_ss:20250701_220441,Tor-SS,/data1/zcx/ja4tor/data/ja4tor/tor_ss/pcap/20250701_220441.pcap,/data1/zcx/ja4tor/models/fusion_flow_extractor-0.3/output/csv/tor_ss-0927/20250701_220441.csv,4150807,4,0.4594155844155844,,6,validation,a6e558b5f0e861294bf0c6208493de51ac3e7b2f14e01bf0de7ada5c6386be4f,d84fc26c333e1f19e658d7e84582f6da3e89f4a48fd921cfd45c4fa0b1708925
tor_ss:20250701_220842,Tor-SS,/data1/zcx/ja4tor/data/ja4tor/tor_ss/pcap/20250701_220842.pcap,/data1/zcx/ja4tor/models/fusion_flow_extractor-0.3/output/csv/tor_ss-0927/20250701_220842.csv,3932812,4,0.3464808196373226,,8,train,1dd1d3a0d8262836e279a7a60e73ac9bf889b513aaa7e0abce0d841bf34e589d,7cd595fd153de57fcfb14c8fc881b1e24c415f4d04d98cad0c5c82a92d5e594d
tor_ss:20250701_221751,Tor-SS,/data1/zcx/ja4tor/data/ja4tor/tor_ss/pcap/20250701_221751.pcap,/data1/zcx/ja4tor/models/fusion_flow_extractor-0.3/output/csv/tor_ss-0927/20250701_221751.csv,5028976,4,0.2771887579723838,,3,train,b41bceffbb87afd8598e03888ced69097d83df433e06d325dd1a0ee672d0bf86,6f713c4e26e1a945f69aa55e74b27dfab252642430b80075e3b5742f56301040
tor_ss:20250701_222228,Tor-SS,/data1/zcx/ja4tor/data/ja4tor/tor_ss/pcap/20250701_222228.pcap,/data1/zcx/ja4tor/models/fusion_flow_extractor-0.3/output/csv/tor_ss-0927/20250701_222228.csv,2758205,4,0.46995016602822554,,73,train,f7f6540004ce43141b17008fa460f97753bafa9ce9845dcfc365b29f8b6bfc5f,3a44f5de276af69cd37f3b5ad34fc71ba26aaafcf225b9e7d5a1b497a9022914
tor_ss:20250701_224134,Tor-SS,/data1/zcx/ja4tor/data/ja4tor/tor_ss/pcap/20250701_224134.pcap,/data1/zcx/ja4tor/models/fusion_flow_extractor-0.3/output/csv/tor_ss-0927/20250701_224134.csv,5515615,4,0.3903712319154954,,25,train,4269f92c1766c6fd17695ff3cae5ade2b00aac0c57096f4431e06a268f203125,1f1e30f7ea13fc38a4336a40434560ce7141758470b3441c493f458d97f7f753
tor_ss:20250701_224231,Tor-SS,/data1/zcx/ja4tor/data/ja4tor/tor_ss/pcap/20250701_224231.pcap,/data1/zcx/ja4tor/models/fusion_flow_extractor-0.3/output/csv/tor_ss-0927/20250701_224231.csv,5087174,4,0.4323534069008018,,54,train,e6324e6a3ab2322fe2596082382ee76e84df9452ad8ba36c0eac69aa124c3b8c,30a9a12e4e877784ed6f5731f678b763540f97cc68e63cbb234dd83a60872ece
tor_ss:20250701_224331,Tor-SS,/data1/zcx/ja4tor/data/ja4tor/tor_ss/pcap/20250701_224331.pcap,/data1/zcx/ja4tor/models/fusion_flow_extractor-0.3/output/csv/tor_ss-0927/20250701_224331.csv,5258803,4,0.3658557277200013,,14,train,8597e0b8af2cba3c432a772b5645356429dea8699a99692825ed308ff798a77a,5bcbf1b8e94655d2edf9b93094fd1d7ab782bbadeb6947a0898c7a1337ecf568
tor_ss:20250701_224438,Tor-SS,/data1/zcx/ja4tor/data/ja4tor/tor_ss/pcap/20250701_224438.pcap,/data1/zcx/ja4tor/models/fusion_flow_extractor-0.3/output/csv/tor_ss-0927/20250701_224438.csv,4715742,4,0.4132053278550889,,37,train,142d0b06a4032a4fc87b202409d4c3d045aedf26dfbec11d60ac6f7cc06677bb,843f74f540c59fe4694590e4b0f2cc4efea15d711c26534982cae2c529bfee9e
tor_ss:20250701_224745,Tor-SS,/data1/zcx/ja4tor/data/ja4tor/tor_ss/pcap/20250701_224745.pcap,/data1/zcx/ja4tor/models/fusion_flow_extractor-0.3/output/csv/tor_ss-0927/20250701_224745.csv,3718286,4,0.6208035495642439,,19,validation,c636dfd68a3423a234e4fd9c169ac9d67a390ccd0c15422a189f171c173c652e,f85b37c7e97825ca72e17dbcb97e5c898706b406c02869cf20b39625f8ade4e3
tor_ss:20250701_225341,Tor-SS,/data1/zcx/ja4tor/data/ja4tor/tor_ss/pcap/20250701_225341.pcap,/data1/zcx/ja4tor/models/fusion_flow_extractor-0.3/output/csv/tor_ss-0927/20250701_225341.csv,9358394,4,0.394716676487234,,8,test,767636d44c174333bdeb7f32bc2d6304591413a2a2fd220cbc6862fbb47e71f0,48b19374be9a9382744ba21facab7c38e700c4a027fc93b4be2943bf7ef1d5b7
tor_ss:20250701_225435,Tor-SS,/data1/zcx/ja4tor/data/ja4tor/tor_ss/pcap/20250701_225435.pcap,/data1/zcx/ja4tor/models/fusion_flow_extractor-0.3/output/csv/tor_ss-0927/20250701_225435.csv,4441560,4,0.49766270178606176,,92,train,bb2419a2f80608ab143b6429751b481bf53e559f6d602cd3e9f33706c9058c12,7f20272d3dc874edb36bc3a286a3773c9c6c0d8c35d029c474597a98a7b1e289
tor_ss:20250701_234458,Tor-SS,/data1/zcx/ja4tor/data/ja4tor/tor_ss/pcap/20250701_234458.pcap,/data1/zcx/ja4tor/models/fusion_flow_extractor-0.3/output/csv/tor_ss-0927/20250701_234458.csv,3827583,4,0.4985372629818632,,25,test,7d60131e3b5b3ba1a5e128fafa08ab145c73627e4db9f640c5369e30aac2a9d8,9d203fcdffd76499d5b47a69e6e7e1830ccace7566319b10ad6f8adbfa641d52
tor_ss:20250701_234620,Tor-SS,/data1/zcx/ja4tor/data/ja4tor/tor_ss/pcap/20250701_234620.pcap,/data1/zcx/ja4tor/models/fusion_flow_extractor-0.3/output/csv/tor_ss-0927/20250701_234620.csv,3679189,4,0.46537687123443566,,71,train,a319b85e59274cb9a872973c68589a48045539ec37e4542281d3eb6ba3864dac,3030480ee25a156a2dac1dcc2500efa78f8404164ff1f48ebe04d3765951d765
tor_ss:20250701_235435,Tor-SS,/data1/zcx/ja4tor/data/ja4tor/tor_ss/pcap/20250701_235435.pcap,/data1/zcx/ja4tor/models/fusion_flow_extractor-0.3/output/csv/tor_ss-0927/20250701_235435.csv,3757309,4,0.4635438858667168,,69,train,9363acd97fe2ddabdb3d0419083fedf73f425e92ee4b4596988534f90d1abebd,ede8a7289ea05b07894cea2749a1f8f0edb5a2a1337f634aa7a9b9e2bd846950
tor_ss:20250701_235619,Tor-SS,/data1/zcx/ja4tor/data/ja4tor/tor_ss/pcap/20250701_235619.pcap,/data1/zcx/ja4tor/models/fusion_flow_extractor-0.3/output/csv/tor_ss-0927/20250701_235619.csv,2785562,4,0.3626003605107555,,4,test,1e35cf64749819b766c07295e183b785ec90652b2141cc31e896471c1791f2bd,1804dc4c5f39582f8267f6197a90f05d8d85f592066c7c93de0f3bca21203cce
tor_ss:20250702_000023,Tor-SS,/data1/zcx/ja4tor/data/ja4tor/tor_ss/pcap/20250702_000023.pcap,/data1/zcx/ja4tor/models/fusion_flow_extractor-0.3/output/csv/tor_ss-0927/20250702_000023.csv,4199444,4,0.5494864470144967,,129,train,398a64dc5a3cd881736cd0cef8de87225b92b6e326ce947ecaf8e4bd1709a653,ca4917aa27d8c31e3ded810ef84d0b254ea9c0e83381a416314bccc96e966e1a
tor_ss:20250702_000051,Tor-SS,/data1/zcx/ja4tor/data/ja4tor/tor_ss/pcap/20250702_000051.pcap,/data1/zcx/ja4tor/models/fusion_flow_extractor-0.3/output/csv/tor_ss-0927/20250702_000051.csv,2567842,4,0.549224321577791,,128,train,fb37e2dc8aa25b9fb844cc617b5d6d37b8b5561e4028309f080f8f98542adbd1,d3c1064aaa9939206df1c63c068ca3c59356b3f2530a9b4652168d5e2ffcb48c
tor_ss:20250702_000823,Tor-SS,/data1/zcx/ja4tor/data/ja4tor/tor_ss/pcap/20250702_000823.pcap,/data1/zcx/ja4tor/models/fusion_flow_extractor-0.3/output/csv/tor_ss-0927/20250702_000823.csv,2282638,4,0.5418356619138376,,125,train,998e958ed53d0056209e9ab35126c15befd776c1a01dc8c23353f453ec2ec3d9,fa027a6fdd0ad2dc13c6f13df48ab68047b9720d7cf4c13b6270b3994b2d62ac
tor_ss:20250702_000942,Tor-SS,/data1/zcx/ja4tor/data/ja4tor/tor_ss/pcap/20250702_000942.pcap,/data1/zcx/ja4tor/models/fusion_flow_extractor-0.3/output/csv/tor_ss-0927/20250702_000942.csv,4897135,4,0.36366120218579234,,3,validation,d8d0ae82ed175f9825ddfa94ec1ba891917c9d9d9f3a4ac597a4c9f0dd2c70f4,92491bfa84d7a48bd1b7524f8624235b6e6b55130571ad25155808562dbae732
tor_ss:20250702_002206,Tor-SS,/data1/zcx/ja4tor/data/ja4tor/tor_ss/pcap/20250702_002206.pcap,/data1/zcx/ja4tor/models/fusion_flow_extractor-0.3/output/csv/tor_ss-0927/20250702_002206.csv,12956065,4,0.5451285484828376,,37,test,18e7d83356a9748ed9071c99fa9a9d1b75b77357bcd068806bb79a2b92ea570e,e6b2964d5d062b203acae7c43ffc5ce39247a3ed2b34d6bfada1cb937853d9ec
tor_ss:20250702_003453,Tor-SS,/data1/zcx/ja4tor/data/ja4tor/tor_ss/pcap/20250702_003453.pcap,/data1/zcx/ja4tor/models/fusion_flow_extractor-0.3/output/csv/tor_ss-0927/20250702_003453.csv,5329573,4,0.5069752991619896,,97,train,1f87b8c88724a594a33cc5737b0dd43aa02e52b9ab6ba862ca6727e06afd068e,d6d9282f140c618ed51a36df01d60ab0e26c7f5deb16027133638aab6f933a4f
tor_ss:20250702_003517,Tor-SS,/data1/zcx/ja4tor/data/ja4tor/tor_ss/pcap/20250702_003517.pcap,/data1/zcx/ja4tor/models/fusion_flow_extractor-0.3/output/csv/tor_ss-0927/20250702_003517.csv,1903810,4,0.5407776411570183,,124,train,5f5e5d963f1dcb3eee0d2be51f10550c831d37e5b4ba9c8f2ee74590a4a8eeb9,f528f19a19ac5fd313606cc0a85423809d291c4a558af0c3266e5cc9c10de23e
tor_ss:20250702_003826,Tor-SS,/data1/zcx/ja4tor/data/ja4tor/tor_ss/pcap/20250702_003826.pcap,/data1/zcx/ja4tor/models/fusion_flow_extractor-0.3/output/csv/tor_ss-0927/20250702_003826.csv,5410604,4,0.49321950491228084,,87,train,380e9df0c9255ebe64265134b6140f1737f026b2506df57ec715d724ec9bf323,c28560134dd863eb005d27bdefed7c29b9f5d3428d8eed0559c773907b72f20f
tor_ss:20250702_004515,Tor-SS,/data1/zcx/ja4tor/data/ja4tor/tor_ss/pcap/20250702_004515.pcap,/data1/zcx/ja4tor/models/fusion_flow_extractor-0.3/output/csv/tor_ss-0927/20250702_004515.csv,8012747,4,0.5284592623253175,,112,train,9466a585cbbd83e0566fce4e5dfca6127558537999aec5e71706edb742d95a1b,bdf38d355c3ba33df581c46f881aef0d25cb7dcf6a7a26471a0def79f4491ff0
tor_ss:20250702_004747,Tor-SS,/data1/zcx/ja4tor/data/ja4tor/tor_ss/pcap/20250702_004747.pcap,/data1/zcx/ja4tor/models/fusion_flow_extractor-0.3/output/csv/tor_ss-0927/20250702_004747.csv,5440305,4,0.37076075494229654,,17,train,c55402f8bcb14fd5ee2b9849a1fbeb14b3c379273867f4411afcfc7ecb6b1c0d,3c59e5a21a76b419bade82ef1a8fa6ced7500ae65d6e51e13518883d37045d37
tor_ss:20250702_005225,Tor-SS,/data1/zcx/ja4tor/data/ja4tor/tor_ss/pcap/20250702_005225.pcap,/data1/zcx/ja4tor/models/fusion_flow_extractor-0.3/output/csv/tor_ss-0927/20250702_005225.csv,3420633,4,0.40491803278688526,,35,train,1d18267c130d46fb72e7d805a2bb46e1d1f6e31f1b15ff21ca6de60af86a9aee,dcbcb23e7947db582f0381cb32d63f27e57234351f4c5037aa2ce29f83f3d62d
tor_ss:20250702_005819,Tor-SS,/data1/zcx/ja4tor/data/ja4tor/tor_ss/pcap/20250702_005819.pcap,/data1/zcx/ja4tor/models/fusion_flow_extractor-0.3/output/csv/tor_ss-0927/20250702_005819.csv,13349427,4,0.4595416212016459,,17,test,9be3079b0f683a8056f0d2cc2ba1269f2329bc55c7f73d90f0524727136facd9,1316993c827d6b38280bda7007188bb1ff7c224d33a3c33dc81b713777743724
tor_ss:20250702_010107,Tor-SS,/data1/zcx/ja4tor/data/ja4tor/tor_ss/pcap/20250702_010107.pcap,/data1/zcx/ja4tor/models/fusion_flow_extractor-0.3/output/csv/tor_ss-0927/20250702_010107.csv,5136772,4,0.5272121658942348,,34,test,c79a72eca793ecfa049bc95ee315f11a9f45e4557b087143560b65f3dbae51f1,17453b1d261dc91bcd1202b57bf575a25e3f2d67905325849d55b6d9d152bfae
tor_ss:20250702_010303,Tor-SS,/data1/zcx/ja4tor/data/ja4tor/tor_ss/pcap/20250702_010303.pcap,/data1/zcx/ja4tor/models/fusion_flow_extractor-0.3/output/csv/tor_ss-0927/20250702_010303.csv,6458834,4,0.5631064160841489,,139,train,8a6b3ac3762dfe77450516e1707edbadf4edc0cb4286686106bf4ade29e2d31a,d3b14b5917866af2dec28377b3f755b3f52a1717a5df9aeeff92288c938a0e39
tor_ss:20250702_011728,Tor-SS,/data1/zcx/ja4tor/data/ja4tor/tor_ss/pcap/20250702_011728.pcap,/data1/zcx/ja4tor/models/fusion_flow_extractor-0.3/output/csv/tor_ss-0927/20250702_011728.csv,2339890,4,0.42562352997354713,,45,train,a4cf1de57c0ae989fdbc943e75703b599515052354306d20d0dbd087a3be9cec,78f7466836eb8b45c0a7cad917c8d31cfeed1adb8f3cab2880b2e7eb5913f2f5
tor_ss:20250702_011757,Tor-SS,/data1/zcx/ja4tor/data/ja4tor/tor_ss/pcap/20250702_011757.pcap,/data1/zcx/ja4tor/models/fusion_flow_extractor-0.3/output/csv/tor_ss-0927/20250702_011757.csv,1593343,4,0.5168978270437081,,105,train,2f3c2cca86de1766015a8e3a768ab02f7118ce9c861e982e3d185ab9d6612d8c,770adc2201283e4f35932a0c985a1f95e2db199213794f7f6a9cf29bf4300ca4
tor_ss:20250702_012041,Tor-SS,/data1/zcx/ja4tor/data/ja4tor/tor_ss/pcap/20250702_012041.pcap,/data1/zcx/ja4tor/models/fusion_flow_extractor-0.3/output/csv/tor_ss-0927/20250702_012041.csv,1366139,4,0.5532301802069417,,131,train,cc0331877499fd9173d49db374c4ecc7d9f5e243507cc83f54b3b363704089a7,b4d10d394e5b273a3c56e0511a1533ba4727a5f33190fc6a71abfcd54604b21f
tor_ss:20250702_012321,Tor-SS,/data1/zcx/ja4tor/data/ja4tor/tor_ss/pcap/20250702_012321.pcap,/data1/zcx/ja4tor/models/fusion_flow_extractor-0.3/output/csv/tor_ss-0927/20250702_012321.csv,3973344,4,0.502055469701828,,93,train,e55fff6a9ca95f021aa7ba58ef99a4e670f782d37d4173d95af40dbd853ce3b8,cb7f9222ab23945122ab3cf96f91e4af88a24f7094ad7ddc26a676d33bda4807
tor_ss:20250702_014124,Tor-SS,/data1/zcx/ja4tor/data/ja4tor/tor_ss/pcap/20250702_014124.pcap,/data1/zcx/ja4tor/models/fusion_flow_extractor-0.3/output/csv/tor_ss-0927/20250702_014124.csv,5862913,4,0.45922527230372095,,65,train,e0fa8dfdf808dd51961ef790ea4fb62686829a31cc4d227b6a1248be33454506,94563c44c21785c4446a383619cd615282a7c08d8e8f2e41974e5f77f7048dc4
tor_ss:20250702_014342,Tor-SS,/data1/zcx/ja4tor/data/ja4tor/tor_ss/pcap/20250702_014342.pcap,/data1/zcx/ja4tor/models/fusion_flow_extractor-0.3/output/csv/tor_ss-0927/20250702_014342.csv,3691499,4,0.4970210651420851,,89,train,f7389e7bdbe337fab4169297ac1d43b56b5fd0007d6b6a7996f8077b4e7075c8,4aabef330333779fb90449650a5abccba3ad657e156ac0ea821530835f9f1e14
tor_ss:20250702_015653,Tor-SS,/data1/zcx/ja4tor/data/ja4tor/tor_ss/pcap/20250702_015653.pcap,/data1/zcx/ja4tor/models/fusion_flow_extractor-0.3/output/csv/tor_ss-0927/20250702_015653.csv,6743321,4,0.5237769409794744,,111,train,a95d5a719e565544df871ebe59f9aafe5b593df48aecee4c47a239de8ef24dc2,963dd833784c7ee74ec41fba2380a9c02afbad6ee29bad4f8b0090ae3d597919
tor_ss:20250702_015746,Tor-SS,/data1/zcx/ja4tor/data/ja4tor/tor_ss/pcap/20250702_015746.pcap,/data1/zcx/ja4tor/models/fusion_flow_extractor-0.3/output/csv/tor_ss-0927/20250702_015746.csv,3672329,4,0.5295138888888888,,113,train,6400c8587b916fcaf9d048320a6bd214b7950aa97a4c04dd259f645a2cd77669,e197cd4abff65e2ccf843965d893531092d98db7f641d7933423b47b44291f25
tor_ss:20250702_021549,Tor-SS,/data1/zcx/ja4tor/data/ja4tor/tor_ss/pcap/20250702_021549.pcap,/data1/zcx/ja4tor/models/fusion_flow_extractor-0.3/output/csv/tor_ss-0927/20250702_021549.csv,5957825,4,0.5077478369568609,,100,train,12be8b3f40fca94f8d655a07a35abc0115acccf51c41830a33bfd6e8698abd1f,f6efa187d68f4d5e723e291cb627d78913998b4659ec9492b9984bffbd58a712
tor_ss:20250702_021719,Tor-SS,/data1/zcx/ja4tor/data/ja4tor/tor_ss/pcap/20250702_021719.pcap,/data1/zcx/ja4tor/models/fusion_flow_extractor-0.3/output/csv/tor_ss-0927/20250702_021719.csv,4818887,4,0.43603993626903126,,14,test,85108c24d2705ed86299af2ad47229a2695e53c3fe0b0c6935abf11a44a83b29,b7d249309388ef8aa01fa4a8ab661b1a91908786d373523bc63c61206d051f71
tor_ss:20250702_022134,Tor-SS,/data1/zcx/ja4tor/data/ja4tor/tor_ss/pcap/20250702_022134.pcap,/data1/zcx/ja4tor/models/fusion_flow_extractor-0.3/output/csv/tor_ss-0927/20250702_022134.csv,4514764,4,0.41354878405457024,,38,train,153118fc124b9a599951d61340e747092d30c971c695a333ed65b6271b7d9ecd,59bddc0e01e55fb774dc029ec6c0cfde72c86a7377c550031e237612468a25f2
tor_ss:20250702_023122,Tor-SS,/data1/zcx/ja4tor/data/ja4tor/tor_ss/pcap/20250702_023122.pcap,/data1/zcx/ja4tor/models/fusion_flow_extractor-0.3/output/csv/tor_ss-0927/20250702_023122.csv,5760912,4,0.4760520420894072,,77,train,07f63e84408655a24d4110f1e33570cb57d383a121ec48b39c5636f7ecad7d54,974e52ab097dc04c4521e4b077e51161e79a97228f5c5ec7af37cd6b7bf8469f
tor_ss:20250702_023426,Tor-SS,/data1/zcx/ja4tor/data/ja4tor/tor_ss/pcap/20250702_023426.pcap,/data1/zcx/ja4tor/models/fusion_flow_extractor-0.3/output/csv/tor_ss-0927/20250702_023426.csv,3224412,4,0.5380034195129522,,122,train,b5e9180bb69bd024a5d0b24c368a97b024657187182bb8aeee3c74a63e87b582,bb9e955c0095a827f2f64c6c40cc4fa4bfb847becd79a427dce0599d18370b35
tor_ss:20250702_031322,Tor-SS,/data1/zcx/ja4tor/data/ja4tor/tor_ss/pcap/20250702_031322.pcap,/data1/zcx/ja4tor/models/fusion_flow_extractor-0.3/output/csv/tor_ss-0927/20250702_031322.csv,4685367,4,0.49105466047247204,,23,test,99b1fcd0bd00240a7325b5ad2997f877c4ff699fae47b3dabada4a8867fc0a4a,4dc86c612955a67833f7769886dd589b51b8deed8f590ca8bed417695a7dfca9
tor_ss:20250702_033247,Tor-SS,/data1/zcx/ja4tor/data/ja4tor/tor_ss/pcap/20250702_033247.pcap,/data1/zcx/ja4tor/models/fusion_flow_extractor-0.3/output/csv/tor_ss-0927/20250702_033247.csv,8564818,4,0.5378221882667749,,121,train,1de7ada8f62e8f17424c6bcb7a5f842428951e740f39dbfd91ed0091678da5e2,fb49c1c18fdb0b7df39dba420282ed396220dcf5f2ed6b92e7fc3342409d38af
tor_ss:20250702_033320,Tor-SS,/data1/zcx/ja4tor/data/ja4tor/tor_ss/pcap/20250702_033320.pcap,/data1/zcx/ja4tor/models/fusion_flow_extractor-0.3/output/csv/tor_ss-0927/20250702_033320.csv,4186791,4,0.42573160437573876,,46,train,47f10ba4a7753bfcc8346f144f94c4bbe3d90f26979af334c266067228026fca,e1e5b5e966169002b9276dd004a8a7025b2577e75f4264b7810e6aa91d8c11a8
tor_ss:20250702_033722,Tor-SS,/data1/zcx/ja4tor/data/ja4tor/tor_ss/pcap/20250702_033722.pcap,/data1/zcx/ja4tor/models/fusion_flow_extractor-0.3/output/csv/tor_ss-0927/20250702_033722.csv,3602330,4,0.47192840467284886,,74,train,b8a8b09ec44115568c8ac8deeaacc7a998b0619c6fbd08b7d34a045baf58aaa6,f4ef9b734a3df869d95e8da52091745b9d7667adce4c336244603aaf4019698c
tor_ss:20250702_033749,Tor-SS,/data1/zcx/ja4tor/data/ja4tor/tor_ss/pcap/20250702_033749.pcap,/data1/zcx/ja4tor/models/fusion_flow_extractor-0.3/output/csv/tor_ss-0927/20250702_033749.csv,5037507,4,0.46188204537800215,,66,train,9e8d47484f678f773283a64f492ae2aa43ec866b9bd034185eb2535c377e3b7b,0ab496aeac5cfb4ab40dadae327c5e64cb267711b64ce008d01a9633f576b3e9
tor_ss:20250702_034156,Tor-SS,/data1/zcx/ja4tor/data/ja4tor/tor_ss/pcap/20250702_034156.pcap,/data1/zcx/ja4tor/models/fusion_flow_extractor-0.3/output/csv/tor_ss-0927/20250702_034156.csv,5484694,4,0.47544034442769145,,75,train,cdcff9cd0021c2cda709098763c20228c8523f2e71388773296d76a809c7c752,0da2e70bcd51d5e5f4dd67ca2ec200b4fdbf4b82a1b375ec5f7964d4fa5b9016
tor_ss:20250702_035310,Tor-SS,/data1/zcx/ja4tor/data/ja4tor/tor_ss/pcap/20250702_035310.pcap,/data1/zcx/ja4tor/models/fusion_flow_extractor-0.3/output/csv/tor_ss-0927/20250702_035310.csv,2734774,4,0.38123168477406577,,20,train,517ff91196a86d843931d8e944b2253364e60994ca87ec10fe79f7a1032f9866,698ada7e3bce6d58a958a77d008a443713232c0c6ef8134e87a5aa82c876d26b
tor_ss:20250702_035703,Tor-SS,/data1/zcx/ja4tor/data/ja4tor/tor_ss/pcap/20250702_035703.pcap,/data1/zcx/ja4tor/models/fusion_flow_extractor-0.3/output/csv/tor_ss-0927/20250702_035703.csv,5832882,4,0.49713001843031995,,91,train,6660a937db6f0371c11884b738b1fc18c5caf17db422e480724e5d1b20bc2a5f,0c697e96d05204b7d2c5079de9239e3c9f124a99a720a3b43151c176eecfbc16
tor_ss:20250702_035947,Tor-SS,/data1/zcx/ja4tor/data/ja4tor/tor_ss/pcap/20250702_035947.pcap,/data1/zcx/ja4tor/models/fusion_flow_extractor-0.3/output/csv/tor_ss-0927/20250702_035947.csv,3134665,4,0.5613524616867004,,137,train,7e43f72faedfff098b94a94dd76003b19aa779e41f4273c73a77e4e70f5324e1,12156320786a7e6b0bc993dbb7e21c8274457094b5193e74dd83a22c6d442e8e
tor_ss:20250702_040040,Tor-SS,/data1/zcx/ja4tor/data/ja4tor/tor_ss/pcap/20250702_040040.pcap,/data1/zcx/ja4tor/models/fusion_flow_extractor-0.3/output/csv/tor_ss-0927/20250702_040040.csv,4452052,4,0.34967008767574437,,2,test,b4900534d3a057c53bf55bdf9d5461068c01c33b64e229b70321bc73d20ddd25,47613d62eb08eb3aba9a24216ca637157dc0a0d9a3a7820367b7dd475c6aa261
tor_ss:20250702_040620,Tor-SS,/data1/zcx/ja4tor/data/ja4tor/tor_ss/pcap/20250702_040620.pcap,/data1/zcx/ja4tor/models/fusion_flow_extractor-0.3/output/csv/tor_ss-0927/20250702_040620.csv,10208713,4,0.48800683758866054,,9,validation,7652fe25dde01219d12c0266868d51eb815a22b89ea399861833cca242e51934,db2f230b85d7ac85e8590279ebc4eced6e5c717378c5b2fb0e813df3ec89fa70
tor_ss:20250702_041157,Tor-SS,/data1/zcx/ja4tor/data/ja4tor/tor_ss/pcap/20250702_041157.pcap,/data1/zcx/ja4tor/models/fusion_flow_extractor-0.3/output/csv/tor_ss-0927/20250702_041157.csv,4741685,4,0.12552482385497307,,1,train,0bb687c321ce9fa12f6076d3e09a70c5167fecbd89bd7e301a9af04973a47686,8b4d739237ff14cbcbbb88855d2c55d7e95e81261b09dbc4dbb40973861bb705
tor_ss:20250702_041338,Tor-SS,/data1/zcx/ja4tor/data/ja4tor/tor_ss/pcap/20250702_041338.pcap,/data1/zcx/ja4tor/models/fusion_flow_extractor-0.3/output/csv/tor_ss-0927/20250702_041338.csv,3939164,4,0.4755618768241551,,76,train,b6b8b6fe8d746d3b6d3e1fafab3ccd1044d26cd4f0c91b20077f57d8a649b3f8,ee55af04fa6081d045a9f651b3531b75d0912da80b2ed1f5d6bd9cf5305d807d
tor_ss:20250702_041407,Tor-SS,/data1/zcx/ja4tor/data/ja4tor/tor_ss/pcap/20250702_041407.pcap,/data1/zcx/ja4tor/models/fusion_flow_extractor-0.3/output/csv/tor_ss-0927/20250702_041407.csv,2628269,4,0.37151989423934917,,18,train,f1a058378eeb849604ab3ffadb687ebea4b7b0f56219037d6026bf543a5d7f91,566a6d6d7ab2869a0af50d6389872a60895d64e24e8302fb6f8ee9227777c6c3
tor_ss:20250702_041443,Tor-SS,/data1/zcx/ja4tor/data/ja4tor/tor_ss/pcap/20250702_041443.pcap,/data1/zcx/ja4tor/models/fusion_flow_extractor-0.3/output/csv/tor_ss-0927/20250702_041443.csv,5751111,4,0.6363387978142077,,20,validation,68c9072947d4c0f0a0746f54b963b388e7989cb302b4edac375db7b88fee21e9,6d23c0682e22d7ab778c74ddf8830d3d849cf894100ef7789bf237146f0f67c1
tor_ss:20250702_042256,Tor-SS,/data1/zcx/ja4tor/data/ja4tor/tor_ss/pcap/20250702_042256.pcap,/data1/zcx/ja4tor/models/fusion_flow_extractor-0.3/output/csv/tor_ss-0927/20250702_042256.csv,4351558,4,0.28560303175107404,,4,train,3d5da9825652bc458f21b20b04bf887acae1231fe56243dff45a935c265edd33,0fb5743fee466711834b747e1684076bc3fc044a2a594c4facc879f70c2ca0f9
tor_ss:20250702_042336,Tor-SS,/data1/zcx/ja4tor/data/ja4tor/tor_ss/pcap/20250702_042336.pcap,/data1/zcx/ja4tor/models/fusion_flow_extractor-0.3/output/csv/tor_ss-0927/20250702_042336.csv,10407363,4,0.577597636419395,,14,validation,5740ec82bd5955187f0b0f4dd60b8c936c6414938d22d0acc41df1293505d2b4,bd770d3a7fb4fc8a89389d898a1a60c2120b421f8599c5a8c51c665ceac299ed
tor_ss:20250702_042825,Tor-SS,/data1/zcx/ja4tor/data/ja4tor/tor_ss/pcap/20250702_042825.pcap,/data1/zcx/ja4tor/models/fusion_flow_extractor-0.3/output/csv/tor_ss-0927/20250702_042825.csv,4962525,4,0.48768515419348824,,22,test,428382bc1b3087dbc40082f71bbab5b8f4f0776e5c598f2c00277fcd8f177588,1e5b05d40f19e54a9decb9254bc30652c1998363bd5f81f8829e5a0e8b934af7
tor_ss:20250702_043414,Tor-SS,/data1/zcx/ja4tor/data/ja4tor/tor_ss/pcap/20250702_043414.pcap,/data1/zcx/ja4tor/models/fusion_flow_extractor-0.3/output/csv/tor_ss-0927/20250702_043414.csv,5022730,4,0.4729567223486666,,7,validation,6b6b3add49712771f35d0e9a71c775f15f371bec75b3d1c8a9908552855cbf7d,4aa88a5a4e8a51dc1551c3b3374edd5f866877e0b54e36b04ff8a3374c6169ff
tor_ss:20250702_044246,Tor-SS,/data1/zcx/ja4tor/data/ja4tor/tor_ss/pcap/20250702_044246.pcap,/data1/zcx/ja4tor/models/fusion_flow_extractor-0.3/output/csv/tor_ss-0927/20250702_044246.csv,1352565,4,0.5080833014689474,,29,test,e3b077f44016188bc21c585bd021cab2327024e763eb1cf0ef02556afeaa54a7,da9b33d8f80ae5c49da6ae2be4442e45928624d2a5618598f8ad3276d9da09bb
tor_ss:20250702_044313,Tor-SS,/data1/zcx/ja4tor/data/ja4tor/tor_ss/pcap/20250702_044313.pcap,/data1/zcx/ja4tor/models/fusion_flow_extractor-0.3/output/csv/tor_ss-0927/20250702_044313.csv,2925996,4,0.4869030009203565,,21,test,c4cb6bfcd1798a29e16895c01863639ab003ed42455ff8e30c26eea7fd67b7b9,bdd622a246b21424f189d849709d9b5458d1e277d08db550fdbffc247d6a23cc
tor_ss:20250702_044545,Tor-SS,/data1/zcx/ja4tor/data/ja4tor/tor_ss/pcap/20250702_044545.pcap,/data1/zcx/ja4tor/models/fusion_flow_extractor-0.3/output/csv/tor_ss-0927/20250702_044545.csv,1683271,4,0.41780412466135275,,41,train,90d06b05e2a0a4738df2666f6c76e824025d4fe5598d769795f70698d0876d13,de20895fa5bc78cf21e094c2d1801c058fe77a69a48f0da298ea4a45301c13de
tor_ss:20250702_044902,Tor-SS,/data1/zcx/ja4tor/data/ja4tor/tor_ss/pcap/20250702_044902.pcap,/data1/zcx/ja4tor/models/fusion_flow_extractor-0.3/output/csv/tor_ss-0927/20250702_044902.csv,4032943,4,0.3668921119365761,,15,train,7bd0324a6dc0c94cb82c58fe8e91af089e7555f687c403a6a61d2bfeb7ad2e17,88f478020b5b7b8f1dd641bb2fc6acaa4c3ba16f2523de2fd2a266e88d260e84
tor_ss:20250702_045013,Tor-SS,/data1/zcx/ja4tor/data/ja4tor/tor_ss/pcap/20250702_045013.pcap,/data1/zcx/ja4tor/models/fusion_flow_extractor-0.3/output/csv/tor_ss-0927/20250702_045013.csv,4491435,4,0.30660986708660876,,1,validation,5491eee9f159f69d59614870915c74af695d553422b93b1e2bb9b5501110ff98,72be6c4a35580303e79f202fa2e60ac6d2bf9da46805a586a2228ee1a0c6e7d5
tor_ss:20250702_045239,Tor-SS,/data1/zcx/ja4tor/data/ja4tor/tor_ss/pcap/20250702_045239.pcap,/data1/zcx/ja4tor/models/fusion_flow_extractor-0.3/output/csv/tor_ss-0927/20250702_045239.csv,2033091,4,0.550414294642553,,39,test,c39d4488aa7c1d010274f4cce37d67a4afd81da5afd183c06cb9d57170f02901,3305ac79a58ecc3c58f79e1423a4d11a671c125818e41b45ae2a43d87829051d
tor_ss:20250702_045400,Tor-SS,/data1/zcx/ja4tor/data/ja4tor/tor_ss/pcap/20250702_045400.pcap,/data1/zcx/ja4tor/models/fusion_flow_extractor-0.3/output/csv/tor_ss-0927/20250702_045400.csv,4494284,4,0.4391091069339331,,4,validation,31d578f3674c2a22a1b21afabb8440738782250137d05912e9b84bd044ca6b45,a30c46e6d9220dd3a03ca8923e43521f73d29ce3ad5f1eeb881b43941aec2737
tor_ss:20250702_051418,Tor-SS,/data1/zcx/ja4tor/data/ja4tor/tor_ss/pcap/20250702_051418.pcap,/data1/zcx/ja4tor/models/fusion_flow_extractor-0.3/output/csv/tor_ss-0927/20250702_051418.csv,3538911,4,0.4313863010565572,,52,train,efaff3752d8513091bb1acf0d421309ea95601dd4294f2615c484c843cdfea4e,20b84187937aecaf5f1e3c9adaf4143e27a351b5976a92290ef23cbb81e074f2
tor_ss:20250702_051512,Tor-SS,/data1/zcx/ja4tor/data/ja4tor/tor_ss/pcap/20250702_051512.pcap,/data1/zcx/ja4tor/models/fusion_flow_extractor-0.3/output/csv/tor_ss-0927/20250702_051512.csv,5465838,4,0.3409962329112859,,6,train,d9c3eccef2e161e04bdbadf99b4fecbafe78b3ca9696d6865db9f729ee19b64c,8c5ae74602feb5736bbced3faf030eb1d0ef9d8d7542f2bf12baab168395dc69
tor_ss:20250702_052057,Tor-SS,/data1/zcx/ja4tor/data/ja4tor/tor_ss/pcap/20250702_052057.pcap,/data1/zcx/ja4tor/models/fusion_flow_extractor-0.3/output/csv/tor_ss-0927/20250702_052057.csv,14293680,4,0.4747332859089606,,19,test,072c3b1f00b7f2e5880ab6f80c97a564b7df0f49ff983411066f9e1fe88e1bb6,86635b7bbfa2057612948d37db85ecef29fa9b1b1be3fa58c45adc752ba32b2c
tor_ss:20250702_052125,Tor-SS,/data1/zcx/ja4tor/data/ja4tor/tor_ss/pcap/20250702_052125.pcap,/data1/zcx/ja4tor/models/fusion_flow_extractor-0.3/output/csv/tor_ss-0927/20250702_052125.csv,4943041,4,0.3754490672339797,,19,train,d8cba39fdc03a76814dbea301ab67e7aef1f93fab0ee34648adb65a47bc68836,de89fafa0df1ca8446b104a6533d632b83712e1047e3a97001bd01650011d9bc
tor_ss:20250702_052312,Tor-SS,/data1/zcx/ja4tor/data/ja4tor/tor_ss/pcap/20250702_052312.pcap,/data1/zcx/ja4tor/models/fusion_flow_extractor-0.3/output/csv/tor_ss-0927/20250702_052312.csv,7429525,4,0.512625049775467,,103,train,de52d3c2633ad04c50a574c72113abd016e5c4184f3c02b35ceb29d9650f0b93,95b3280d59bb9b920b33f1563370adc6a52917d6196ee1a11906dc42e2c8d9e6
tor_ss:20250702_053050,Tor-SS,/data1/zcx/ja4tor/data/ja4tor/tor_ss/pcap/20250702_053050.pcap,/data1/zcx/ja4tor/models/fusion_flow_extractor-0.3/output/csv/tor_ss-0927/20250702_053050.csv,5133821,4,0.5200848795894197,,107,train,067f3ad4be2fe3b51892481f3a47f7195a15c11216a04c2be084d322f380dcc3,c036b42219f8ac67d3e4ca1f3e6c618fc598c2d47a7bd3d23ce837e898ed0be4
tor_ss:20250702_053120,Tor-SS,/data1/zcx/ja4tor/data/ja4tor/tor_ss/pcap/20250702_053120.pcap,/data1/zcx/ja4tor/models/fusion_flow_extractor-0.3/output/csv/tor_ss-0927/20250702_053120.csv,5968431,4,0.37820575249967536,,6,test,e4e3bdf5208d11396a01ec3265024a1563b69831a2295579cbd0a45f358c9586,17fae6ce24d46edd446b9f908d9b75eb6edefdcf5f9b84cd1135fa66129d3af0
tor_ss:20250702_053209,Tor-SS,/data1/zcx/ja4tor/data/ja4tor/tor_ss/pcap/20250702_053209.pcap,/data1/zcx/ja4tor/models/fusion_flow_extractor-0.3/output/csv/tor_ss-0927/20250702_053209.csv,5491902,4,0.4281874578281415,,50,train,0991038cd7cf424ff4eb2e1d1d8e3d654c12e53e45f3d309fbc340ba88194124,c5cd83a3c0965bf65fb9429d5d6d0b55a517fc660ce3f0718d6a4a3d769f5ed8
tor_ss:20250702_053316,Tor-SS,/data1/zcx/ja4tor/data/ja4tor/tor_ss/pcap/20250702_053316.pcap,/data1/zcx/ja4tor/models/fusion_flow_extractor-0.3/output/csv/tor_ss-0927/20250702_053316.csv,5862311,4,0.5251313889301799,,33,test,4b2484cde42dfe27bfc96338c66fad35496670c4066cb456fb1747814b89e54f,0cbd3f05b445f1f5d43e95ef0f59d84ab19a0e74bab19b78415bd5f0c4ef36c2
tor_ss:20250702_053442,Tor-SS,/data1/zcx/ja4tor/data/ja4tor/tor_ss/pcap/20250702_053442.pcap,/data1/zcx/ja4tor/models/fusion_flow_extractor-0.3/output/csv/tor_ss-0927/20250702_053442.csv,2582713,4,0.49123163507752243,,85,train,ff57735c4a36dc6b041c37b985d97e9d63782741ba4925c6c69c00707b94380f,9c6918a436afee16a2abb903fe511280ada8d0821ddba078c4dcb6f1c492937e
tor_ss:20250702_053509,Tor-SS,/data1/zcx/ja4tor/data/ja4tor/tor_ss/pcap/20250702_053509.pcap,/data1/zcx/ja4tor/models/fusion_flow_extractor-0.3/output/csv/tor_ss-0927/20250702_053509.csv,5097198,4,0.5061576712126246,,96,train,37502a817fd63fd82566bca6ea99dca9275fab1a4fa1cd2eb88093f143b5f5d2,50ba27cc287835f26062ae04d0a930e90da7f89ad6189ae8b96057af08d0e0d3
tor_ss:20250702_054720,Tor-SS,/data1/zcx/ja4tor/data/ja4tor/tor_ss/pcap/20250702_054720.pcap,/data1/zcx/ja4tor/models/fusion_flow_extractor-0.3/output/csv/tor_ss-0927/20250702_054720.csv,4755462,4,0.2390784323028875,,1,test,6354f798b21a65650bd2a3e475fad27aa55a995473ade9d3d7606b5b3ee6120a,24655c74a45bddb07e520c109f1aca46704c0414ded1d6f82b80a827058bdf1f
tor_ss:20250702_054857,Tor-SS,/data1/zcx/ja4tor/data/ja4tor/tor_ss/pcap/20250702_054857.pcap,/data1/zcx/ja4tor/models/fusion_flow_extractor-0.3/output/csv/tor_ss-0927/20250702_054857.csv,5220494,4,0.5076847344104519,,28,test,5927506cad9c4fe963d6990be773dbe6358b72e01e4c423bcdf6d5a16ecdc344,b04b6ed3ff9b0f477a4a30ac986ae06721106a435a207daabffe95f5ae292700
tor_ss:20250702_060428,Tor-SS,/data1/zcx/ja4tor/data/ja4tor/tor_ss/pcap/20250702_060428.pcap,/data1/zcx/ja4tor/models/fusion_flow_extractor-0.3/output/csv/tor_ss-0927/20250702_060428.csv,3327689,4,0.4202892861673837,,42,train,95608c8e8c6218c7a5eff9363a9bc03c14469a58d2bf65d0edbcff5cb5610edc,2b69765951834f84ccee4486d095aab78c30551c129d6cd77748ab204f735530
tor_ss:20250702_060700,Tor-SS,/data1/zcx/ja4tor/data/ja4tor/tor_ss/pcap/20250702_060700.pcap,/data1/zcx/ja4tor/models/fusion_flow_extractor-0.3/output/csv/tor_ss-0927/20250702_060700.csv,5082822,4,0.42090927135523426,,43,train,a43e76088e8b2ed31ac8d745aaa9feb8530cc8f1e3aa468a791f22da89bb488d,9536d6a8a92b6748bf18af2db9a44fc67c4a5aa05902b117e5206ee7ff301219
tor_ss:20250702_061149,Tor-SS,/data1/zcx/ja4tor/data/ja4tor/tor_ss/pcap/20250702_061149.pcap,/data1/zcx/ja4tor/models/fusion_flow_extractor-0.3/output/csv/tor_ss-0927/20250702_061149.csv,3561495,4,0.4039006721735355,,34,train,f610d406037e244975e668e5973f51763277a9c56c43c7456d90b0f024c20b90,87e2854ab32dc416226163baad5ddb36db09c4c0df7bfc0c6c170628fb2c9f24
tor_ss:20250702_061825,Tor-SS,/data1/zcx/ja4tor/data/ja4tor/tor_ss/pcap/20250702_061825.pcap,/data1/zcx/ja4tor/models/fusion_flow_extractor-0.3/output/csv/tor_ss-0927/20250702_061825.csv,7545111,4,0.5930939741032384,,18,validation,bbe3789f506d4222ed58845316c5d08a584723016ddb0ca778a1f3d84f68d3bc,a86125d95ca65a06562761d39c570daa142c9d72caa014e45a00a6357ffee665
tor_ss:20250702_062038,Tor-SS,/data1/zcx/ja4tor/data/ja4tor/tor_ss/pcap/20250702_062038.pcap,/data1/zcx/ja4tor/models/fusion_flow_extractor-0.3/output/csv/tor_ss-0927/20250702_062038.csv,4758325,4,0.5568005896623303,,40,test,05715ac42476b8ae7b1717339ec0d88b38969df7d6f4348c46b84a048a7a6854,09e4d440ff8da1e36f62ba48e0ed1f6d8380855630f9d6cd45e9ef83e01c1899
tor_ss:20250702_062107,Tor-SS,/data1/zcx/ja4tor/data/ja4tor/tor_ss/pcap/20250702_062107.pcap,/data1/zcx/ja4tor/models/fusion_flow_extractor-0.3/output/csv/tor_ss-0927/20250702_062107.csv,2502488,4,0.5611588675097006,,136,train,7421efa1dbbb65bdbd53d723d480753a25aef6630323986a8c866d6886a87614,060b9f81bd72d0deac6de756d515729716622a1d6972ae49f967338ef88b1b91
tor_ss:20250702_062227,Tor-SS,/data1/zcx/ja4tor/data/ja4tor/tor_ss/pcap/20250702_062227.pcap,/data1/zcx/ja4tor/models/fusion_flow_extractor-0.3/output/csv/tor_ss-0927/20250702_062227.csv,3857912,4,0.38481183981857364,,7,test,b097d15b4d18e18d173e31a406558dc08131f7a2ceac4a63b2442f72e876723f,bfe256078388c64e4b3453db36603fea224c76ad8d043253f3e3754e87b1cc8a
tor_ss:20250702_062358,Tor-SS,/data1/zcx/ja4tor/data/ja4tor/tor_ss/pcap/20250702_062358.pcap,/data1/zcx/ja4tor/models/fusion_flow_extractor-0.3/output/csv/tor_ss-0927/20250702_062358.csv,4717405,4,0.41723450347005975,,9,test,32a652f0e18d836fd3d05da98ecd11c054d394e11a492032d40b6a1516821035,9c1131c4aa6dffa1e3cdbdadd05592c0f6f291c910a0616a9e7aa9dec1d64bac
tor_ss:20250702_062429,Tor-SS,/data1/zcx/ja4tor/data/ja4tor/tor_ss/pcap/20250702_062429.pcap,/data1/zcx/ja4tor/models/fusion_flow_extractor-0.3/output/csv/tor_ss-0927/20250702_062429.csv,3721683,4,0.522049619385629,,110,train,ab2e6730455e63a2362fc669e9405f33f89bdf227df4ff37e5c89a5d973c7358,ed21eabb6a7ade717c230a2c7043748e8ac3cb1e8decf856dc4394e9c2fd47ea
tor_ss:20250702_063746,Tor-SS,/data1/zcx/ja4tor/data/ja4tor/tor_ss/pcap/20250702_063746.pcap,/data1/zcx/ja4tor/models/fusion_flow_extractor-0.3/output/csv/tor_ss-0927/20250702_063746.csv,6370018,4,0.5060201742344024,,95,train,72ff9ba8ae5d0224648dacbb810b6daef1f3fd98bd99e3c9c133b2e752dc5e6f,44da17792e16a59484ae3e4284e90d390a7985575cdb08032de98e5558b0b184
tor_ss:20250702_063817,Tor-SS,/data1/zcx/ja4tor/data/ja4tor/tor_ss/pcap/20250702_063817.pcap,/data1/zcx/ja4tor/models/fusion_flow_extractor-0.3/output/csv/tor_ss-0927/20250702_063817.csv,16507517,4,0.5551477813136598,,132,train,f5fd3803fcdf2c8e3c0043d778954f475a532f1a34d4f1b75a604ee5998e0cef,91c98da540b961ad0dbab8d4405470e0ba34f56665f804921db6bde9739987c3
tor_ss:20250702_065420,Tor-SS,/data1/zcx/ja4tor/data/ja4tor/tor_ss/pcap/20250702_065420.pcap,/data1/zcx/ja4tor/models/fusion_flow_extractor-0.3/output/csv/tor_ss-0927/20250702_065420.csv,5013534,4,0.3972802359026414,,30,train,08feecea8b93a4cbb035501f0c5c9ecbe8ed2ab5babec474879ab191d57e2593,8684882ddc0c62e151b4d2a3bbfb3c0d586e3623889a768e48b3cf5813ab7039
tor_ss:20250702_070304,Tor-SS,/data1/zcx/ja4tor/data/ja4tor/tor_ss/pcap/20250702_070304.pcap,/data1/zcx/ja4tor/models/fusion_flow_extractor-0.3/output/csv/tor_ss-0927/20250702_070304.csv,3298413,4,0.42285759397338685,,44,train,881d6f454175a288c0d1d975d4be2d91addecf697ce7d5b1e0a8e64201869763,a0374c5d1a4fd5627e3f5ff6944026e3952a8fbdb221fe8f3bafa06a6c5c8235
tor_ss:20250702_070750,Tor-SS,/data1/zcx/ja4tor/data/ja4tor/tor_ss/pcap/20250702_070750.pcap,/data1/zcx/ja4tor/models/fusion_flow_extractor-0.3/output/csv/tor_ss-0927/20250702_070750.csv,4993926,4,0.4970664218941163,,90,train,6833e649e54f62c4e7ae6fd223d81620d8a522d35dc68666881a7c11570b1503,2ea3a5deb2b4ce988923838d6f3dc999017d6fa5a2b32c6e0c90982c7d8e56da
tor_ss:20250702_070937,Tor-SS,/data1/zcx/ja4tor/data/ja4tor/tor_ss/pcap/20250702_070937.pcap,/data1/zcx/ja4tor/models/fusion_flow_extractor-0.3/output/csv/tor_ss-0927/20250702_070937.csv,4503035,4,0.44398701122778816,,16,test,1f01f264588061cce81610e7a97bdc4618981e9bb6299f655f928b58d6c99ad3,078556e6b771d0ca7d2e4e6796f7753ed0006950cec9805a0d7144c48cfeadab
tor_ss:20250702_071337,Tor-SS,/data1/zcx/ja4tor/data/ja4tor/tor_ss/pcap/20250702_071337.pcap,/data1/zcx/ja4tor/models/fusion_flow_extractor-0.3/output/csv/tor_ss-0927/20250702_071337.csv,5198006,4,0.5393348123223071,,36,test,1df1b2ff8cdcb69fa7b5c41d70c80e7547514afe7a67f896af3575f640cc3f20,f8b3151f666e0014977ef20ffa6046f5a7b4fe2907bff0e9be12e1d8d4fa51e8
tor_ss:20250702_071454,Tor-SS,/data1/zcx/ja4tor/data/ja4tor/tor_ss/pcap/20250702_071454.pcap,/data1/zcx/ja4tor/models/fusion_flow_extractor-0.3/output/csv/tor_ss-0927/20250702_071454.csv,2374634,4,0.521159990893087,,108,train,88c9a20c1dd57156dd9b75d2a3b3574d0b4ba15b1be8aac83de15d5ac3d0d5ec,0b1adf01152ab128b403ec6079f3e2caa4f533418b1c4e028de8ca24cb48da13
tor_ss:20250702_072039,Tor-SS,/data1/zcx/ja4tor/data/ja4tor/tor_ss/pcap/20250702_072039.pcap,/data1/zcx/ja4tor/models/fusion_flow_extractor-0.3/output/csv/tor_ss-0927/20250702_072039.csv,5285215,4,0.4808623678669188,,20,test,94a3ad4e6e1ac076198e6806aa105411504c0bfa69cea199c3cf513255d3d5d0,ffd9c903cb0bb666f5a4124ae8dbb5e713bd4a2193f1ebad1299318872546e67
tor_ss:20250702_073037,Tor-SS,/data1/zcx/ja4tor/data/ja4tor/tor_ss/pcap/20250702_073037.pcap,/data1/zcx/ja4tor/models/fusion_flow_extractor-0.3/output/csv/tor_ss-0927/20250702_073037.csv,4498389,4,0.4666577773826985,,72,train,cbc5a06ba083b0883fa1f9ef65afcddf9c4e48c0b786fb9296b45057c607092f,c95e10bf7ef6c4cfde52a36e2c15e7d6ebb2cc94cdaf850aad32bad4d1e7fa49
tor_ss:20250702_073523,Tor-SS,/data1/zcx/ja4tor/data/ja4tor/tor_ss/pcap/20250702_073523.pcap,/data1/zcx/ja4tor/models/fusion_flow_extractor-0.3/output/csv/tor_ss-0927/20250702_073523.csv,5296912,4,0.4262849350992425,,49,train,d3014feda48464c806b1a9d0ba069efebbfa4e5fce6d90e0bf85d481daeee3e7,29c0a1f624fd93c78dc0fa7938c00ad9e1d4d77f246391709a867bc514c2202a
tor_ss:20250702_074317,Tor-SS,/data1/zcx/ja4tor/data/ja4tor/tor_ss/pcap/20250702_074317.pcap,/data1/zcx/ja4tor/models/fusion_flow_extractor-0.3/output/csv/tor_ss-0927/20250702_074317.csv,2383028,4,0.4498245053460694,,5,validation,6eb0a0240af304bfebffd30074ae7a91c7b7652a80e3e8e923233e2a3e111f36,1ff12d308e73b4e6f86052b3bfb8f45706e15f9eefd5f6205cda05293a084010
tor_ss:20250702_074524,Tor-SS,/data1/zcx/ja4tor/data/ja4tor/tor_ss/pcap/20250702_074524.pcap,/data1/zcx/ja4tor/models/fusion_flow_extractor-0.3/output/csv/tor_ss-0927/20250702_074524.csv,3615597,4,0.4261348118744719,,48,train,54be30f7fb01a652c118c3d799bcc9e54d768f1bfbaa54f60133b64b744626fe,adc79efdc6c0dfddca9de22e3ddf242c217e9087dc3f0d89a1088b823b53ed94
tor_ss:20250702_075418,Tor-SS,/data1/zcx/ja4tor/data/ja4tor/tor_ss/pcap/20250702_075418.pcap,/data1/zcx/ja4tor/models/fusion_flow_extractor-0.3/output/csv/tor_ss-0927/20250702_075418.csv,4841885,4,0.4766828871957671,,78,train,1c3672d7a440deed66963dc6bceee679807bca90f68d5566a2d545db0da9b378,547dff1177b4372228de65a16cc436b4507e7ca7e8abf9e9595dc1fbc27e49c0
tor_ss:20250702_075705,Tor-SS,/data1/zcx/ja4tor/data/ja4tor/tor_ss/pcap/20250702_075705.pcap,/data1/zcx/ja4tor/models/fusion_flow_extractor-0.3/output/csv/tor_ss-0927/20250702_075705.csv,4481052,4,0.3124588742851445,,5,train,fca6c57e6b2077b9e246f776f4921a2e8c7b844eaa094be1fbd6e0e466e79e86,c79ac69d86a56d58c087b1d181a75c78c755ee6ea44abf18776433b4056cd8d0
tor_ss:20250702_075935,Tor-SS,/data1/zcx/ja4tor/data/ja4tor/tor_ss/pcap/20250702_075935.pcap,/data1/zcx/ja4tor/models/fusion_flow_extractor-0.3/output/csv/tor_ss-0927/20250702_075935.csv,3855474,4,0.5452380952380678,,126,train,944be39c4165be543a08d5325193b91a70c1c425b59701998fd0743c48051436,490e8feb4cb80a875bbbb76d314791c13ecb201b5cacc573ec5e2e7458b02d45
tor_ss:20250702_080000,Tor-SS,/data1/zcx/ja4tor/data/ja4tor/tor_ss/pcap/20250702_080000.pcap,/data1/zcx/ja4tor/models/fusion_flow_extractor-0.3/output/csv/tor_ss-0927/20250702_080000.csv,2127708,4,0.4952506118207014,,88,train,056759874f070f5298aa3a3810d30a60787d3ec323713b44a47982d9b620d2ae,467ee959bfaa9b72219112a89ff9d2eed25476cf6c43dafe0fc740d25dde5825
tor_ss:20250702_080129,Tor-SS,/data1/zcx/ja4tor/data/ja4tor/tor_ss/pcap/20250702_080129.pcap,/data1/zcx/ja4tor/models/fusion_flow_extractor-0.3/output/csv/tor_ss-0927/20250702_080129.csv,4192021,4,0.4320869579727104,,53,train,d32d18679ead1baceb45523aa5c39faaffef9f568f3460a1682b643ccc423fbe,d23739079c9fd6283408af006c009a2785dfe2b33d7164cff4de1e2bf5902bb0
tor_ss:20250702_080720,Tor-SS,/data1/zcx/ja4tor/data/ja4tor/tor_ss/pcap/20250702_080720.pcap,/data1/zcx/ja4tor/models/fusion_flow_extractor-0.3/output/csv/tor_ss-0927/20250702_080720.csv,8175285,4,0.3994392703315285,,31,train,34ed8933eaf23ea5138bda4ba0d68e258376090910a04ee767c085d05cab13aa,89638c5750d7d4528c55cacb4765b4b6a1b0617f085bfbcffc65a1af82054ba9
tor_ss:20250702_081021,Tor-SS,/data1/zcx/ja4tor/data/ja4tor/tor_ss/pcap/20250702_081021.pcap,/data1/zcx/ja4tor/models/fusion_flow_extractor-0.3/output/csv/tor_ss-0927/20250702_081021.csv,2447404,4,0.5147264318880096,,30,test,6da45eedb2c37714a6d7d882691ecee5cf95cdfa2e534b31efab920cb97e8200,7d31231508296b1498318c253629e519b3cd7f5c10413e7a84bae6b0586198bc
tor_ss:20250702_081047,Tor-SS,/data1/zcx/ja4tor/data/ja4tor/tor_ss/pcap/20250702_081047.pcap,/data1/zcx/ja4tor/models/fusion_flow_extractor-0.3/output/csv/tor_ss-0927/20250702_081047.csv,3586785,4,0.5495871192549039,,130,train,45495b4b12d163c2f071e964ffcbe0ebe539ea406c175a8e1a036ec759087798,3bf398ddef0cf2308be81328fbb350ff3c135c58103e99d6fcc9211cd7a044ac
tor_ss:20250702_081900,Tor-SS,/data1/zcx/ja4tor/data/ja4tor/tor_ss/pcap/20250702_081900.pcap,/data1/zcx/ja4tor/models/fusion_flow_extractor-0.3/output/csv/tor_ss-0927/20250702_081900.csv,5050064,4,0.4028800115735266,,32,train,a5aea258a606b718c910aacde53010923ae7a90964ea0f0bbbf5ae0c399f01a7,17e1c70f47e8855492c0d35cbae6c4d76171e7dbe9bf45682175e447ace4e7f5
tor_ss:20250702_082350,Tor-SS,/data1/zcx/ja4tor/data/ja4tor/tor_ss/pcap/20250702_082350.pcap,/data1/zcx/ja4tor/models/fusion_flow_extractor-0.3/output/csv/tor_ss-0927/20250702_082350.csv,3889138,4,0.3820086459640428,,21,train,68743116571cf7ce0efe01dd04444f59f22d775058116d1b9dfe3b97d009092a,5ae446f908881b8c0386d5b4c19f9187eef3be960d3fad3d6eb635a169ec04a0
tor_ss:20250702_082456,Tor-SS,/data1/zcx/ja4tor/data/ja4tor/tor_ss/pcap/20250702_082456.pcap,/data1/zcx/ja4tor/models/fusion_flow_extractor-0.3/output/csv/tor_ss-0927/20250702_082456.csv,4938040,4,0.4864359759081384,,82,train,e026eb95bf97b8eb937ea36a2ee3709cfcd02d6c253e3d3527883ce368efefa6,66d33a798f02e7a3f27e32cc48f86b9b4f0094d3720a24a59f57bc1606d54730
tor_ss:20250702_083534,Tor-SS,/data1/zcx/ja4tor/data/ja4tor/tor_ss/pcap/20250702_083534.pcap,/data1/zcx/ja4tor/models/fusion_flow_extractor-0.3/output/csv/tor_ss-0927/20250702_083534.csv,2403321,4,0.4881934675038151,,83,train,b1e9fe95bec8d125c3e36104a0b40781479ffbe8c9fc390514caba1a1284dcdb,40373d075b89cd228ac142f93f20aa8eb723ad625fd5a4f3eba6d963b9ff5f34
tor_ss:20250702_083816,Tor-SS,/data1/zcx/ja4tor/data/ja4tor/tor_ss/pcap/20250702_083816.pcap,/data1/zcx/ja4tor/models/fusion_flow_extractor-0.3/output/csv/tor_ss-0927/20250702_083816.csv,1163236,4,0.36431309700117265,,12,train,7915da2b1d18eeb8929694c5a4ce00e132bb9ed359c821caeede14f500f71fbb,0412d2c4929cda4a80e62ef0c2ccb4cbe7ee7e2654b6dad196d8d373c8aa0c85
tor_ss:20250702_084134,Tor-SS,/data1/zcx/ja4tor/data/ja4tor/tor_ss/pcap/20250702_084134.pcap,/data1/zcx/ja4tor/models/fusion_flow_extractor-0.3/output/csv/tor_ss-0927/20250702_084134.csv,4090449,4,0.38511300933757875,,22,train,c61fa61fb111010b7256041938d3297f09cecd3ad091bfa1d586577997a55013,549c63402fb4ebb08e7af58db45be58084f090b777757d5f5742eda271e69d6c
tor_ss:20250702_084226,Tor-SS,/data1/zcx/ja4tor/data/ja4tor/tor_ss/pcap/20250702_084226.pcap,/data1/zcx/ja4tor/models/fusion_flow_extractor-0.3/output/csv/tor_ss-0927/20250702_084226.csv,5295174,4,0.3933614331507025,,26,train,7549139ace26be5fbe43a98b7222df3f6be6a94a9c21a68bb0343ca0040f5954,643ee5ddd2930ec7d9b23a9f85cc3b2fc8e52242bbe21fac3f083d77904c7132
tor_ss:20250702_084442,Tor-SS,/data1/zcx/ja4tor/data/ja4tor/tor_ss/pcap/20250702_084442.pcap,/data1/zcx/ja4tor/models/fusion_flow_extractor-0.3/output/csv/tor_ss-0927/20250702_084442.csv,2509266,4,0.5308316967204869,,115,train,bcab914358d9292e65ca8abac3042e9d6f6a45ecd05a3d317f118b90323b44dd,fedfdf158046f1cb05de547dafe2f422c436497d800c80dab681e8f4feb59259
tor_ss:20250702_084514,Tor-SS,/data1/zcx/ja4tor/data/ja4tor/tor_ss/pcap/20250702_084514.pcap,/data1/zcx/ja4tor/models/fusion_flow_extractor-0.3/output/csv/tor_ss-0927/20250702_084514.csv,5102268,4,0.4186824032341778,,10,test,880d5ffa855fb5775d7f062897ef1d2f2c13f6eb75a64af90f1e5686dea87ac0,33397abe77430acafdea2f400d4c61a9327e9bc0d43defc2db9ad31cfbf74487
tor_ss:20250702_085108,Tor-SS,/data1/zcx/ja4tor/data/ja4tor/tor_ss/pcap/20250702_085108.pcap,/data1/zcx/ja4tor/models/fusion_flow_extractor-0.3/output/csv/tor_ss-0927/20250702_085108.csv,5238860,4,0.5800340156386832,,15,validation,d4f5fa3a0ffac549fb17ad27e59095efa28972f5841b3490aa68fe19e6f8b450,6aa873c766cbe29a6c33ed522c7f6e079baf5d0608a79c820ac1777fa5af8dc2
tor_trojan:20250626_043150,Tor-Trojan,/data1/zcx/ja4tor/data/ja4tor/tor_trojan/pcap/20250626_043150.pcap,/data1/zcx/ja4tor/models/fusion_flow_extractor-0.3/output/csv/tor_trojan-0927/20250626_043150.csv,5140805,11,0.5638480029739392,,131,train,c7e5a1e31529395c6b09c5932250099a1c983c9dc796471c4dbaa3c9cafcf20f,838805923b59dd7f8d13a22b4476e4915e004b889c79299212d6cf1baa80244a
tor_trojan:20250626_084534,Tor-Trojan,/data1/zcx/ja4tor/data/ja4tor/tor_trojan/pcap/20250626_084534.pcap,/data1/zcx/ja4tor/models/fusion_flow_extractor-0.3/output/csv/tor_trojan-0927/20250626_084534.csv,8818723,7,0.4922725934648219,,71,train,b79071e455b9e4387c312f097d3b919e85c56d785a9db8a1e0d0914ecbfa056d,f60235be84159e713529e3cd2d5e748e182a80eb22e354e3876ea1273e56e59c
tor_trojan:20250626_102442,Tor-Trojan,/data1/zcx/ja4tor/data/ja4tor/tor_trojan/pcap/20250626_102442.pcap,/data1/zcx/ja4tor/models/fusion_flow_extractor-0.3/output/csv/tor_trojan-0927/20250626_102442.csv,3075312,10,0.5190642722861623,,108,train,563483cadbedb45b4b694afdcc133970e6753d8dc79a8d47d641052354b1a81d,7a19af64ad77c1cd701cd247e2f548fe03c341ffbb5328158a4917ee686137ab
tor_trojan:20250626_102524,Tor-Trojan,/data1/zcx/ja4tor/data/ja4tor/tor_trojan/pcap/20250626_102524.pcap,/data1/zcx/ja4tor/models/fusion_flow_extractor-0.3/output/csv/tor_trojan-0927/20250626_102524.csv,8215220,9,0.5486495811468917,,119,train,a1e076e51a6d17676ed5c82cc24badf9b03fec0e4e2c7639a1033f57648c1f35,b112cda14fa7e6844a8877f384337a3c6905660ba468cb4b49647f0989f4b444
tor_trojan:20250626_102725,Tor-Trojan,/data1/zcx/ja4tor/data/ja4tor/tor_trojan/pcap/20250626_102725.pcap,/data1/zcx/ja4tor/models/fusion_flow_extractor-0.3/output/csv/tor_trojan-0927/20250626_102725.csv,5236759,7,0.44636666199193153,,7,validation,76875d68538a1e856a5b2688b811e35350d36153d580db1f0b6d8f1e896f61eb,ac07af486014a0ad9cce11e37362ff1421de9c3a5eaa685ba18a56b3daecc848
tor_trojan:20250626_111246,Tor-Trojan,/data1/zcx/ja4tor/data/ja4tor/tor_trojan/pcap/20250626_111246.pcap,/data1/zcx/ja4tor/models/fusion_flow_extractor-0.3/output/csv/tor_trojan-0927/20250626_111246.csv,2488191,11,0.5266881812917489,,112,train,8b5e7f18a9b7c35a022819ba676823dfbf5a0cc1b62018bc53726ff79becfb92,bcda78272a429d911b4620ce81f85ffca533bb50ef2bcd2c25c61d6498eaca84
tor_trojan:20250626_111357,Tor-Trojan,/data1/zcx/ja4tor/data/ja4tor/tor_trojan/pcap/20250626_111357.pcap,/data1/zcx/ja4tor/models/fusion_flow_extractor-0.3/output/csv/tor_trojan-0927/20250626_111357.csv,833114,8,0.5,,81,train,cb8ad0982d4cd03f855597536d0ecdce35786938f8b5dc989bb449bb4dd91f18,590ce4c2eaae2b5fa8f166d75fde3801018437cfa2ebee2addc99a72952f211f
tor_trojan:20250626_114035,Tor-Trojan,/data1/zcx/ja4tor/data/ja4tor/tor_trojan/pcap/20250626_114035.pcap,/data1/zcx/ja4tor/models/fusion_flow_extractor-0.3/output/csv/tor_trojan-0927/20250626_114035.csv,2547130,13,0.5471773622260057,,33,test,fdfdbce0870be409582ec3884724e8c3453cef32b89b59e5260b640b66ad837e,d2f9dab11ee092b38fd59fdbdb8e7026309ad09258d8fdcb4421c97955eee847
tor_trojan:20250626_115059,Tor-Trojan,/data1/zcx/ja4tor/data/ja4tor/tor_trojan/pcap/20250626_115059.pcap,/data1/zcx/ja4tor/models/fusion_flow_extractor-0.3/output/csv/tor_trojan-0927/20250626_115059.csv,1066119,8,0.5511886554777408,,120,train,1bd80629413953263edf7b3ea95e737ed8ca2e75a75e896ef5c7c07537a4e030,bb096c49b3a27a36ea88fa8636f35652ed9d9823e1da1ecf549b43eb80660ae9
tor_trojan:20250626_115750,Tor-Trojan,/data1/zcx/ja4tor/data/ja4tor/tor_trojan/pcap/20250626_115750.pcap,/data1/zcx/ja4tor/models/fusion_flow_extractor-0.3/output/csv/tor_trojan-0927/20250626_115750.csv,5717961,7,0.5540165200724112,,124,train,f042bf09522b844bb234fef948945dec1a1d9d4192e58613244132ce50102f61,2264bdd446229d5e67de2707fd173cc9513d4138fa2d1a93187c065443a2b2c6
tor_trojan:20250626_120652,Tor-Trojan,/data1/zcx/ja4tor/data/ja4tor/tor_trojan/pcap/20250626_120652.pcap,/data1/zcx/ja4tor/models/fusion_flow_extractor-0.3/output/csv/tor_trojan-0927/20250626_120652.csv,6918868,8,0.3542617292991472,,17,train,c09525fdea2f049e7d5be6873b457a0cff58340e4ac5251ce0cc0a439f8ebd68,22998baa3af2480783fde5d067200dfa80b0d1f237960c189da6a8aa5d0a760a
tor_trojan:20250626_163236,Tor-Trojan,/data1/zcx/ja4tor/data/ja4tor/tor_trojan/pcap/20250626_163236.pcap,/data1/zcx/ja4tor/models/fusion_flow_extractor-0.3/output/csv/tor_trojan-0927/20250626_163236.csv,4685964,6,0.5620827952613152,,130,train,444d6409962a3f427bdf1908cd86a6c20d6d26c54ec583010134d773b7b61d1f,64c14ddb19b58e81f1ea95ca5bb19e05de642a91381e5f58014d7ab8014d5918
tor_trojan:20250626_163355,Tor-Trojan,/data1/zcx/ja4tor/data/ja4tor/tor_trojan/pcap/20250626_163355.pcap,/data1/zcx/ja4tor/models/fusion_flow_extractor-0.3/output/csv/tor_trojan-0927/20250626_163355.csv,4449839,7,0.4754231491326707,,61,train,d0f45e2d575cd07d284a8cbb2f3d6998f885f335300cfbeb862a8997b53f9c21,ffaa895608bd718013189c0a920040454d0141b78d54facde2887917da01015c
tor_trojan:20250626_163453,Tor-Trojan,/data1/zcx/ja4tor/data/ja4tor/tor_trojan/pcap/20250626_163453.pcap,/data1/zcx/ja4tor/models/fusion_flow_extractor-0.3/output/csv/tor_trojan-0927/20250626_163453.csv,4382404,6,0.46563686450324493,,10,validation,6bbc7d3f952cf3f4c068cbf56ab47a4fdcc06219a5d0d3cfd0ce09be349c43fb,0b7a7c17c358f7535ffbc444a27312c813b96b01f3539d7820df9de9a201e69e
tor_trojan:20250626_163520,Tor-Trojan,/data1/zcx/ja4tor/data/ja4tor/tor_trojan/pcap/20250626_163520.pcap,/data1/zcx/ja4tor/models/fusion_flow_extractor-0.3/output/csv/tor_trojan-0927/20250626_163520.csv,3744888,8,0.3389126243559113,,12,train,516c7a02edbb546b9393282cf7d26efe64440b6b06d3f6d9db09beb9e1d035bf,c49842900b5ef5137611693cb8e8c5cd8efbe12e995ba813e81b95b020088951
tor_trojan:20250626_163856,Tor-Trojan,/data1/zcx/ja4tor/data/ja4tor/tor_trojan/pcap/20250626_163856.pcap,/data1/zcx/ja4tor/models/fusion_flow_extractor-0.3/output/csv/tor_trojan-0927/20250626_163856.csv,4822916,15,0.38130657095651477,,29,train,b12c264cfa0148f8f6932b2fb1b49aeec8ca42892eece42c3825f2fbfff9e0f3,abe1cf35e5b2fcd2bdb36bc99b2539dbe14ddd983414ffc963b93c5231bbb7f7
tor_trojan:20250626_163941,Tor-Trojan,/data1/zcx/ja4tor/data/ja4tor/tor_trojan/pcap/20250626_163941.pcap,/data1/zcx/ja4tor/models/fusion_flow_extractor-0.3/output/csv/tor_trojan-0927/20250626_163941.csv,6360373,9,0.5688411324677414,,133,train,f0e484bbbe9e8d4226c4df06f7dda174ad6d124c32dfca583bb6551a9d4932f3,1cf94135ff602cfaf33aa005e0439cd31895ff25af27d6ac0ed333298b374a79
tor_trojan:20250630_095326,Tor-Trojan,/data1/zcx/ja4tor/data/ja4tor/tor_trojan/pcap/20250630_095326.pcap,/data1/zcx/ja4tor/models/fusion_flow_extractor-0.3/output/csv/tor_trojan-0927/20250630_095326.csv,4493936,5,0.4170215179166002,,36,train,fe11f48e7ba9aea0897a7fe7f0d7249d7e7a68b5a6085e39ba0a7e2017902645,06e721910010eca0f0ed4f04bc05d519b381e5429cd4264c650c63e53dffea64
tor_trojan:20250630_095600,Tor-Trojan,/data1/zcx/ja4tor/data/ja4tor/tor_trojan/pcap/20250630_095600.pcap,/data1/zcx/ja4tor/models/fusion_flow_extractor-0.3/output/csv/tor_trojan-0927/20250630_095600.csv,3519106,7,0.48355169466346826,,22,test,3a4d456a2fa2d088090ab92f2ac4015f3747a660ac0856eaf60d551d2312324b,1d031c36b8b1779145fd19bcc423c62ed2e5ac2102df40db8c8e6bc744a04637
tor_trojan:20250630_095858,Tor-Trojan,/data1/zcx/ja4tor/data/ja4tor/tor_trojan/pcap/20250630_095858.pcap,/data1/zcx/ja4tor/models/fusion_flow_extractor-0.3/output/csv/tor_trojan-0927/20250630_095858.csv,9426430,9,0.5063884340442818,,101,train,7d95eccee845390c57e01e1fdfeb610c8a67fea56c5843a54cee03b59332e7fa,998d6b25ce946028f2acde0efe6c995ab378aa90c4a1fc31a7a39acce2204c11
tor_trojan:20250630_095923,Tor-Trojan,/data1/zcx/ja4tor/data/ja4tor/tor_trojan/pcap/20250630_095923.pcap,/data1/zcx/ja4tor/models/fusion_flow_extractor-0.3/output/csv/tor_trojan-0927/20250630_095923.csv,3107753,7,0.4256988033986415,,4,validation,162bd1e08185f5cf252484d3db00d387c9d3919e320e24f8dedd23067c09b3da,d73a805370af995042098f51763a8d4dbd845812abe938f22c36c38a7b0f5ae7
tor_trojan:20250630_100127,Tor-Trojan,/data1/zcx/ja4tor/data/ja4tor/tor_trojan/pcap/20250630_100127.pcap,/data1/zcx/ja4tor/models/fusion_flow_extractor-0.3/output/csv/tor_trojan-0927/20250630_100127.csv,3880792,7,0.31611122753305065,,9,train,3528be76be812d7b25985192ceacba9fe34ec0e1e1f5a1c5639e4b9cdceb8162,32822f73e63df499496d45056e00400c84754e43cf5a925cc3ee50e0137529b9
tor_trojan:20250630_100619,Tor-Trojan,/data1/zcx/ja4tor/data/ja4tor/tor_trojan/pcap/20250630_100619.pcap,/data1/zcx/ja4tor/models/fusion_flow_extractor-0.3/output/csv/tor_trojan-0927/20250630_100619.csv,2566115,6,0.5267399495053022,,30,test,58c3df9da9c4d42bacc72fe7dce4025556162cf24d07388b84c367ebbe0a799e,eacadd3a8c826f06a48111d7939f70beb95fe686fa0f032385086a8d63396ef2
tor_trojan:20250630_100849,Tor-Trojan,/data1/zcx/ja4tor/data/ja4tor/tor_trojan/pcap/20250630_100849.pcap,/data1/zcx/ja4tor/models/fusion_flow_extractor-0.3/output/csv/tor_trojan-0927/20250630_100849.csv,15692476,7,0.33136565672333657,,10,train,9c9ecf888e0da1e48f46027316829fda90029fbc6c6bcfc9b7079487cc50d344,2daabb2831ab209dcdc083e297a08968c0fa73d33a28fdc40b3eaf52cacaec55
tor_trojan:20250630_101310,Tor-Trojan,/data1/zcx/ja4tor/data/ja4tor/tor_trojan/pcap/20250630_101310.pcap,/data1/zcx/ja4tor/models/fusion_flow_extractor-0.3/output/csv/tor_trojan-0927/20250630_101310.csv,2136788,7,0.4374850773959045,,42,train,d79c5dd94546d67a89794cf5b1003c79b780f5420e7949b3b06dbd641e049afe,f36abbe8b55a3bcba1ae09fedd8f7b769390d0bed5c92a6a491c00c946c1c6eb
tor_trojan:20250630_101341,Tor-Trojan,/data1/zcx/ja4tor/data/ja4tor/tor_trojan/pcap/20250630_101341.pcap,/data1/zcx/ja4tor/models/fusion_flow_extractor-0.3/output/csv/tor_trojan-0927/20250630_101341.csv,8247162,6,0.49689969531164163,,23,test,bcde534fe3fcd34e53c34da8ee3a28bbe378c25aa3e8347dcbd0b9b76d25d9ee,b7a8bcf5ca2bc4447f862e994d2477bd4a915e44ac58b68e99ff311d0285ab92
tor_trojan:20250630_103116,Tor-Trojan,/data1/zcx/ja4tor/data/ja4tor/tor_trojan/pcap/20250630_103116.pcap,/data1/zcx/ja4tor/models/fusion_flow_extractor-0.3/output/csv/tor_trojan-0927/20250630_103116.csv,2259636,8,0.5,,82,train,3f41f9ebd2b502e244673032545c6adc1c43ac093cb80233b914c4b1f7cbb97a,04921899fa60ba87034bd4543b9b4c2d433066268719414260063d298565bf45
tor_trojan:20250630_103359,Tor-Trojan,/data1/zcx/ja4tor/data/ja4tor/tor_trojan/pcap/20250630_103359.pcap,/data1/zcx/ja4tor/models/fusion_flow_extractor-0.3/output/csv/tor_trojan-0927/20250630_103359.csv,1458442,9,0.47220194576260627,,56,train,8f8042081cce3c7237a4abf117075882f18b95fc0119d078a14f8f407c246403,e015dd4610e8742884fca9f9f16f3d1e46387a69cc44c719b5c99b1dc6b661a3
tor_trojan:20250630_104104,Tor-Trojan,/data1/zcx/ja4tor/data/ja4tor/tor_trojan/pcap/20250630_104104.pcap,/data1/zcx/ja4tor/models/fusion_flow_extractor-0.3/output/csv/tor_trojan-0927/20250630_104104.csv,3788182,7,0.4398956005205541,,6,validation,4b9e3a6c5b3192fa729b92fb3032984d78ffe06034dc4cfa19cdb7dda37e0790,874ce5a2989ed2868febb4f1a5cc0721c71fd287e07497b65a6a1a3d6a8ad625
tor_trojan:20250630_104631,Tor-Trojan,/data1/zcx/ja4tor/data/ja4tor/tor_trojan/pcap/20250630_104631.pcap,/data1/zcx/ja4tor/models/fusion_flow_extractor-0.3/output/csv/tor_trojan-0927/20250630_104631.csv,3084473,6,0.5046790259710294,,99,train,ef9a0345d984735c0dd9bdb34eb5249a0a4e034596ee425283f2b2979261402b,9d96af40e10ad0f7bc4e7f8a622c4a6cfe201b5824c8f5f136acd139905430c2
tor_trojan:20250630_104906,Tor-Trojan,/data1/zcx/ja4tor/data/ja4tor/tor_trojan/pcap/20250630_104906.pcap,/data1/zcx/ja4tor/models/fusion_flow_extractor-0.3/output/csv/tor_trojan-0927/20250630_104906.csv,5756418,6,0.5765817276325926,,20,validation,fc872e1c316460afc6f0a12d1b3b325c17e0a606008dccc6910f5581c24a00bb,57cf98306b06a7f8a386fb21d8fee7b2437a6df2f95ade193a46efaac41ce01e
tor_trojan:20250630_105431,Tor-Trojan,/data1/zcx/ja4tor/data/ja4tor/tor_trojan/pcap/20250630_105431.pcap,/data1/zcx/ja4tor/models/fusion_flow_extractor-0.3/output/csv/tor_trojan-0927/20250630_105431.csv,20680691,10,0.5,,83,train,52f4ab244b8e3a30c38b874da8a2e7c5cfc822f2f06a473914a397f6248d3d45,f5620c86e66d78ff95ad59b0286021809c566ce1987c59016c0e51fe956e603b
tor_trojan:20250630_105610,Tor-Trojan,/data1/zcx/ja4tor/data/ja4tor/tor_trojan/pcap/20250630_105610.pcap,/data1/zcx/ja4tor/models/fusion_flow_extractor-0.3/output/csv/tor_trojan-0927/20250630_105610.csv,5384943,6,0.4532805653072627,,51,train,3a5d8c76790d906aabcc0f43b8822f5149da2c6935cbd22bca670f4925e8c3a5,690d636685909810c9eb04398b2bed1ea618a322362d68436923ae8309dac977
tor_trojan:20250630_110444,Tor-Trojan,/data1/zcx/ja4tor/data/ja4tor/tor_trojan/pcap/20250630_110444.pcap,/data1/zcx/ja4tor/models/fusion_flow_extractor-0.3/output/csv/tor_trojan-0927/20250630_110444.csv,8413868,8,0.515564020299816,,106,train,6ea5c09da827ff306dcfb6816b7e4e1e9a0d17e59a2156897f22b42ac626b77e,cad87b719a042430028b852f622476476933fb145382323a40430402744ca723
tor_trojan:20250630_110649,Tor-Trojan,/data1/zcx/ja4tor/data/ja4tor/tor_trojan/pcap/20250630_110649.pcap,/data1/zcx/ja4tor/models/fusion_flow_extractor-0.3/output/csv/tor_trojan-0927/20250630_110649.csv,10495268,6,0.4036139697452167,,34,train,8ec0a7d1615a92aa8ed8220dac5b5948baa34520e5b1595f7eb14cd610c9bef3,d238ad8720c260c67aaa2006ae1f8724dd7c48889028a19c46a194f7f8029f73
tor_trojan:20250630_110934,Tor-Trojan,/data1/zcx/ja4tor/data/ja4tor/tor_trojan/pcap/20250630_110934.pcap,/data1/zcx/ja4tor/models/fusion_flow_extractor-0.3/output/csv/tor_trojan-0927/20250630_110934.csv,15432425,9,0.37035472955051896,,23,train,f49e4e690c63fb9882339af1bd186fb0ae1d514ed7f0be332e7d2e4629c4e11a,b464121fca7cf4cfbfcb72eae08792390ef7995ee725be0cd56cab7fbfbd76e5
tor_trojan:20250630_111142,Tor-Trojan,/data1/zcx/ja4tor/data/ja4tor/tor_trojan/pcap/20250630_111142.pcap,/data1/zcx/ja4tor/models/fusion_flow_extractor-0.3/output/csv/tor_trojan-0927/20250630_111142.csv,12568681,5,0.33927588989455765,,13,train,10f294446ae626cfc09c26a9f918d7fc9975b45b7244a50f326ad3e431b57485,48553614076fa955b09a929cd795c603c8de6ab2ce4d14173865af5decd45491
tor_trojan:20250630_111340,Tor-Trojan,/data1/zcx/ja4tor/data/ja4tor/tor_trojan/pcap/20250630_111340.pcap,/data1/zcx/ja4tor/models/fusion_flow_extractor-0.3/output/csv/tor_trojan-0927/20250630_111340.csv,12334583,6,0.5483794901761792,,18,validation,a753172c963bd3b447a903a4d856a123fbbc3e9c3f46b4c915e7bda128e3efd7,71cea18549f64c4b6223875b8754a15d85d824d6144e825ea65f46c129ae5e8a
tor_trojan:20250630_111408,Tor-Trojan,/data1/zcx/ja4tor/data/ja4tor/tor_trojan/pcap/20250630_111408.pcap,/data1/zcx/ja4tor/models/fusion_flow_extractor-0.3/output/csv/tor_trojan-0927/20250630_111408.csv,5071178,9,0.45104983823621014,,49,train,669ddce31aa6ac109a438d92b776341adbfe9304414c883399ae9a698dcfb10d,1ffac9dc354683066b180f452853644df2634244b679f74c061a8bed830453b7
tor_trojan:20250630_111614,Tor-Trojan,/data1/zcx/ja4tor/data/ja4tor/tor_trojan/pcap/20250630_111614.pcap,/data1/zcx/ja4tor/models/fusion_flow_extractor-0.3/output/csv/tor_trojan-0927/20250630_111614.csv,2329484,7,0.5,,24,test,20b4729b20be4842db9e629c6f0b4f9876e8d19528a3b21c3eb1de3b9084ffa8,01bc1301824cc42a65ee1c85936f8416bfc5b2b64e1e27cf456efb37e7e3d4c2
tor_trojan:20250630_111824,Tor-Trojan,/data1/zcx/ja4tor/data/ja4tor/tor_trojan/pcap/20250630_111824.pcap,/data1/zcx/ja4tor/models/fusion_flow_extractor-0.3/output/csv/tor_trojan-0927/20250630_111824.csv,3641268,7,0.47973921859201224,,20,test,5c4c62384c7f96748eb42fdfffc3a1cbea6d6a566bd487896967195af8c82b1d,7a5c0b670509f08f1f42ca5dc22f40613c432aaf1393b074cf1288836ecc36e0
tor_trojan:20250630_112001,Tor-Trojan,/data1/zcx/ja4tor/data/ja4tor/tor_trojan/pcap/20250630_112001.pcap,/data1/zcx/ja4tor/models/fusion_flow_extractor-0.3/output/csv/tor_trojan-0927/20250630_112001.csv,6142502,6,0.4647814732463904,,54,train,b43e2079fb1f540c9d69426ebdbbfa1b9461266b9bbb8f330f2eb72cff32c78d,1c16ad78e6798f9b48932fd31a941a41bc68571e9d71fa184ad31bdc09c0074b
tor_trojan:20250630_112100,Tor-Trojan,/data1/zcx/ja4tor/data/ja4tor/tor_trojan/pcap/20250630_112100.pcap,/data1/zcx/ja4tor/models/fusion_flow_extractor-0.3/output/csv/tor_trojan-0927/20250630_112100.csv,1376046,9,0.4266909480443307,,14,test,5fd8785ea5e78a1a9c51ed61f0f10cd6ff39de0227126fca51f7d051501fcfe3,09f55c44391d3d07e7393a3738b08d62d30f75b9bb57bd3418120bb3f5cc3125
tor_trojan:20250630_112256,Tor-Trojan,/data1/zcx/ja4tor/data/ja4tor/tor_trojan/pcap/20250630_112256.pcap,/data1/zcx/ja4tor/models/fusion_flow_extractor-0.3/output/csv/tor_trojan-0927/20250630_112256.csv,2657554,9,0.28159303834298677,,8,train,208bfa63c8928663766b1e56013f8ba6e274b2db950499c5f0b6750e092492aa,0ad405baef7c4b987574ddbaf1aa99cd228d905ba98b6869f99dbcf3504c4040
tor_trojan:20250630_112528,Tor-Trojan,/data1/zcx/ja4tor/data/ja4tor/tor_trojan/pcap/20250630_112528.pcap,/data1/zcx/ja4tor/models/fusion_flow_extractor-0.3/output/csv/tor_trojan-0927/20250630_112528.csv,7981982,7,0.4923712759374834,,72,train,4a660e716519cca50af0ec74783b66b4c9efdc710c84ac10977f7eadb907ffbc,2a609ab9de2e2885f5e69b2a07ed3732a6db0c07c07cb66141b064d26008c864
tor_trojan:20250630_113050,Tor-Trojan,/data1/zcx/ja4tor/data/ja4tor/tor_trojan/pcap/20250630_113050.pcap,/data1/zcx/ja4tor/models/fusion_flow_extractor-0.3/output/csv/tor_trojan-0927/20250630_113050.csv,15691886,8,0.5034261969298358,,27,test,479e734bfb8e2ea40f4bdb1d86ea6f1c52d59dff0247ee212ed9aee009f76dcf,677d3daac8765ae965e29f585bd64d963aa54f1c484c710a3f7453af93b3922e
tor_trojan:20250630_113622,Tor-Trojan,/data1/zcx/ja4tor/data/ja4tor/tor_trojan/pcap/20250630_113622.pcap,/data1/zcx/ja4tor/models/fusion_flow_extractor-0.3/output/csv/tor_trojan-0927/20250630_113622.csv,551872,8,0.42783192552423077,,38,train,ff8102bb4bbc24604bc153264cc7e75d50372ba0960602dbc5503b4c09f079cb,ee21b81c8a84801a8c9b34ca3bfbdfd62abfcabc5e29a446bf00d0746851c65b
tor_trojan:20250630_113647,Tor-Trojan,/data1/zcx/ja4tor/data/ja4tor/tor_trojan/pcap/20250630_113647.pcap,/data1/zcx/ja4tor/models/fusion_flow_extractor-0.3/output/csv/tor_trojan-0927/20250630_113647.csv,3109721,6,0.5788446441206716,,139,train,2bc18f86f4a7931e8519712bdfba183a49e9e6e128b12a003f6267d53d09737a,104f295310d90d1fede62c879b23c2ab0c4c09a97fd85e12ad207d16c5b52ee6
tor_trojan:20250630_115348,Tor-Trojan,/data1/zcx/ja4tor/data/ja4tor/tor_trojan/pcap/20250630_115348.pcap,/data1/zcx/ja4tor/models/fusion_flow_extractor-0.3/output/csv/tor_trojan-0927/20250630_115348.csv,2747634,7,0.29729806644504253,,3,test,2d6e67acbd0f8c44a16b1447c846b6f9a645be24103eabf101e0e38b48df2658,72ab9573927d507be847e59dd7435f3f01ab4bbbf133ed891c7c20f115d3cc4d
tor_trojan:20250630_115445,Tor-Trojan,/data1/zcx/ja4tor/data/ja4tor/tor_trojan/pcap/20250630_115445.pcap,/data1/zcx/ja4tor/models/fusion_flow_extractor-0.3/output/csv/tor_trojan-0927/20250630_115445.csv,5061374,7,0.36736279810883576,,7,test,5a14ba93cfb5260459aa30ee71f4412252c50641471778115d6b6e92090547da,8a2d21088f3183b3389b9a0ebb257515c71f637042eacbac0d94df2147aaff2a
tor_trojan:20250630_115514,Tor-Trojan,/data1/zcx/ja4tor/data/ja4tor/tor_trojan/pcap/20250630_115514.pcap,/data1/zcx/ja4tor/models/fusion_flow_extractor-0.3/output/csv/tor_trojan-0927/20250630_115514.csv,11343425,8,0.5584270637892773,,127,train,9fd42404df950d06a825f4309982943e5d90f4ae75bbe12586e9b9260ed6624c,b70837b3ec91951a72084693d1d93f7a0f7e1c88a20f08cba6afe3424f34636b
tor_trojan:20250630_115754,Tor-Trojan,/data1/zcx/ja4tor/data/ja4tor/tor_trojan/pcap/20250630_115754.pcap,/data1/zcx/ja4tor/models/fusion_flow_extractor-0.3/output/csv/tor_trojan-0927/20250630_115754.csv,11045091,8,0.5005540516745741,,26,test,659373c2460c2628a61bbb59b04f9dd27b2c0e655fed92664e06f9160d4fd452,1a2f11e3c6c804edafec67b30872e9e505b51d21a6d662969e0118d22313ff0b
tor_trojan:20250630_115825,Tor-Trojan,/data1/zcx/ja4tor/data/ja4tor/tor_trojan/pcap/20250630_115825.pcap,/data1/zcx/ja4tor/models/fusion_flow_extractor-0.3/output/csv/tor_trojan-0927/20250630_115825.csv,8435925,5,0.5749166881395361,,35,test,523724b8f7801ae9eee36bcba795867887f46ca2eb9e77078c8b746261c5f631,d2752e3d8aca756f0f03a5fa47424e334d75a0101e024a1326ec5f7d12f300f7
tor_trojan:20250630_120000,Tor-Trojan,/data1/zcx/ja4tor/data/ja4tor/tor_trojan/pcap/20250630_120000.pcap,/data1/zcx/ja4tor/models/fusion_flow_extractor-0.3/output/csv/tor_trojan-0927/20250630_120000.csv,4359382,8,0.3645944926616146,,20,train,6ff1ca47c21a7905164873bab6fafdc1b258ac0bc8f8687f8a01a1d0fd637751,2b10867d21329c0034fb32f454c07a4f6f3962ee7fb799070643e26bcda61d46
tor_trojan:20250630_120243,Tor-Trojan,/data1/zcx/ja4tor/data/ja4tor/tor_trojan/pcap/20250630_120243.pcap,/data1/zcx/ja4tor/models/fusion_flow_extractor-0.3/output/csv/tor_trojan-0927/20250630_120243.csv,3596287,8,0.5485418029117399,,34,test,e866a0556fe520293ab4150cb6ed72c2df04e13de74dba77dd068e930fe32c70,89c62aad56e8690b0b633b5ee701242668e5616120932d27714732ff7495613f
tor_trojan:20250630_120629,Tor-Trojan,/data1/zcx/ja4tor/data/ja4tor/tor_trojan/pcap/20250630_120629.pcap,/data1/zcx/ja4tor/models/fusion_flow_extractor-0.3/output/csv/tor_trojan-0927/20250630_120629.csv,5080492,6,0.559341520406111,,128,train,a25b1a83f280fa0f8c81e7f8fd7176cd017b547a42ebcbf7960d205ee692a136,0be134f238681cca120b006d08f1b114fd8a75795e2e64ec6993811875e8287e
tor_trojan:20250630_121952,Tor-Trojan,/data1/zcx/ja4tor/data/ja4tor/tor_trojan/pcap/20250630_121952.pcap,/data1/zcx/ja4tor/models/fusion_flow_extractor-0.3/output/csv/tor_trojan-0927/20250630_121952.csv,6021700,8,0.4884185791015625,,68,train,86a75ca6214b7e25a8496324f52533823bf593a1f768c3fd9c7e3f084665d7a1,d7064433e236e10a1f0fb8704db7e34b4d26ab881f77b1424286eee30f6f416b
tor_trojan:20250630_122414,Tor-Trojan,/data1/zcx/ja4tor/data/ja4tor/tor_trojan/pcap/20250630_122414.pcap,/data1/zcx/ja4tor/models/fusion_flow_extractor-0.3/output/csv/tor_trojan-0927/20250630_122414.csv,4719668,8,0.4915751554189742,,12,validation,20768b754fd3b0dc705555efdc9394257a57ac8f20970feb7ad6f4a2beaa0985,bdb9cd84cebdc3b1d3d9b740d9df880f64c77c49a4ab48f0e070e8b8386c25e8
tor_trojan:20250630_122716,Tor-Trojan,/data1/zcx/ja4tor/data/ja4tor/tor_trojan/pcap/20250630_122716.pcap,/data1/zcx/ja4tor/models/fusion_flow_extractor-0.3/output/csv/tor_trojan-0927/20250630_122716.csv,4026304,6,0.5372998103601456,,116,train,089b3e13ee4ca45249b606c60d41b78686710f4c16691516b9009db6830e8498,ca10b324f156fead9d172d41f69b8fbc81a81ef3d314a4f5c7ce38a3183d3011
tor_trojan:20250630_123204,Tor-Trojan,/data1/zcx/ja4tor/data/ja4tor/tor_trojan/pcap/20250630_123204.pcap,/data1/zcx/ja4tor/models/fusion_flow_extractor-0.3/output/csv/tor_trojan-0927/20250630_123204.csv,4296259,7,0.5195998070172186,,16,validation,11a2f3e4cb87fc3cd2b94338b13eb721ecca96099dfad7250cdea7938646e630,99e3b5ab2e55482ee54ca5eed8b9f48b4c26b4744c4cbd4062415e9482283123
tor_trojan:20250630_123802,Tor-Trojan,/data1/zcx/ja4tor/data/ja4tor/tor_trojan/pcap/20250630_123802.pcap,/data1/zcx/ja4tor/models/fusion_flow_extractor-0.3/output/csv/tor_trojan-0927/20250630_123802.csv,7105083,9,0.45468010446042956,,18,test,0434b260e73b42994180a0b0acf778394b68f890ac49181068ae5e977831fd90,88885d30da700eab43ef2080752e0d5f3afcd8d08ab45e95fdd430a9ec4345b9
tor_trojan:20250630_124356,Tor-Trojan,/data1/zcx/ja4tor/data/ja4tor/tor_trojan/pcap/20250630_124356.pcap,/data1/zcx/ja4tor/models/fusion_flow_extractor-0.3/output/csv/tor_trojan-0927/20250630_124356.csv,16892728,10,0.6019115094872596,,40,test,be8ac8e95ec92edc923eb8b1b46132be070910072bb4b66453c50734f00dda0e,4b563ac8d7a446497b1747e54a3d6fc913736e9a16521b7e7f758d9a3cc9fb5f
tor_trojan:20250630_124959,Tor-Trojan,/data1/zcx/ja4tor/data/ja4tor/tor_trojan/pcap/20250630_124959.pcap,/data1/zcx/ja4tor/models/fusion_flow_extractor-0.3/output/csv/tor_trojan-0927/20250630_124959.csv,4734536,9,0.5172317977680458,,28,test,cdaed5f45b238bf1c04f91de10387359448e07f5e8913e74c547b381c072dbd4,98acbb946e717c30bf8c5c4e6e5b64b7558408fd88ede3a50d4e8be711afb3d1
tor_trojan:20250630_125149,Tor-Trojan,/data1/zcx/ja4tor/data/ja4tor/tor_trojan/pcap/20250630_125149.pcap,/data1/zcx/ja4tor/models/fusion_flow_extractor-0.3/output/csv/tor_trojan-0927/20250630_125149.csv,5790493,7,0.3769904826209899,,28,train,4c9586f5cd164c15928781264ad16d3069a4c11530a8d79d4d54d7c119d6ccb5,99a8e34eef4e6729cc6b61fe86d70a1d60e5aea249e11412d7c3098c2a3b5662
tor_trojan:20250630_125302,Tor-Trojan,/data1/zcx/ja4tor/data/ja4tor/tor_trojan/pcap/20250630_125302.pcap,/data1/zcx/ja4tor/models/fusion_flow_extractor-0.3/output/csv/tor_trojan-0927/20250630_125302.csv,12582136,10,0.5326900769798606,,32,test,ff287aa81cbb67c96ae8fb1f9d03a499ee60f81937c9096d77a43d6294b138aa,5fc052a6fabb3a9182509a77d3e0b8763bfedd60dcede83c095fd0ad0aea8453
tor_trojan:20250630_125400,Tor-Trojan,/data1/zcx/ja4tor/data/ja4tor/tor_trojan/pcap/20250630_125400.pcap,/data1/zcx/ja4tor/models/fusion_flow_extractor-0.3/output/csv/tor_trojan-0927/20250630_125400.csv,3598409,6,0.5321057183323012,,115,train,321d6b49207100957498f4eaf29cf80583fb7560de6f3b893656180ea22cc366,b6d3ec8131fc1f56d3f93be35273dd8c5f7abad3a70ff5abb78e7c595b3bcc4d
tor_trojan:20250630_125428,Tor-Trojan,/data1/zcx/ja4tor/data/ja4tor/tor_trojan/pcap/20250630_125428.pcap,/data1/zcx/ja4tor/models/fusion_flow_extractor-0.3/output/csv/tor_trojan-0927/20250630_125428.csv,1608243,5,0.3329018328699327,,2,validation,d08b3a210c6149fe6fce0d72c6581fa5cd1ca447d7b5b5bc781b93c523f5f311,a82defcac1f05d698fbc1f554020b0fcecf47d9a9c4681dfee0cc39af99780ab
tor_trojan:20250630_125747,Tor-Trojan,/data1/zcx/ja4tor/data/ja4tor/tor_trojan/pcap/20250630_125747.pcap,/data1/zcx/ja4tor/models/fusion_flow_extractor-0.3/output/csv/tor_trojan-0927/20250630_125747.csv,13638801,7,0.5638599378314134,,19,validation,8a1a3ca749af2b1b9c8a6fb171a5b380b6e3732bee529bfea3aa2dd1f31c888b,0b264c2ab09da0b68c7a0b3eb87a1059182dccdcb882b6d05e0c67483f9f24aa
tor_trojan:20250630_125929,Tor-Trojan,/data1/zcx/ja4tor/data/ja4tor/tor_trojan/pcap/20250630_125929.pcap,/data1/zcx/ja4tor/models/fusion_flow_extractor-0.3/output/csv/tor_trojan-0927/20250630_125929.csv,5187011,7,0.27953968487635994,,1,test,7c2498d8810dc77a4e47a8a3ce9341269cde58a555ff1ebd2791c7feee9fb9d6,13bd8db0b469de5eb54b8bc542f54a8dc94c3f0746bcb56d4b541b9a66a27e8e
tor_trojan:20250630_130522,Tor-Trojan,/data1/zcx/ja4tor/data/ja4tor/tor_trojan/pcap/20250630_130522.pcap,/data1/zcx/ja4tor/models/fusion_flow_extractor-0.3/output/csv/tor_trojan-0927/20250630_130522.csv,1193897,7,0.5,,84,train,0452cf2de8838312c038266d86186b213f6a0504a117c6d5964e4a6c62307503,45cebe51ed4d30dc956f406daf46baa048f21bc4eeef507b1043ec756cc386cc
tor_trojan:20250630_130816,Tor-Trojan,/data1/zcx/ja4tor/data/ja4tor/tor_trojan/pcap/20250630_130816.pcap,/data1/zcx/ja4tor/models/fusion_flow_extractor-0.3/output/csv/tor_trojan-0927/20250630_130816.csv,6598163,8,0.5578134756842232,,126,train,b25e67fb350c704d9bc538b376c683491c474f85d9024a2a4d9b48385c9ec325,c42d64d4a8ba06dd023e4e7ef8b949d5080b548c80229ac991b56d1e40eeaa5b
tor_trojan:20250630_131039,Tor-Trojan,/data1/zcx/ja4tor/data/ja4tor/tor_trojan/pcap/20250630_131039.pcap,/data1/zcx/ja4tor/models/fusion_flow_extractor-0.3/output/csv/tor_trojan-0927/20250630_131039.csv,1292816,6,0.4646347427691151,,53,train,2e89338420ee84502209ff8f9e932e4718612f6be5fab7c40d4d7545bdffb37e,2dcf0568a9a88fc113ef39e917e142f30a0759cad6e9c8449c0066c83ed8a6fc
tor_trojan:20250630_131549,Tor-Trojan,/data1/zcx/ja4tor/data/ja4tor/tor_trojan/pcap/20250630_131549.pcap,/data1/zcx/ja4tor/models/fusion_flow_extractor-0.3/output/csv/tor_trojan-0927/20250630_131549.csv,4680586,6,0.4479607760507417,,47,train,24af940a4db5f087d0dd60c192e6dc685ecd2887b740fbc3db3715ba0aa99ae1,70a851c65cfebffe7eba562d3c0f2e0d33e723cd198bc62173d62e98f80897c3
tor_trojan:20250630_131649,Tor-Trojan,/data1/zcx/ja4tor/data/ja4tor/tor_trojan/pcap/20250630_131649.pcap,/data1/zcx/ja4tor/models/fusion_flow_extractor-0.3/output/csv/tor_trojan-0927/20250630_131649.csv,4771378,7,0.4220186321956054,,37,train,63e67ffa96c27c4caca9923492934649bc855265d0121dd7a300ffcd67033af7,a17e2036ffd3d5757e1dfdee46e4f041219a02de2f611c837de546442b6da430
tor_trojan:20250630_131830,Tor-Trojan,/data1/zcx/ja4tor/data/ja4tor/tor_trojan/pcap/20250630_131830.pcap,/data1/zcx/ja4tor/models/fusion_flow_extractor-0.3/output/csv/tor_trojan-0927/20250630_131830.csv,4405298,7,0.48280627649759705,,21,test,b4e945a22fb4e5b230a83105de2fdc8d32d85ea97bb649ffcb1cbefde628d73a,eac9f0579229818e493ebfdb345dd56736469519c63b881d91eda9d0ab56d3fe
tor_trojan:20250630_132255,Tor-Trojan,/data1/zcx/ja4tor/data/ja4tor/tor_trojan/pcap/20250630_132255.pcap,/data1/zcx/ja4tor/models/fusion_flow_extractor-0.3/output/csv/tor_trojan-0927/20250630_132255.csv,2994272,8,0.3766079703247728,,27,train,72ccea0250d28deee57df278423835483b2c83c4d91236a23f922c1198744d81,036d5aaa2ce5a301be8602f23a17c5e501622b2e1463fba6e55b38ee960acc8e
tor_trojan:20250630_132321,Tor-Trojan,/data1/zcx/ja4tor/data/ja4tor/tor_trojan/pcap/20250630_132321.pcap,/data1/zcx/ja4tor/models/fusion_flow_extractor-0.3/output/csv/tor_trojan-0927/20250630_132321.csv,4478783,7,0.47352736869565765,,58,train,c1e403e3dbc0e4618dc0a9ca2c9415490418cc37454799859a307e178146361f,62568e90d6d37118a28536ab307f2f46e8e6f4de7dc500ee065839f68e2e4ca5
tor_trojan:20250630_132649,Tor-Trojan,/data1/zcx/ja4tor/data/ja4tor/tor_trojan/pcap/20250630_132649.pcap,/data1/zcx/ja4tor/models/fusion_flow_extractor-0.3/output/csv/tor_trojan-0927/20250630_132649.csv,5291198,6,0.4849397590361445,,64,train,7357c3df2c45cfc4964fb9788ac859daffe5d1feecf1050cdd31defb8052a40a,3a0df4ff5d189b5a91edefaa1e9e10bfcc8e71948d8e274defbecf5142fdc438
tor_trojan:20250630_132826,Tor-Trojan,/data1/zcx/ja4tor/data/ja4tor/tor_trojan/pcap/20250630_132826.pcap,/data1/zcx/ja4tor/models/fusion_flow_extractor-0.3/output/csv/tor_trojan-0927/20250630_132826.csv,2648795,5,0.23901251491743236,,3,train,070ba3243f92e98d998f240eb374bad3483ea6a16d63108f95b0ca529827f6d9,39d6c234de906a0a163129426ad923d6e8ea15272c9e5a07864f4d6334d4e2ab
tor_trojan:20250630_133029,Tor-Trojan,/data1/zcx/ja4tor/data/ja4tor/tor_trojan/pcap/20250630_133029.pcap,/data1/zcx/ja4tor/models/fusion_flow_extractor-0.3/output/csv/tor_trojan-0927/20250630_133029.csv,9530558,12,0.4947571761287666,,73,train,49043959dd242313369c5de7f6ae56a927a918bfebcc03ac49b23dc1fc6e749f,6b6b1a2fca5312098f71ed9aaef988f55a55c609ae928ed342b57ac4fde71ddd
tor_trojan:20250630_133127,Tor-Trojan,/data1/zcx/ja4tor/data/ja4tor/tor_trojan/pcap/20250630_133127.pcap,/data1/zcx/ja4tor/models/fusion_flow_extractor-0.3/output/csv/tor_trojan-0927/20250630_133127.csv,2602827,6,0.5,,85,train,9aeb73de5e49bb1111ea5b5f993749297fb696beb79b79e8d3afa8dec41e615b,46a9761a16effab7b032c8fe1a17bf8cee2f29ec37616a6dfd117540bf80e765
tor_trojan:20250630_133220,Tor-Trojan,/data1/zcx/ja4tor/data/ja4tor/tor_trojan/pcap/20250630_133220.pcap,/data1/zcx/ja4tor/models/fusion_flow_extractor-0.3/output/csv/tor_trojan-0927/20250630_133220.csv,5822179,9,0.49889773638333296,,13,validation,1115c8fcc44e08a5ae4dbbd7e4e84eeca17be582daf3d69d2a2be07f0a1880eb,d935dd3866a400d16bb9e10655ef104cb878fec6099c5d59392829efb7567f5d
tor_trojan:20250630_134023,Tor-Trojan,/data1/zcx/ja4tor/data/ja4tor/tor_trojan/pcap/20250630_134023.pcap,/data1/zcx/ja4tor/models/fusion_flow_extractor-0.3/output/csv/tor_trojan-0927/20250630_134023.csv,9380727,6,0.31762543749528144,,4,test,199607d646c3c817cb0a736a4c51b0f70bd1736f0e0f960532b88fdf6426c082,a6216e6b8729111ba0ea81755fee44ba4be1ca8602e2ab15dec8a5f5f1a4edba
tor_trojan:20250630_134451,Tor-Trojan,/data1/zcx/ja4tor/data/ja4tor/tor_trojan/pcap/20250630_134451.pcap,/data1/zcx/ja4tor/models/fusion_flow_extractor-0.3/output/csv/tor_trojan-0927/20250630_134451.csv,4793405,9,0.5535144183908376,,123,train,c2d3b37edf5aafc4544e736be5d6f1d1762dc9275e7060914fcf0daca1495801,608535aed58448eff5e665da983a812de9d6339cca6869b402043dedb1e673e5
tor_trojan:20250630_134541,Tor-Trojan,/data1/zcx/ja4tor/data/ja4tor/tor_trojan/pcap/20250630_134541.pcap,/data1/zcx/ja4tor/models/fusion_flow_extractor-0.3/output/csv/tor_trojan-0927/20250630_134541.csv,15658009,10,0.48290504889602426,,63,train,e29e5848ebd220b00f8bfc7dc5951a852f7f1fe39b8e00252ac859b3b5baa9e3,8235e0cc3af879e20896556890fd1c1b810e0ce673ddba5cd79e1b9b4470615e
tor_trojan:20250630_135523,Tor-Trojan,/data1/zcx/ja4tor/data/ja4tor/tor_trojan/pcap/20250630_135523.pcap,/data1/zcx/ja4tor/models/fusion_flow_extractor-0.3/output/csv/tor_trojan-0927/20250630_135523.csv,3652383,8,0.5,,86,train,cd638d468c1ad7e9c0145444c0f97300c29fe60a00cbed61da6090a28d8aaafa,a6d09c9b56d2b58318ad23289de99cc5456ad485be987f04921ea70014cb466f
tor_trojan:20250630_135826,Tor-Trojan,/data1/zcx/ja4tor/data/ja4tor/tor_trojan/pcap/20250630_135826.pcap,/data1/zcx/ja4tor/models/fusion_flow_extractor-0.3/output/csv/tor_trojan-0927/20250630_135826.csv,1404807,8,0.3868592451349863,,33,train,d332ccddc6996fd68a8a2da770166ad16e9b80a300a5eed849e23982a4d6178a,519c504a6d2c0d5474b79960d49c34a9b0cda7d8f3b45b90ab46d17ccc9d08e2
tor_trojan:20250630_140240,Tor-Trojan,/data1/zcx/ja4tor/data/ja4tor/tor_trojan/pcap/20250630_140240.pcap,/data1/zcx/ja4tor/models/fusion_flow_extractor-0.3/output/csv/tor_trojan-0927/20250630_140240.csv,8111797,7,0.49844672880470564,,80,train,3c28d39cf066809740fce40404f4330c952c6d7522db6e755924a32cfc1905a1,937a614651dbfdfa992dc166141ac116bb95097a3a90a28bbed79e5bafd88e7b
tor_trojan:20250630_140557,Tor-Trojan,/data1/zcx/ja4tor/data/ja4tor/tor_trojan/pcap/20250630_140557.pcap,/data1/zcx/ja4tor/models/fusion_flow_extractor-0.3/output/csv/tor_trojan-0927/20250630_140557.csv,2452539,9,0.5278442691913268,,114,train,87e06a4d325d571ab3ace1fc5e2f4769ddf34511abeecc7578dc18b38e91a783,59c9838857a70e6a550ea237a33492e46a84f92cd12629109a186424d93c2828
tor_trojan:20250630_140633,Tor-Trojan,/data1/zcx/ja4tor/data/ja4tor/tor_trojan/pcap/20250630_140633.pcap,/data1/zcx/ja4tor/models/fusion_flow_extractor-0.3/output/csv/tor_trojan-0927/20250630_140633.csv,5370256,7,0.4743283724813707,,60,train,ac4f0c410e3f31c00b37f27a7b2fc7a11ddf13d426879e6799d28359ade4b628,86dcebaf1f4a39cbac1bc8f90991a08e9ff197072be01a18c6de29ea3bbcf2db
tor_trojan:20250630_140859,Tor-Trojan,/data1/zcx/ja4tor/data/ja4tor/tor_trojan/pcap/20250630_140859.pcap,/data1/zcx/ja4tor/models/fusion_flow_extractor-0.3/output/csv/tor_trojan-0927/20250630_140859.csv,3877622,6,0.5714285714286079,,136,train,338f06b96211a852bfab1d04b37f26939e68d585044ad21edaaaf9a8f4520bd2,d07f4e93ce3317752c90da7af9bfd6b8f71efa841cba8e8b6cfd9c28e06d3df5
tor_trojan:20250630_141329,Tor-Trojan,/data1/zcx/ja4tor/data/ja4tor/tor_trojan/pcap/20250630_141329.pcap,/data1/zcx/ja4tor/models/fusion_flow_extractor-0.3/output/csv/tor_trojan-0927/20250630_141329.csv,3208276,10,0.49775214597693995,,77,train,fd3efccec26dbbf6b590ed3e421e1ca2166e0e16c8c9ebd7e07cf706bca3c6af,3308675c6117fa98974c8541605663579f2d6d114be7386811c265a26c096932
tor_trojan:20250630_142049,Tor-Trojan,/data1/zcx/ja4tor/data/ja4tor/tor_trojan/pcap/20250630_142049.pcap,/data1/zcx/ja4tor/models/fusion_flow_extractor-0.3/output/csv/tor_trojan-0927/20250630_142049.csv,4715932,8,0.5,,87,train,268bf459d6a07fc1510c6afa2bd9057e72be8b40df43b801af2744e0e99a41f3,8c5e277a3fd74d15324303ae1f3a0cc2d34c181a07b25433d45f0184cccf5827
tor_trojan:20250630_142247,Tor-Trojan,/data1/zcx/ja4tor/data/ja4tor/tor_trojan/pcap/20250630_142247.pcap,/data1/zcx/ja4tor/models/fusion_flow_extractor-0.3/output/csv/tor_trojan-0927/20250630_142247.csv,3302151,8,0.5642925237109131,,132,train,199ef0600c77580c3d315deba3b4d0dfa604431b7896ea3c22d4f54e1d8d8ef1,f9730bdd0b2b49f52e7ab39ee3a186f41db9098c177ece9523cb7d94696a2b78
tor_trojan:20250630_142324,Tor-Trojan,/data1/zcx/ja4tor/data/ja4tor/tor_trojan/pcap/20250630_142324.pcap,/data1/zcx/ja4tor/models/fusion_flow_extractor-0.3/output/csv/tor_trojan-0927/20250630_142324.csv,5740162,6,0.5,,88,train,93458e1729e263cad4fafa9ad7eba0010565cc71a73882e88fc039d5066dc16a,b8022736a39ffc15232d54995e4647e25296b85ebf1cc4f56f68ac5d6a444702
tor_trojan:20250630_142505,Tor-Trojan,/data1/zcx/ja4tor/data/ja4tor/tor_trojan/pcap/20250630_142505.pcap,/data1/zcx/ja4tor/models/fusion_flow_extractor-0.3/output/csv/tor_trojan-0927/20250630_142505.csv,16614176,14,0.3411070203250126,,14,train,343cc51d52b8e0441be0411e77bef046d149e328222dec62afb791be70b3e270,dde6bbb9b84974890a2eba712f549b728256480e0952213e22f506b419082b91
tor_trojan:20250630_143025,Tor-Trojan,/data1/zcx/ja4tor/data/ja4tor/tor_trojan/pcap/20250630_143025.pcap,/data1/zcx/ja4tor/models/fusion_flow_extractor-0.3/output/csv/tor_trojan-0927/20250630_143025.csv,6374981,9,0.459033933283997,,9,validation,3b3e26dfb3996cba224a018ba802724f476a28575d659435dcd610752197f2a4,c820fc097acf82cf4fbb4c40a61d14d3f19ec6f5f92d8e51469319a7334658b3
tor_trojan:20250630_143139,Tor-Trojan,/data1/zcx/ja4tor/data/ja4tor/tor_trojan/pcap/20250630_143139.pcap,/data1/zcx/ja4tor/models/fusion_flow_extractor-0.3/output/csv/tor_trojan-0927/20250630_143139.csv,15037431,7,0.5774114129376086,,138,train,e880ae5e5e17911f266805cce91cc2b50d11a6697c863dcfb1e4edeaedd7204c,f855484b3f5c3ede8e75fbb685b6f196bd6d356009a22373fa0ebc53ea192965
tor_trojan:20250630_143532,Tor-Trojan,/data1/zcx/ja4tor/data/ja4tor/tor_trojan/pcap/20250630_143532.pcap,/data1/zcx/ja4tor/models/fusion_flow_extractor-0.3/output/csv/tor_trojan-0927/20250630_143532.csv,3595941,7,0.5436102832501528,,118,train,1dc490e442bbafb1fc7340f73868613c9afed61d6a866ed4cc2b73ae9436deaa,0b8a4fb739494e0d12b3c1fc766a8a9fc466aca3b1b7d4ac95cb9266989c5de1
tor_trojan:20250630_143620,Tor-Trojan,/data1/zcx/ja4tor/data/ja4tor/tor_trojan/pcap/20250630_143620.pcap,/data1/zcx/ja4tor/models/fusion_flow_extractor-0.3/output/csv/tor_trojan-0927/20250630_143620.csv,4852021,6,0.5003500503546605,,96,train,a6f8511e475aafb567b36acfa0b43e0e6aa1e125e731e4fe815f4c6d0e98f943,ed099e59430763c381c0ae0f5e25d1f7a1edf1dc5f39897ef911c42f14222949
tor_trojan:20250630_143825,Tor-Trojan,/data1/zcx/ja4tor/data/ja4tor/tor_trojan/pcap/20250630_143825.pcap,/data1/zcx/ja4tor/models/fusion_flow_extractor-0.3/output/csv/tor_trojan-0927/20250630_143825.csv,11418813,10,0.4458293281331819,,16,test,a524a3bdadcd55caf8616f325c483a60172a33bed8c607aaf9d96dc8f2263abf,fbd03038f05f374f32130e101934e17895fba538c629a1c1d945411475197fde
tor_trojan:20250630_144329,Tor-Trojan,/data1/zcx/ja4tor/data/ja4tor/tor_trojan/pcap/20250630_144329.pcap,/data1/zcx/ja4tor/models/fusion_flow_extractor-0.3/output/csv/tor_trojan-0927/20250630_144329.csv,12832320,8,0.45227518041765047,,17,test,ca6d18d8ee6cb482a1c9cf0dd442575cec881d33c5123afeee1e712ee1bffebe,a87eb01443e0f0a4ff240f1704126fe9581c08d54041cb58194d1c2d40a49432
tor_trojan:20250630_145302,Tor-Trojan,/data1/zcx/ja4tor/data/ja4tor/tor_trojan/pcap/20250630_145302.pcap,/data1/zcx/ja4tor/models/fusion_flow_extractor-0.3/output/csv/tor_trojan-0927/20250630_145302.csv,1311209,5,0.48815795349824476,,66,train,f51b3392dca51f02e473f03b4191e0fbf4b8e60c3efb17ff4ae76ba78b9ac4ff,b15b857fe4e3c465ed0f2dc94ba6a2fb6b16f3de452e02c8e5bcd091f90ce277
tor_trojan:20250630_145428,Tor-Trojan,/data1/zcx/ja4tor/data/ja4tor/tor_trojan/pcap/20250630_145428.pcap,/data1/zcx/ja4tor/models/fusion_flow_extractor-0.3/output/csv/tor_trojan-0927/20250630_145428.csv,5648755,7,0.5759141270851817,,137,train,e3025e9d8b323cbdde43e5e721b6d532e9a9b34d37f0999ebccac5eb73316cf9,2bab338ad3a8e1476e39c6f2dc2475a688c0124ea811837433bf3f18119af43e
tor_trojan:20250630_145613,Tor-Trojan,/data1/zcx/ja4tor/data/ja4tor/tor_trojan/pcap/20250630_145613.pcap,/data1/zcx/ja4tor/models/fusion_flow_extractor-0.3/output/csv/tor_trojan-0927/20250630_145613.csv,2405178,7,0.5182114999752588,,107,train,8cb567ed6810dae2cf031d47e77246e31316d63946c60840a2a6cc54873a445a,3ce49074548766f7e0c6b9e50829e7c99950d9ee47de50c9fabdeb6982e72ef8
tor_trojan:20250630_145711,Tor-Trojan,/data1/zcx/ja4tor/data/ja4tor/tor_trojan/pcap/20250630_145711.pcap,/data1/zcx/ja4tor/models/fusion_flow_extractor-0.3/output/csv/tor_trojan-0927/20250630_145711.csv,3883455,6,0.38465010574876857,,31,train,77a97c2cfae702dba615dbaa3239d07c1f3b127a50d9db56e0277da79fb8f781,70352c181813a50a216e7d6f1216c6963e7ee28c18a02a7ff6bda13a6f6662b7
tor_trojan:20250630_145750,Tor-Trojan,/data1/zcx/ja4tor/data/ja4tor/tor_trojan/pcap/20250630_145750.pcap,/data1/zcx/ja4tor/models/fusion_flow_extractor-0.3/output/csv/tor_trojan-0927/20250630_145750.csv,4236266,9,0.5067710781361952,,102,train,401c61a8b77cffd1132de093bb19c97137ebe156d6f69f21b6e89670ecd00b87,988c0f22e84b5b5b5edc5835679bfd68b3cf7aef169d9554dceb2acd2da4bdc7
tor_trojan:20250630_150215,Tor-Trojan,/data1/zcx/ja4tor/data/ja4tor/tor_trojan/pcap/20250630_150215.pcap,/data1/zcx/ja4tor/models/fusion_flow_extractor-0.3/output/csv/tor_trojan-0927/20250630_150215.csv,731471,5,0.5556960974585583,,125,train,673a47110695dbead2890586ab2b14b7b1894c1370580c69f556782855c30afb,ee132113f5fb56e4af51f1d845462f7c9a5798e42a18a84a15c7a743da0c1f68
tor_trojan:20250630_150306,Tor-Trojan,/data1/zcx/ja4tor/data/ja4tor/tor_trojan/pcap/20250630_150306.pcap,/data1/zcx/ja4tor/models/fusion_flow_extractor-0.3/output/csv/tor_trojan-0927/20250630_150306.csv,2947517,6,0.49563487660981964,,74,train,3ae222e1b9de722ffe92f438af517bc4db71ea677e8b44a7ff7f19299129d1e8,b6d53fe6e2270c5a62f5026140b4506b9960fba37b345f2d68ed19f15c684701
tor_trojan:20250630_150334,Tor-Trojan,/data1/zcx/ja4tor/data/ja4tor/tor_trojan/pcap/20250630_150334.pcap,/data1/zcx/ja4tor/models/fusion_flow_extractor-0.3/output/csv/tor_trojan-0927/20250630_150334.csv,4428454,7,0.4428859530999664,,45,train,15434c2ce30b61dbdc161aee7035446157e441ec15411094a74b6f6f4795e0db,52e999fc9a14c92da9d6e7952f3a8d2c8c208de75f6762ee9a97d9f26c7761dd
tor_trojan:20250630_150638,Tor-Trojan,/data1/zcx/ja4tor/data/ja4tor/tor_trojan/pcap/20250630_150638.pcap,/data1/zcx/ja4tor/models/fusion_flow_extractor-0.3/output/csv/tor_trojan-0927/20250630_150638.csv,5777175,8,0.5279329070337354,,31,test,51373876774c0a9ee00834dfa7d51394afb5cb56739de35b03b6500661fe75ac,6ee1b7a2b0ebaa5305be4f916dff5da90dd8d94970613de226ac0abd00d10356
tor_trojan:20250630_151215,Tor-Trojan,/data1/zcx/ja4tor/data/ja4tor/tor_trojan/pcap/20250630_151215.pcap,/data1/zcx/ja4tor/models/fusion_flow_extractor-0.3/output/csv/tor_trojan-0927/20250630_151215.csv,7092901,6,0.5207183323153307,,109,train,e3fdf66d1ba886fb0230e4dbc3ac8f5ead8dc2a3d45a17e05b86d58d5a2a79e8,620b925990c609711b7e68f205cd8449f3b20ffea5bde9fb731fd4772a072de5
tor_trojan:20250630_151342,Tor-Trojan,/data1/zcx/ja4tor/data/ja4tor/tor_trojan/pcap/20250630_151342.pcap,/data1/zcx/ja4tor/models/fusion_flow_extractor-0.3/output/csv/tor_trojan-0927/20250630_151342.csv,18277741,10,0.47166886602411023,,55,train,b6da8de5419b338da0533b03dbd3a093c8c9976d3d1f82f24d674c9533644205,72e423a2096c34e2af4c1bd9f51e62839c1d0c17cd2e86d4370d7ef08c032099
tor_trojan:20250630_151452,Tor-Trojan,/data1/zcx/ja4tor/data/ja4tor/tor_trojan/pcap/20250630_151452.pcap,/data1/zcx/ja4tor/models/fusion_flow_extractor-0.3/output/csv/tor_trojan-0927/20250630_151452.csv,7450052,9,0.35066159209624426,,16,train,077f1da7675ecac8d5bee564160b9db439f94d3f6ec39fdb59830dc665a25405,be857f9e3626190f5045f0cff925347c52a1039eaccb30b1ea35c5137acc2293
tor_trojan:20250630_151616,Tor-Trojan,/data1/zcx/ja4tor/data/ja4tor/tor_trojan/pcap/20250630_151616.pcap,/data1/zcx/ja4tor/models/fusion_flow_extractor-0.3/output/csv/tor_trojan-0927/20250630_151616.csv,13111878,9,0.5010309915627437,,97,train,1d063730721e8c8040140496bd41d849b69421d43a6123eec8ccdddc0b54e689,7fa2693b8d5ef31dbfb320e5aae38995e5fb285fd38df6964e557e22f7cf30d8
tor_trojan:20250630_151825,Tor-Trojan,/data1/zcx/ja4tor/data/ja4tor/tor_trojan/pcap/20250630_151825.pcap,/data1/zcx/ja4tor/models/fusion_flow_extractor-0.3/output/csv/tor_trojan-0927/20250630_151825.csv,6232133,8,0.49808929084857917,,79,train,92323ff9723071a4fd4bb502e97e8a6629b3fe03170ac528534e29cc452fd3d2,a4730a0b3ecf5f15d5180373707521a477c3d15d6d941968219aa90658903605
tor_trojan:20250630_151933,Tor-Trojan,/data1/zcx/ja4tor/data/ja4tor/tor_trojan/pcap/20250630_151933.pcap,/data1/zcx/ja4tor/models/fusion_flow_extractor-0.3/output/csv/tor_trojan-0927/20250630_151933.csv,14079128,6,0.5194706787985827,,29,test,a7ec9c7ed81583133186a5ac0d84d41e90973d282130d030406eff7e99ff26f2,e75d4f714fc508ad3d032221c17feb7f55915f991c22f0173f9256ec27f42abf
tor_trojan:20250630_152219,Tor-Trojan,/data1/zcx/ja4tor/data/ja4tor/tor_trojan/pcap/20250630_152219.pcap,/data1/zcx/ja4tor/models/fusion_flow_extractor-0.3/output/csv/tor_trojan-0927/20250630_152219.csv,8560872,7,0.38250859540226056,,30,train,4f567b3037da119dad91290be181375a10b6a569e97b10b629f46aad23f69c54,5e20c422f58df9511c76cfe9b13f161044421431761cbac76059d7af489ea645
tor_trojan:20250630_152300,Tor-Trojan,/data1/zcx/ja4tor/data/ja4tor/tor_trojan/pcap/20250630_152300.pcap,/data1/zcx/ja4tor/models/fusion_flow_extractor-0.3/output/csv/tor_trojan-0927/20250630_152300.csv,3626809,8,0.495659277719177,,75,train,6593b5fe2d5791f73eaed973471895878653977fb941e5dc44805bbda7e0fac5,ca499977c0eafa082b5db1be72af091289848a757337a6ab45f1f3b125085a0b
tor_trojan:20250630_152853,Tor-Trojan,/data1/zcx/ja4tor/data/ja4tor/tor_trojan/pcap/20250630_152853.pcap,/data1/zcx/ja4tor/models/fusion_flow_extractor-0.3/output/csv/tor_trojan-0927/20250630_152853.csv,13319118,11,0.3670193062368535,,21,train,3bdcb4ab1b85948a5ff4526d58b2eb2fcfff19e11027e4c4c168eb2cdb2bca0e,9b773ccce043805aa5fe1030d0106ba96652d9d540af11544ebf935018fd6510
tor_trojan:20250630_152926,Tor-Trojan,/data1/zcx/ja4tor/data/ja4tor/tor_trojan/pcap/20250630_152926.pcap,/data1/zcx/ja4tor/models/fusion_flow_extractor-0.3/output/csv/tor_trojan-0927/20250630_152926.csv,5245693,9,0.34837685471477686,,6,test,28e60a97350f45e5e99b3c545d1daa5136f65fe5ea16304b20efa84fe82922eb,adf303b03c74448d3f4b8ac82c2a7bf19cff27e2ea42d514789433979606ddbd
tor_trojan:20250630_153132,Tor-Trojan,/data1/zcx/ja4tor/data/ja4tor/tor_trojan/pcap/20250630_153132.pcap,/data1/zcx/ja4tor/models/fusion_flow_extractor-0.3/output/csv/tor_trojan-0927/20250630_153132.csv,2274312,7,0.5454938189923839,,17,validation,ef01690e55746d22f27fb2067f7c25a86689ea0b40a1e7aa8dd05e0cae86ac0f,3d58cfd96c9d26cab4bf9beef43c7598efc0c5c17f25d5980d452b00a9c8a8f3
tor_trojan:20250630_153308,Tor-Trojan,/data1/zcx/ja4tor/data/ja4tor/tor_trojan/pcap/20250630_153308.pcap,/data1/zcx/ja4tor/models/fusion_flow_extractor-0.3/output/csv/tor_trojan-0927/20250630_153308.csv,1171405,8,0.49600735382152833,,76,train,dbfa91cc936b82c7c064c944c73bf35d325017f0e5c085956eb6330fe6e27bc2,f59b9d159b725c9b59fc58ca9a46bd08b534778a0fb3ae32e11e8d71c3e23d31
tor_trojan:20250630_153342,Tor-Trojan,/data1/zcx/ja4tor/data/ja4tor/tor_trojan/pcap/20250630_153342.pcap,/data1/zcx/ja4tor/models/fusion_flow_extractor-0.3/output/csv/tor_trojan-0927/20250630_153342.csv,3497526,8,0.4882539752916468,,67,train,12269213e580417b936daaa8d0b1005993004f9a51e21df847352fe8b69d1ae7,f15f44b3b47feaaa589dc2b50dd6fb9f76b2ebd924e99744ea7ca2bece2a50ad
tor_trojan:20250630_153419,Tor-Trojan,/data1/zcx/ja4tor/data/ja4tor/tor_trojan/pcap/20250630_153419.pcap,/data1/zcx/ja4tor/models/fusion_flow_extractor-0.3/output/csv/tor_trojan-0927/20250630_153419.csv,1878993,7,0.5235402806684448,,110,train,434c530a0a17a04ddf760bdfb459d31208f60abf89c86d1d1c5023ddbe451e5c,af9f651e15c0b4117d4a694e4822b9bd22a7642a56f00622eeecce839fb62c1e
tor_trojan:20250630_153612,Tor-Trojan,/data1/zcx/ja4tor/data/ja4tor/tor_trojan/pcap/20250630_153612.pcap,/data1/zcx/ja4tor/models/fusion_flow_extractor-0.3/output/csv/tor_trojan-0927/20250630_153612.csv,740516,6,0.5,,89,train,706faf77657310644418bb0934cc3d66c992cfbdcafb0db067aebb5244f1f854,c6707e9dc15186ceb4031dcc99cb3aab18f29870f7463d058d002f84de1b4cff
tor_trojan:20250630_153824,Tor-Trojan,/data1/zcx/ja4tor/data/ja4tor/tor_trojan/pcap/20250630_153824.pcap,/data1/zcx/ja4tor/models/fusion_flow_extractor-0.3/output/csv/tor_trojan-0927/20250630_153824.csv,2957999,8,0.2940481925372461,,2,test,b0eefb900d0422dfd47d5dc107b7d51b501cc4ef6dd45284709c2756bf4495b7,a48553be746cf99e4fca1c2e9981a1b9a6535e5deb8cfbca8c50fe0c5218a1b0
tor_trojan:20250630_153958,Tor-Trojan,/data1/zcx/ja4tor/data/ja4tor/tor_trojan/pcap/20250630_153958.pcap,/data1/zcx/ja4tor/models/fusion_flow_extractor-0.3/output/csv/tor_trojan-0927/20250630_153958.csv,7182953,9,0.4279571128187818,,39,train,baa4adf57fff032c8e520d217eaba4559f881f5e80ac14ad737483b8a040277f,1e4dc719446097e5f7bbe8550fcf3ea6bad44b19bc167331ce5fc09468ef9a5c
tor_trojan:20250630_154022,Tor-Trojan,/data1/zcx/ja4tor/data/ja4tor/tor_trojan/pcap/20250630_154022.pcap,/data1/zcx/ja4tor/models/fusion_flow_extractor-0.3/output/csv/tor_trojan-0927/20250630_154022.csv,1246852,7,0.5087346569533253,,104,train,a9639c022d41254a34985e7cb866955c0510ee63c78518020ea1be5e99aab734,f410224cead806e5d9cef426570c13091a3637bd66ef678c6e87b7afce4bc65c
tor_trojan:20250630_154050,Tor-Trojan,/data1/zcx/ja4tor/data/ja4tor/tor_trojan/pcap/20250630_154050.pcap,/data1/zcx/ja4tor/models/fusion_flow_extractor-0.3/output/csv/tor_trojan-0927/20250630_154050.csv,7180371,10,0.47339975867052736,,57,train,d63faf6451b7001dd5179d9065799c70989cc26a8d67e35a2f12dfb2d01f623f,1b994cd4121e95d540225a69bfaf6586359bfb3f1cb7939d180cf3fe1a66ef33
tor_trojan:20250630_154224,Tor-Trojan,/data1/zcx/ja4tor/data/ja4tor/tor_trojan/pcap/20250630_154224.pcap,/data1/zcx/ja4tor/models/fusion_flow_extractor-0.3/output/csv/tor_trojan-0927/20250630_154224.csv,5235468,9,0.4246696866461085,,11,test,d4abf0b776bc5c9e0367a07780b864232c755b902aac3675ca4d583d5696d7c1,6ec4525bef3646051610acb4e2a103f7fb6ee390f1b4873406aa67cd7091bf7d
tor_trojan:20250630_154628,Tor-Trojan,/data1/zcx/ja4tor/data/ja4tor/tor_trojan/pcap/20250630_154628.pcap,/data1/zcx/ja4tor/models/fusion_flow_extractor-0.3/output/csv/tor_trojan-0927/20250630_154628.csv,4479132,7,0.4902705253963632,,70,train,490d90aabcd4716cbad5d89b9f98883bc5a0c3794a5beaafa53d064cace1ab61,b6e91ae84636f0fca583fc882a71fd5353ec3d4ab298b0357bbcf3d4c1eb272a
tor_trojan:20250630_154833,Tor-Trojan,/data1/zcx/ja4tor/data/ja4tor/tor_trojan/pcap/20250630_154833.pcap,/data1/zcx/ja4tor/models/fusion_flow_extractor-0.3/output/csv/tor_trojan-0927/20250630_154833.csv,12029062,9,0.43896562271544687,,15,test,3b8e0cb0dbd67b495a4b4914f338e4e2c24fd41ebec27b2f1151b51323e1563b,a30cc2116fe42d135499f17009a0f7104a98ea664426227da9a6e7ea2c6c56ec
tor_trojan:20250630_154949,Tor-Trojan,/data1/zcx/ja4tor/data/ja4tor/tor_trojan/pcap/20250630_154949.pcap,/data1/zcx/ja4tor/models/fusion_flow_extractor-0.3/output/csv/tor_trojan-0927/20250630_154949.csv,6453595,7,0.25705789570173654,,6,train,ed3802c3aadfb5fec388e031645226d26fabbda6853eba1d637f287452ec4070,e794f23b739e0806b978e8bd0f3037eee34ab52231e543554a153d6db08f6eae
tor_trojan:20250630_155310,Tor-Trojan,/data1/zcx/ja4tor/data/ja4tor/tor_trojan/pcap/20250630_155310.pcap,/data1/zcx/ja4tor/models/fusion_flow_extractor-0.3/output/csv/tor_trojan-0927/20250630_155310.csv,5069483,6,0.5,,90,train,01cec600c6b60adf69b6c33543d2b768e8d6de3f4463a1a9e9d59cd045f6324e,824e9a945878d437e66b2edd9ffeb1fd54def0288da39ba919826fdce2df4f6b
tor_trojan:20250630_155428,Tor-Trojan,/data1/zcx/ja4tor/data/ja4tor/tor_trojan/pcap/20250630_155428.pcap,/data1/zcx/ja4tor/models/fusion_flow_extractor-0.3/output/csv/tor_trojan-0927/20250630_155428.csv,4334034,7,0.5052762766446014,,100,train,cc7be55d8948374f056fb4e23e7c0c1cca08c494016f7490bf0c33c920719861,d1aa2b1c351e29afdbec6286c84639ac39d0a645bcb346949247bab4c2f73669
tor_trojan:20250630_155606,Tor-Trojan,/data1/zcx/ja4tor/data/ja4tor/tor_trojan/pcap/20250630_155606.pcap,/data1/zcx/ja4tor/models/fusion_flow_extractor-0.3/output/csv/tor_trojan-0927/20250630_155606.csv,2628096,6,0.5,,91,train,33a7041ae9d5f083e875d04aa0535d67e813d08b20a9cf8d88e4662befa4d78f,6748d948ed392afb532cebefea38b3f35f523351c189456ce77d4c107cf44801
tor_trojan:20250630_155931,Tor-Trojan,/data1/zcx/ja4tor/data/ja4tor/tor_trojan/pcap/20250630_155931.pcap,/data1/zcx/ja4tor/models/fusion_flow_extractor-0.3/output/csv/tor_trojan-0927/20250630_155931.csv,4955042,5,0.48719681686091876,,65,train,2264ff891575b40fedd551028e6a98acec5f71b1d09fdb61a111b1c158ad2bde,bdf8f192fcee29ad8193dcedd7ee20ff42227a6f22b33796a3d68d124057cb1d
tor_trojan:20250630_160214,Tor-Trojan,/data1/zcx/ja4tor/data/ja4tor/tor_trojan/pcap/20250630_160214.pcap,/data1/zcx/ja4tor/models/fusion_flow_extractor-0.3/output/csv/tor_trojan-0927/20250630_160214.csv,6023766,5,0.44382625423768457,,46,train,a5bde968a10c5d2fe7914eacb19189cfe69002c76441aaeed758a96031aa1dfd,70e87c50ea36d7f976334d9be3fc9a2316f060afe2884c61ab2dcdfd961e1fc0
tor_trojan:20250630_160349,Tor-Trojan,/data1/zcx/ja4tor/data/ja4tor/tor_trojan/pcap/20250630_160349.pcap,/data1/zcx/ja4tor/models/fusion_flow_extractor-0.3/output/csv/tor_trojan-0927/20250630_160349.csv,3300179,8,0.5,,14,validation,b2467b7da9edca233ad7def001bd8f2524f09644271f905c7c1100cc9aafa9b0,82c2975cde1ed0120cc938dbb0124a28760d98a8fedf7db765cbfc0b64485efe
tor_trojan:20250630_160726,Tor-Trojan,/data1/zcx/ja4tor/data/ja4tor/tor_trojan/pcap/20250630_160726.pcap,/data1/zcx/ja4tor/models/fusion_flow_extractor-0.3/output/csv/tor_trojan-0927/20250630_160726.csv,1956971,6,0.5122369490129609,,105,train,a59232aa1e109bd9d7706d2c6892385dbdef61233009506fdffb62d46ed92712,299a7420d4009211f86eaa738252a0c04b5a35310623e8f30466a81919d4a9dc
tor_trojan:20250630_160750,Tor-Trojan,/data1/zcx/ja4tor/data/ja4tor/tor_trojan/pcap/20250630_160750.pcap,/data1/zcx/ja4tor/models/fusion_flow_extractor-0.3/output/csv/tor_trojan-0927/20250630_160750.csv,8597622,6,0.5,,92,train,e903ff6b35f1914d5c99329376ad05b646beac392432119bdf7ca7d3d2e47a33,bd2e6a3c4d5f9f5efb457fad1ec32c362c20886d1104403d2b7b4b443b6b9f7d
tor_trojan:20250630_160914,Tor-Trojan,/data1/zcx/ja4tor/data/ja4tor/tor_trojan/pcap/20250630_160914.pcap,/data1/zcx/ja4tor/models/fusion_flow_extractor-0.3/output/csv/tor_trojan-0927/20250630_160914.csv,12294764,11,0.3282535310733567,,5,test,3421beeed7f4ee995240b7fe930153298bc3e6bbd5d4b5c965e0f7d32e91958e,d26cc6f1c63f77fcf6002ffda042e7b1bf244cc05a0071dfc249145036db9383
tor_trojan:20250630_161132,Tor-Trojan,/data1/zcx/ja4tor/data/ja4tor/tor_trojan/pcap/20250630_161132.pcap,/data1/zcx/ja4tor/models/fusion_flow_extractor-0.3/output/csv/tor_trojan-0927/20250630_161132.csv,14909096,11,0.42465229061023013,,10,test,1ae837b0ca6535e4f903049686aec66e0fc0127f97b7f6c6effca111149ba6b7,dbc68b65d8d88ed43c80490696cd14116e77f2b0aa64466377bd4a969d8923ce
tor_trojan:20250630_161325,Tor-Trojan,/data1/zcx/ja4tor/data/ja4tor/tor_trojan/pcap/20250630_161325.pcap,/data1/zcx/ja4tor/models/fusion_flow_extractor-0.3/output/csv/tor_trojan-0927/20250630_161325.csv,3865921,7,0.40988400815665704,,35,train,b53b4ad1245c849f072c9657ac08fc19aeaaa6d1e9263597274b3f77d54925f8,5a7d18706fb50adda4ff8632cc4afdb72e239a3ab9eaef7752b191ddf7d590e8
tor_trojan:20250630_161646,Tor-Trojan,/data1/zcx/ja4tor/data/ja4tor/tor_trojan/pcap/20250630_161646.pcap,/data1/zcx/ja4tor/models/fusion_flow_extractor-0.3/output/csv/tor_trojan-0927/20250630_161646.csv,12840209,9,0.3705140899724475,,24,train,fbfef15ea3340cc3159a3539df78e8a5c4e30113710b63b27899adb8edb06fee,5d6652a007534873002325b90de85104bc7b9b2a64f6e4e7918a9256537ebea7
tor_trojan:20250630_161823,Tor-Trojan,/data1/zcx/ja4tor/data/ja4tor/tor_trojan/pcap/20250630_161823.pcap,/data1/zcx/ja4tor/models/fusion_flow_extractor-0.3/output/csv/tor_trojan-0927/20250630_161823.csv,5363042,7,0.3906707905623037,,8,test,6cd56e919d37eb9a99cb78a8ef73ad1d558bf913abf58f63cfe3c4471c14a4c4,dfc3619d0bd8227541aa3b5bd55c20c9ed4707912fc2a05405b187abb4a6e095
tor_trojan:20250630_161904,Tor-Trojan,/data1/zcx/ja4tor/data/ja4tor/tor_trojan/pcap/20250630_161904.pcap,/data1/zcx/ja4tor/models/fusion_flow_extractor-0.3/output/csv/tor_trojan-0927/20250630_161904.csv,12196790,6,0.5,,93,train,fed46747bf9f4dc806cddea074d5528f856c58e56e8176773f09ec5717338a3f,b180bf88431d68697b148ed49671012743cc110e7c7a459132ac048897c14927
tor_trojan:20250630_162128,Tor-Trojan,/data1/zcx/ja4tor/data/ja4tor/tor_trojan/pcap/20250630_162128.pcap,/data1/zcx/ja4tor/models/fusion_flow_extractor-0.3/output/csv/tor_trojan-0927/20250630_162128.csv,9337924,10,0.4164667446527745,,9,test,b0f2e66a4b4c4d7462c2c690a7583b3cc632d8157aa728b921d3c6135ecf7fcf,4c5e0b0f5ca9e800a4cd93d072da22d9266beea3f240978cd577ec226e679692
tor_trojan:20250630_162406,Tor-Trojan,/data1/zcx/ja4tor/data/ja4tor/tor_trojan/pcap/20250630_162406.pcap,/data1/zcx/ja4tor/models/fusion_flow_extractor-0.3/output/csv/tor_trojan-0927/20250630_162406.csv,3473538,9,0.45828452037549017,,19,test,dd8a493f4db2d9c1bcd0b03f56547e55fd33a39446ce19e92f7dda52c1603bfa,216312f176707909fa503a54d1da5a798783d889a885291d8852d51c21b233ab
tor_trojan:20250630_162436,Tor-Trojan,/data1/zcx/ja4tor/data/ja4tor/tor_trojan/pcap/20250630_162436.pcap,/data1/zcx/ja4tor/models/fusion_flow_extractor-0.3/output/csv/tor_trojan-0927/20250630_162436.csv,2242825,7,0.3645609787954783,,19,train,6ec314e92cf1f46082fc21cbdc13f49780617159cadcdc65413fb64806ddb498,6d4758056154ebfd04127670389df8c7293f1bcca87ecab1d578317723f0113f
tor_trojan:20250630_162902,Tor-Trojan,/data1/zcx/ja4tor/data/ja4tor/tor_trojan/pcap/20250630_162902.pcap,/data1/zcx/ja4tor/models/fusion_flow_extractor-0.3/output/csv/tor_trojan-0927/20250630_162902.csv,2688006,5,0.34136546184740973,,15,train,49fc420e9577c5ca5744783da09791b084ecc86c831652ecfe4e469a524ec72f,169274c8f8908091caaa704c247907ea032c66bab0a2977ae223da544f0ffb04
tor_trojan:20250630_163122,Tor-Trojan,/data1/zcx/ja4tor/data/ja4tor/tor_trojan/pcap/20250630_163122.pcap,/data1/zcx/ja4tor/models/fusion_flow_extractor-0.3/output/csv/tor_trojan-0927/20250630_163122.csv,6282782,6,0.4884185791015625,,69,train,4b0fcf19cfa41c1ea2a094d51ef7dcdf2ea1f4b23c068b0f61d735e1e14c37b7,dbdf3313de1643b7ae1206a6f7f20bbdc3fb1a065ea707c0ef68aca8c72cf0be
tor_trojan:20250630_163518,Tor-Trojan,/data1/zcx/ja4tor/data/ja4tor/tor_trojan/pcap/20250630_163518.pcap,/data1/zcx/ja4tor/models/fusion_flow_extractor-0.3/output/csv/tor_trojan-0927/20250630_163518.csv,4016140,7,0.5075953062778589,,103,train,7366f26edc20aed28bb49b74148def0ce13365a2aa8e7512e2fdf529fbaa44bc,e1454a04a917393fa964f3a05b16a7ff6a41c9d9e109e5290f4d5614edbf4572
tor_trojan:20250630_163557,Tor-Trojan,/data1/zcx/ja4tor/data/ja4tor/tor_trojan/pcap/20250630_163557.pcap,/data1/zcx/ja4tor/models/fusion_flow_extractor-0.3/output/csv/tor_trojan-0927/20250630_163557.csv,3815964,8,0.37199815077874643,,25,train,d5dd4d20f34f09efd19d95f5b9420dea44c981e580b49cf80b80176727c279ed,599351450d17df0c926c2955c4464029817d6e055dc26f768bf445849704528c
tor_trojan:20250630_163850,Tor-Trojan,/data1/zcx/ja4tor/data/ja4tor/tor_trojan/pcap/20250630_163850.pcap,/data1/zcx/ja4tor/models/fusion_flow_extractor-0.3/output/csv/tor_trojan-0927/20250630_163850.csv,2631456,9,0.525463476001624,,111,train,ace0270e4a4b97b9543e14635eb3243144efc7241fa0b873cabb18cf7d581c46,0e532c290adadfb329064e93d5d25fdf3e64f914ab4955b75e0e71b45aef8288
tor_trojan:20250630_164107,Tor-Trojan,/data1/zcx/ja4tor/data/ja4tor/tor_trojan/pcap/20250630_164107.pcap,/data1/zcx/ja4tor/models/fusion_flow_extractor-0.3/output/csv/tor_trojan-0927/20250630_164107.csv,4323780,6,0.374826607133116,,26,train,511484492791adfca323e2fbdd2966ab5e78a9b36ded00b4514f33ff35304c24,d5381e200278891b1a415c15e906303477b0680cb4b9965895b405ed64bf4182
tor_trojan:20250630_164154,Tor-Trojan,/data1/zcx/ja4tor/data/ja4tor/tor_trojan/pcap/20250630_164154.pcap,/data1/zcx/ja4tor/models/fusion_flow_extractor-0.3/output/csv/tor_trojan-0927/20250630_164154.csv,9430257,8,0.23212486261592846,,2,train,a023156774750ac2a3a8806a7395ba281509381a52f0cf0b3121bcda7b943f21,af1abc3aba26a6963b5440459401d105e7fd9f79e6604785a13e36bcf3be8985
tor_trojan:20250630_164400,Tor-Trojan,/data1/zcx/ja4tor/data/ja4tor/tor_trojan/pcap/20250630_164400.pcap,/data1/zcx/ja4tor/models/fusion_flow_extractor-0.3/output/csv/tor_trojan-0927/20250630_164400.csv,3426043,6,0.5523924773070434,,122,train,2a15062bbd6d2c67d1e8379714a3cd020026b5d96aa7e2a48101dd6538dd7eb5,c1acefe20dc4d752cf58c168f11dce72dcafa2323e9b80dfc3fbabceaaf2d25f
tor_trojan:20250630_164549,Tor-Trojan,/data1/zcx/ja4tor/data/ja4tor/tor_trojan/pcap/20250630_164549.pcap,/data1/zcx/ja4tor/models/fusion_flow_extractor-0.3/output/csv/tor_trojan-0927/20250630_164549.csv,2642932,9,0.2560019836348829,,5,train,6a7377ac816e94a9bece907966cba6966d049d8520b0378d4d495b237f7d41e6,eb54bc993971c95f30e2d48bda0222f73dd91f8a557576c6af7e74657db21688
tor_trojan:20250630_164621,Tor-Trojan,/data1/zcx/ja4tor/data/ja4tor/tor_trojan/pcap/20250630_164621.pcap,/data1/zcx/ja4tor/models/fusion_flow_extractor-0.3/output/csv/tor_trojan-0927/20250630_164621.csv,5520780,9,0.5697430908658089,,135,train,b5e98bb128bda3120eafd2c23eb7ce514e069f142aecf7a4fcceb2ef208bb1eb,85a10b8b5452b34270cb755285f9bf12f082242ebac0b171ef3e78048e0514af
tor_trojan:20250630_164941,Tor-Trojan,/data1/zcx/ja4tor/data/ja4tor/tor_trojan/pcap/20250630_164941.pcap,/data1/zcx/ja4tor/models/fusion_flow_extractor-0.3/output/csv/tor_trojan-0927/20250630_164941.csv,5368499,7,0.4819878536513049,,11,validation,ccf2621ca5b70f9976596094e43e275b098942724e9cb3661bfc892efcf3a6ff,cf3ccdf59284991ed98069f26d93338964adfd198c0bd0943e3cce92c10b9a5b
tor_trojan:20250630_165204,Tor-Trojan,/data1/zcx/ja4tor/data/ja4tor/tor_trojan/pcap/20250630_165204.pcap,/data1/zcx/ja4tor/models/fusion_flow_extractor-0.3/output/csv/tor_trojan-0927/20250630_165204.csv,14852531,5,0.4427497772520552,,44,train,319e41cd14c3cf8edf04dbe915a7f800a481e541c16409edc70e2e29f842c07e,a344e59f49a657f43fbc3b245d6f0641ab3575bcd4a0a41be36feda86c2e418b
tor_trojan:20250630_165341,Tor-Trojan,/data1/zcx/ja4tor/data/ja4tor/tor_trojan/pcap/20250630_165341.pcap,/data1/zcx/ja4tor/models/fusion_flow_extractor-0.3/output/csv/tor_trojan-0927/20250630_165341.csv,6994662,5,0.5759343484064359,,36,test,e38fdc80fb98f00b0e6605ace5c517b31491fec6f371c73db7f5e293c182b7fb,1f21fec30b6e7011eccc198f73e5a7284ec87a3daa3680ddd729e7171a2d2643
tor_trojan:20250630_165504,Tor-Trojan,/data1/zcx/ja4tor/data/ja4tor/tor_trojan/pcap/20250630_165504.pcap,/data1/zcx/ja4tor/models/fusion_flow_extractor-0.3/output/csv/tor_trojan-0927/20250630_165504.csv,13058729,7,0.3692396727856718,,22,train,0a39a1c89c9f8030ef63aebac6600644a866f36d088d6dc2dc863b3972145f81,e0f21669095771562f25e1c8936348cb216cd789e5f18cbb37309e2a882310bb
tor_trojan:20250630_165706,Tor-Trojan,/data1/zcx/ja4tor/data/ja4tor/tor_trojan/pcap/20250630_165706.pcap,/data1/zcx/ja4tor/models/fusion_flow_extractor-0.3/output/csv/tor_trojan-0927/20250630_165706.csv,8597709,5,0.4546331187095032,,8,validation,6cc2d60ab79a00d1d12f61f466b94048732da14e39aa3dd48d41cba9a09351e4,f6048d9b0cfb268427739bd56ca33ca1b8f24338a958e4b60cd602773e732c3f
tor_trojan:20250630_170210,Tor-Trojan,/data1/zcx/ja4tor/data/ja4tor/tor_trojan/pcap/20250630_170210.pcap,/data1/zcx/ja4tor/models/fusion_flow_extractor-0.3/output/csv/tor_trojan-0927/20250630_170210.csv,2613244,6,0.35387626746532186,,3,validation,c09380888b7b3a6d84edb1df242c4c5968e328cfc6175debcbcb0748996b0f68,da1a901a9993a0dec295c14c21a2d321ae00cb64127edb4c3d76345ef8c8dc04
tor_trojan:20250630_170304,Tor-Trojan,/data1/zcx/ja4tor/data/ja4tor/tor_trojan/pcap/20250630_170304.pcap,/data1/zcx/ja4tor/models/fusion_flow_extractor-0.3/output/csv/tor_trojan-0927/20250630_170304.csv,5343512,6,0.5035492402672801,,98,train,1a6d764fbe3e0fe482894bbfc7f671a9fe45a561f450dafb80e77e73b62691b3,bb0f72e5f62022d54f4a7b4a8ac5363e65fe74df8d87d76901bdfe4e97f0d41c
tor_trojan:20250630_170544,Tor-Trojan,/data1/zcx/ja4tor/data/ja4tor/tor_trojan/pcap/20250630_170544.pcap,/data1/zcx/ja4tor/models/fusion_flow_extractor-0.3/output/csv/tor_trojan-0927/20250630_170544.csv,13409432,8,0.5598755009079031,,129,train,e70a7df00d30006e7a3dbe38cc00bc03e46a4845b0db97580041917fd8a4906a,9930f7211f5d800a874b7316baba4cc20f6580f7c894ba9f79217adc939a3909
tor_trojan:20250630_170731,Tor-Trojan,/data1/zcx/ja4tor/data/ja4tor/tor_trojan/pcap/20250630_170731.pcap,/data1/zcx/ja4tor/models/fusion_flow_extractor-0.3/output/csv/tor_trojan-0927/20250630_170731.csv,5828097,15,0.45077925009292963,,48,train,04f615044db88d91c7456242496b83ed3b236f06172b0dafef1e3a300f1dcb23,bcc2e1bcbf7911952c1ed6768eaa6074dc39dd63032eab4e3d311bce1a94a233
tor_trojan:20250630_170811,Tor-Trojan,/data1/zcx/ja4tor/data/ja4tor/tor_trojan/pcap/20250630_170811.pcap,/data1/zcx/ja4tor/models/fusion_flow_extractor-0.3/output/csv/tor_trojan-0927/20250630_170811.csv,12243149,10,0.5811865627405659,,140,train,69a07d9f15c785f6ce97dfd2287dc1aa1b28f93ed76032ca57230e8fd85ad56d,0d0c21988277d66a6d2194918bc466ef0731e230c2bbc1e7ac8d42b3c2e5d539
tor_trojan:20250630_171029,Tor-Trojan,/data1/zcx/ja4tor/data/ja4tor/tor_trojan/pcap/20250630_171029.pcap,/data1/zcx/ja4tor/models/fusion_flow_extractor-0.3/output/csv/tor_trojan-0927/20250630_171029.csv,6952498,12,0.33817433068467406,,11,train,cdbe2cadd38fa66ac55d015e92559b8327e5b2255046afb82e480edda8d09d8c,068ebdae4a73117458f48ebde240187c1f4a94fc9697cc12094f4d5e07f686ac
tor_trojan:20250630_171236,Tor-Trojan,/data1/zcx/ja4tor/data/ja4tor/tor_trojan/pcap/20250630_171236.pcap,/data1/zcx/ja4tor/models/fusion_flow_extractor-0.3/output/csv/tor_trojan-0927/20250630_171236.csv,1208691,11,0.2687818710695322,,7,train,29d5078fa03562f520cabbd93c026e0bffc73cd90eeb6ede42dafd34cc6dcfec,78a70765acc7e879c3ba100099c781ad780475f90f64f390781fd54785ea7c7c
tor_trojan:20250630_171336,Tor-Trojan,/data1/zcx/ja4tor/data/ja4tor/tor_trojan/pcap/20250630_171336.pcap,/data1/zcx/ja4tor/models/fusion_flow_extractor-0.3/output/csv/tor_trojan-0927/20250630_171336.csv,1551377,11,0.440810417792628,,43,train,888d84ac0f47fbdedd034add46b6f3a420e672bda85e99720fcbdb183770b7fc,3b3d6a0f7f2298ab836d60a6785e39c60672c69716105cb04485a534ee6f1e2d
tor_trojan:20250630_171417,Tor-Trojan,/data1/zcx/ja4tor/data/ja4tor/tor_trojan/pcap/20250630_171417.pcap,/data1/zcx/ja4tor/models/fusion_flow_extractor-0.3/output/csv/tor_trojan-0927/20250630_171417.csv,14750749,9,0.30428239896860715,,1,validation,f09662969c67d9263c5e60e57a349260d411c774be16c50017100830d64ea38c,80dcfe1a98643f3055614236dc36a86b6390f83dabadc7dcbb41b236a38d6511
tor_trojan:20250630_171937,Tor-Trojan,/data1/zcx/ja4tor/data/ja4tor/tor_trojan/pcap/20250630_171937.pcap,/data1/zcx/ja4tor/models/fusion_flow_extractor-0.3/output/csv/tor_trojan-0927/20250630_171937.csv,7788071,9,0.4737440711675722,,59,train,bf374ea017e91f841f20c6df4ff525a605d419ec59b2a2cac4b99af2999575d3,76a13ba323da9ba13d5c1c258472c2798e3fbd5f0b20c67463555d335ec9c85b
tor_trojan:20250630_172251,Tor-Trojan,/data1/zcx/ja4tor/data/ja4tor/tor_trojan/pcap/20250630_172251.pcap,/data1/zcx/ja4tor/models/fusion_flow_extractor-0.3/output/csv/tor_trojan-0927/20250630_172251.csv,4210663,10,0.5275736862498461,,113,train,8c666f600e55ad166e856ca966e789ff10d68c706df341ff90722f250218e556,af5e918510d8ca3c19012be1f21df8ea9acc33a4363210633fe83e1331e84b44
tor_trojan:20250630_172330,Tor-Trojan,/data1/zcx/ja4tor/data/ja4tor/tor_trojan/pcap/20250630_172330.pcap,/data1/zcx/ja4tor/models/fusion_flow_extractor-0.3/output/csv/tor_trojan-0927/20250630_172330.csv,18422387,11,0.5,,94,train,f2a55d2eb107037eb845ec2b8f22f425b6c8773daed2c4d0afd531c28b8afba9,700db757a07319fea709d5b84e29f13fb8339f4c91746b2f83a262731ef2144c
tor_trojan:20250630_172358,Tor-Trojan,/data1/zcx/ja4tor/data/ja4tor/tor_trojan/pcap/20250630_172358.pcap,/data1/zcx/ja4tor/models/fusion_flow_extractor-0.3/output/csv/tor_trojan-0927/20250630_172358.csv,4360553,6,0.5,,25,test,a7464aa08531463f0e70738e1523599c2d7f9529487f7388a3d4ea8b13b52c76,1071bc5c348d4ac378487a5903ca0629f4dc82ddb86179d3bb6021fcc00001f8
tor_trojan:20250630_172424,Tor-Trojan,/data1/zcx/ja4tor/data/ja4tor/tor_trojan/pcap/20250630_172424.pcap,/data1/zcx/ja4tor/models/fusion_flow_extractor-0.3/output/csv/tor_trojan-0927/20250630_172424.csv,3516647,8,0.43109963115787275,,5,validation,2dbe8f60a60a39783537ca67c1627bcca86f6f610f0337ee5e0800b88be12639,fef0dbd206e15d1483a4b46c114d93b777a59055aad66f4d7539c7f02e1b506c
tor_trojan:20250630_172608,Tor-Trojan,/data1/zcx/ja4tor/data/ja4tor/tor_trojan/pcap/20250630_172608.pcap,/data1/zcx/ja4tor/models/fusion_flow_extractor-0.3/output/csv/tor_trojan-0927/20250630_172608.csv,3609213,7,0.5895013397854161,,38,test,7d06c6c729fe40c437ce3f6a28cef7baeb256c04502f60573e138ded50b505ce,071986d9b2d6bcc8d3095fdffe19a793e320737e47d890fb1eb7572e0f78e69c
tor_trojan:20250630_172645,Tor-Trojan,/data1/zcx/ja4tor/data/ja4tor/tor_trojan/pcap/20250630_172645.pcap,/data1/zcx/ja4tor/models/fusion_flow_extractor-0.3/output/csv/tor_trojan-0927/20250630_172645.csv,6650505,9,0.5845569643998476,,37,test,1035c95a0fcf5f013071a2046468384f60397bb1c4774df821f9c871aeb150b2,3d98159c9b6c422f943a42e6268274b1707295c29a9022d4e137b0070b5ba836
tor_trojan:20250630_172734,Tor-Trojan,/data1/zcx/ja4tor/data/ja4tor/tor_trojan/pcap/20250630_172734.pcap,/data1/zcx/ja4tor/models/fusion_flow_extractor-0.3/output/csv/tor_trojan-0927/20250630_172734.csv,542201,8,0.5385526577684785,,117,train,5ab795a87a23ca3a9a7b93b6ea8143858437bbc79b3f7368b9bb0fca3a312836,7a9f8c0cb44688d6acf56cd3855b337867ad61c1c3c529b982dcfec1ee561fa6
tor_trojan:20250630_172834,Tor-Trojan,/data1/zcx/ja4tor/data/ja4tor/tor_trojan/pcap/20250630_172834.pcap,/data1/zcx/ja4tor/models/fusion_flow_extractor-0.3/output/csv/tor_trojan-0927/20250630_172834.csv,4425392,7,0.43190713879333015,,41,train,943583293713d69f13a34cf16f1136ea83a3d044635944872cac1a247d03e228,828c4fae2e62cf0c8683d731116c289a05fc54b3b3e1452b1e3258292d41dc3c
tor_trojan:20250630_173148,Tor-Trojan,/data1/zcx/ja4tor/data/ja4tor/tor_trojan/pcap/20250630_173148.pcap,/data1/zcx/ja4tor/models/fusion_flow_extractor-0.3/output/csv/tor_trojan-0927/20250630_173148.csv,2182866,10,0.4978691011994729,,78,train,7415eef595898ca28653af9f2ab34d5705629fdd2434ba66bf503b63b412790c,65ed61385760eb9360b98d15042e11aa691df66062b986ce60d001288a060066
tor_trojan:20250630_173328,Tor-Trojan,/data1/zcx/ja4tor/data/ja4tor/tor_trojan/pcap/20250630_173328.pcap,/data1/zcx/ja4tor/models/fusion_flow_extractor-0.3/output/csv/tor_trojan-0927/20250630_173328.csv,3025468,8,0.6001720440831733,,39,test,f310eec721f871588f904c265c718c041c6ff40871746f1ecbd5c69322357447,29eb2968bb8881d72f7f9e4e67fc00ad69a9db121e22e787765287e8c3996431
tor_trojan:20250630_173511,Tor-Trojan,/data1/zcx/ja4tor/data/ja4tor/tor_trojan/pcap/20250630_173511.pcap,/data1/zcx/ja4tor/models/fusion_flow_extractor-0.3/output/csv/tor_trojan-0927/20250630_173511.csv,4880136,19,0.22667268173710814,,1,train,d7beb103689e5fb3765ff810ffbd3e04f494c1fd0df43a65fba4684ccd8dd3bc,8b56357972a3b42f5eaebfbdd13247bbf68c1355f5d5c7a45a5db1f5a53a7ef4
tor_trojan:20250630_174000,Tor-Trojan,/data1/zcx/ja4tor/data/ja4tor/tor_trojan/pcap/20250630_174000.pcap,/data1/zcx/ja4tor/models/fusion_flow_extractor-0.3/output/csv/tor_trojan-0927/20250630_174000.csv,18333226,9,0.3865871674793727,,32,train,605fe0791a3df1e5037eb9d428ebcf827c5ce9de62819afad1a910af3ff997f5,e254ae094be94bc651b0b4f430fb7a2bdfd1649481d16d5dfa2f3210f93b5de7
tor_trojan:20250630_174954,Tor-Trojan,/data1/zcx/ja4tor/data/ja4tor/tor_trojan/pcap/20250630_174954.pcap,/data1/zcx/ja4tor/models/fusion_flow_extractor-0.3/output/csv/tor_trojan-0927/20250630_174954.csv,8299989,10,0.5,,15,validation,7de2b4b3cc495146ded70e80180a52d9f035b58471e277d3f98aa4289e57df21,ffb5f5b117fb1aff35b4e422b547ce17413dc8f47797840a7d027735e457a1ac
tor_trojan:20250630_175025,Tor-Trojan,/data1/zcx/ja4tor/data/ja4tor/tor_trojan/pcap/20250630_175025.pcap,/data1/zcx/ja4tor/models/fusion_flow_extractor-0.3/output/csv/tor_trojan-0927/20250630_175025.csv,2839723,10,0.4520186997100637,,50,train,dab6c391e0dd4eb98255ed88cb3c2c89127689c7dedf60fbc5f47f9c3ed9730b,3cfcf9f82d7676ce9e9818c134432aa281aa9f58e0e88c5a43160f690c0dd762
tor_trojan:20250630_175052,Tor-Trojan,/data1/zcx/ja4tor/data/ja4tor/tor_trojan/pcap/20250630_175052.pcap,/data1/zcx/ja4tor/models/fusion_flow_extractor-0.3/output/csv/tor_trojan-0927/20250630_175052.csv,3943110,9,0.4249836699775983,,12,test,6855cd0d01d7c9f485b009dbaf3b62a34035a57483e2d3a376bb1254d2d32e29,9a36df81d999a77c79c30bfe22d8b01134a65845745aaf22b1a7ad5f910c2cc7
tor_trojan:20250630_175204,Tor-Trojan,/data1/zcx/ja4tor/data/ja4tor/tor_trojan/pcap/20250630_175204.pcap,/data1/zcx/ja4tor/models/fusion_flow_extractor-0.3/output/csv/tor_trojan-0927/20250630_175204.csv,16210063,10,0.4789863872228096,,62,train,3e3814d9cffde1988779b9f75199942e6f068be0012c371f61b86790223497bd,7265d9a57c9eb3d4a678f7054b6eb65408c182f4561faca025fb3ed9527b9978
tor_trojan:20250630_175531,Tor-Trojan,/data1/zcx/ja4tor/data/ja4tor/tor_trojan/pcap/20250630_175531.pcap,/data1/zcx/ja4tor/models/fusion_flow_extractor-0.3/output/csv/tor_trojan-0927/20250630_175531.csv,5117589,8,0.456170654302417,,52,train,dd7ac922f7ce8130b0f4bbd757cd98ed40d881830f01b53c8ac8778fc0a5a041,a90fbbc5225fa8c480a8a2b70ba89604a0b09dac39615b4f26ade0848d0dc2e6
tor_trojan:20250630_175632,Tor-Trojan,/data1/zcx/ja4tor/data/ja4tor/tor_trojan/pcap/20250630_175632.pcap,/data1/zcx/ja4tor/models/fusion_flow_extractor-0.3/output/csv/tor_trojan-0927/20250630_175632.csv,15175908,11,0.24026654437869482,,4,train,1b272a80d64e9ec4ef6b764c46478f3341a33bbac9cdc962fa2c13af1cc6daba,3da1e87e958e7fffff1c81fa7def2d47a8ab5809c7ea8b08276ef09d1e49fce5
tor_trojan:20250630_175708,Tor-Trojan,/data1/zcx/ja4tor/data/ja4tor/tor_trojan/pcap/20250630_175708.pcap,/data1/zcx/ja4tor/models/fusion_flow_extractor-0.3/output/csv/tor_trojan-0927/20250630_175708.csv,5281895,11,0.5689094997351942,,134,train,ff21682af5e5bf9e02db9f6626a0b83e2b7ef18169bf66a388cee7f9f22ff35e,847512950736c978e465132a5aba8a5b20ba7679566aca36ff238fddb38f3a3e
tor_trojan:20250630_175851,Tor-Trojan,/data1/zcx/ja4tor/data/ja4tor/tor_trojan/pcap/20250630_175851.pcap,/data1/zcx/ja4tor/models/fusion_flow_extractor-0.3/output/csv/tor_trojan-0927/20250630_175851.csv,8483957,10,0.43054899982886435,,40,train,6af96a56360af99555bf54f3db6c0f6fbf2c44684e4e96936a3ddc90c327fe26,89887683037328a471d1e15f0a6e26ee4a9c745ca40ef29ee8f0c553c24cbb10
tor_trojan:20250630_180053,Tor-Trojan,/data1/zcx/ja4tor/data/ja4tor/tor_trojan/pcap/20250630_180053.pcap,/data1/zcx/ja4tor/models/fusion_flow_extractor-0.3/output/csv/tor_trojan-0927/20250630_180053.csv,1162108,10,0.5,,95,train,68e4eeff15ffc157dd4c43b3003768d56bfd0cc0463f2f9c6143bc2455939a25,0fcd70900cff6f494389b998c8391c998f269244e300c27bb001833632209c92
tor_trojan:20250630_180117,Tor-Trojan,/data1/zcx/ja4tor/data/ja4tor/tor_trojan/pcap/20250630_180117.pcap,/data1/zcx/ja4tor/models/fusion_flow_extractor-0.3/output/csv/tor_trojan-0927/20250630_180117.csv,2019741,8,0.5520547196991953,,121,train,7e345bc6fc51e77a465e7af11640b24baa61b9b42a76fd169657a75de7a0f502,cb7f728afcb8774537968479aedf3b0541077e8b1c8a8f318cd9e6031e415d8b
tor_trojan:20250630_180344,Tor-Trojan,/data1/zcx/ja4tor/data/ja4tor/tor_trojan/pcap/20250630_180344.pcap,/data1/zcx/ja4tor/models/fusion_flow_extractor-0.3/output/csv/tor_trojan-0927/20250630_180344.csv,6692316,9,0.4254381050577115,,13,test,5314ea166301f82220ae6fa71c1f76d95b9075a7b122cb1dda2475fb8b849cd0,e1690dcd1f0714359f3d3b28f94540655c1cf7715cee0df70fb251aefb006ba8
tor_trojan:20250630_180408,Tor-Trojan,/data1/zcx/ja4tor/data/ja4tor/tor_trojan/pcap/20250630_180408.pcap,/data1/zcx/ja4tor/models/fusion_flow_extractor-0.3/output/csv/tor_trojan-0927/20250630_180408.csv,787653,8,0.35578866940308956,,18,train,26ff2afcd1fad5288c1aa0202b009aa3d3492aaffa8c282f3124abf52dfbb938,9d4202c898a140234f55d29c75cb90b14ce0b56dc12f1fb767c9bdb1bf000ffc
tor_vmess:20250717_183839,Tor-Vmess,/data1/zcx/ja4tor/data/ja4tor/tor_vmess/pcap/20250717_183839.pcap,/data1/zcx/ja4tor/models/fusion_flow_extractor-0.3/output/csv/tor_vmess-0927/20250717_183839.csv,3278185,5,0.6982449917129152,,35,test,1a89866e26cbe9bf0852ebce51f80d85cbd7ed37a3d7e5474c9fb94f5caaaa7b,4c683c68fe819d4d0a50630b0ac233c34e1b19965497ff67414ba6117805cae7
tor_vmess:20250717_184445,Tor-Vmess,/data1/zcx/ja4tor/data/ja4tor/tor_vmess/pcap/20250717_184445.pcap,/data1/zcx/ja4tor/models/fusion_flow_extractor-0.3/output/csv/tor_vmess-0927/20250717_184445.csv,4766663,6,0.5450414236712292,,11,test,d32968417b6535c0143aec37edda45295e7b958c7368bcdf975be29329692f3b,d347cbc55a9e682223e7d0c3d3086ce383995ca16585a34fbee24309a19f8dd1
tor_vmess:20250717_184831,Tor-Vmess,/data1/zcx/ja4tor/data/ja4tor/tor_vmess/pcap/20250717_184831.pcap,/data1/zcx/ja4tor/models/fusion_flow_extractor-0.3/output/csv/tor_vmess-0927/20250717_184831.csv,11372080,5,0.5839329184684079,,13,test,73097770d9b1fbdfccd52862ada715d94d2dea16d802bc1800e66cba1f347503,3756e79614a0eda4b583736aa2cba58f04c6ef86df3abade4dca7193cc5f1ca2
tor_vmess:20250717_190046,Tor-Vmess,/data1/zcx/ja4tor/data/ja4tor/tor_vmess/pcap/20250717_190046.pcap,/data1/zcx/ja4tor/models/fusion_flow_extractor-0.3/output/csv/tor_vmess-0927/20250717_190046.csv,5944827,5,0.6146983999464493,,18,test,915c8daaae3d837137b0cbfbe2901518f62ca2896b6c90818df4205999f303b5,514d01cc83b8e52b59653c67b1493fe9189e3a5283d4b8e764910161feba28d3
tor_vmess:20250717_190245,Tor-Vmess,/data1/zcx/ja4tor/data/ja4tor/tor_vmess/pcap/20250717_190245.pcap,/data1/zcx/ja4tor/models/fusion_flow_extractor-0.3/output/csv/tor_vmess-0927/20250717_190245.csv,8470496,6,0.5211659904132107,,69,train,cb9bde401a9d7c7b0d6e0f93814708fa5d71e8158393fc7e985a514932f91b0d,310a0aa6ec7ec45600a0df89ebf4439a68e8d3320e590620ea74bd32ffe09e54
tor_vmess:20250717_190350,Tor-Vmess,/data1/zcx/ja4tor/data/ja4tor/tor_vmess/pcap/20250717_190350.pcap,/data1/zcx/ja4tor/models/fusion_flow_extractor-0.3/output/csv/tor_vmess-0927/20250717_190350.csv,4730324,6,0.21730084829467045,,1,validation,b95b11f5e9163e4ce8c14ef2fad49bd616e86dc98dc227b94b7d6598eb28bbca,ac92d5201d49aebfa9af5ae812160be02163a8cbc04ca0c5bd13b13c996c1aa0
tor_vmess:20250717_190803,Tor-Vmess,/data1/zcx/ja4tor/data/ja4tor/tor_vmess/pcap/20250717_190803.pcap,/data1/zcx/ja4tor/models/fusion_flow_extractor-0.3/output/csv/tor_vmess-0927/20250717_190803.csv,2596971,5,0.6817715015989707,,32,test,864724e40187274eda2fd5c494dd0625983dce9f2f6d2a8cf514ffb30fd72950,9da14ca259beba1459351bf49dbb469ed56441bb5a181e1ce69ba8d0df0d4a61
tor_vmess:20250717_191403,Tor-Vmess,/data1/zcx/ja4tor/data/ja4tor/tor_vmess/pcap/20250717_191403.pcap,/data1/zcx/ja4tor/models/fusion_flow_extractor-0.3/output/csv/tor_vmess-0927/20250717_191403.csv,4143385,5,0.23629366787979306,,1,train,497921a7f81ef797eaf604c069adbdd3a5020f7b7e1f05ea7034aba9224ce207,05bf4da008c305ee5f8e1a062351d0d1b74c03cc2fa0ef558d8555c31c0b2dbf
tor_vmess:20250717_191602,Tor-Vmess,/data1/zcx/ja4tor/data/ja4tor/tor_vmess/pcap/20250717_191602.pcap,/data1/zcx/ja4tor/models/fusion_flow_extractor-0.3/output/csv/tor_vmess-0927/20250717_191602.csv,10273804,6,0.6722182335941516,,29,test,d1f614cb1b1b725dc0a655bd2467bf54b542ca14e822426afb24f6d49aac78f5,f92e4eb70426836a946e8cd0d29f156fd1f42cecabdaf1e7b35a77f4feef8ff2
tor_vmess:20250717_191732,Tor-Vmess,/data1/zcx/ja4tor/data/ja4tor/tor_vmess/pcap/20250717_191732.pcap,/data1/zcx/ja4tor/models/fusion_flow_extractor-0.3/output/csv/tor_vmess-0927/20250717_191732.csv,5065795,5,0.5649614893052639,,89,train,5d691db2d2dcf62aae06c26ee96154372ecbd1eafcb5d05387ba9a3dc2f930a2,df90d5cb3a90648cb3ba5f4380dea4f390add940f0dc9b48b352ecec121b23f0
tor_vmess:20250717_192131,Tor-Vmess,/data1/zcx/ja4tor/data/ja4tor/tor_vmess/pcap/20250717_192131.pcap,/data1/zcx/ja4tor/models/fusion_flow_extractor-0.3/output/csv/tor_vmess-0927/20250717_192131.csv,3540475,5,0.5703563751898122,,93,train,a88b497e35964bfe63ac8ee2fb2680beec2a2ab4fe580f6e0aaa7cde03f5bf01,fade1107e04b706554495ca5f7c46bcf9db149119d8ff852aba57f6d31ddd541
tor_vmess:20250717_193707,Tor-Vmess,/data1/zcx/ja4tor/data/ja4tor/tor_vmess/pcap/20250717_193707.pcap,/data1/zcx/ja4tor/models/fusion_flow_extractor-0.3/output/csv/tor_vmess-0927/20250717_193707.csv,1053561,6,0.3987596794728554,,4,test,8ff77f6399a4e91da89c555ad31d6bda1e8cfaba20800b0cceb681507d8869de,f41f0f6a7cc5250365eacc09fe7ffe5124efcaef6652b17eadac3e8236e272dc
tor_vmess:20250717_194415,Tor-Vmess,/data1/zcx/ja4tor/data/ja4tor/tor_vmess/pcap/20250717_194415.pcap,/data1/zcx/ja4tor/models/fusion_flow_extractor-0.3/output/csv/tor_vmess-0927/20250717_194415.csv,4825078,6,0.6087362821680165,,120,train,67fa8f58491730fffd535486ab2d9e728e53686c28b56c823975018c031478db,2fe74af8a6078fa290cfbb824158062bc6ed87cabca92cff4fb94c452340b6ca
tor_vmess:20250717_194616,Tor-Vmess,/data1/zcx/ja4tor/data/ja4tor/tor_vmess/pcap/20250717_194616.pcap,/data1/zcx/ja4tor/models/fusion_flow_extractor-0.3/output/csv/tor_vmess-0927/20250717_194616.csv,4198630,6,0.39978207609823524,,28,train,2b21b9c132c1efa2b71ddddfe0638b62761cd9e84cbf0c120c328855a459ac66,b401c09e2861cb3ddb724e4d03f45c660f95677910c0f54cc3e0dfa007fffb6f
tor_vmess:20250717_194922,Tor-Vmess,/data1/zcx/ja4tor/data/ja4tor/tor_vmess/pcap/20250717_194922.pcap,/data1/zcx/ja4tor/models/fusion_flow_extractor-0.3/output/csv/tor_vmess-0927/20250717_194922.csv,3624714,5,0.5374562689873219,,75,train,a259cce6e752dd6296988e1bf14def81f8e366ab35aecf65f92d20f31825f709,0b1be1b6f91bcee9ff9b2eaa84bebf99b552cf6d6863c0929380a9a71947bf51
tor_vmess:20250717_200157,Tor-Vmess,/data1/zcx/ja4tor/data/ja4tor/tor_vmess/pcap/20250717_200157.pcap,/data1/zcx/ja4tor/models/fusion_flow_extractor-0.3/output/csv/tor_vmess-0927/20250717_200157.csv,5691360,5,0.3197668831955035,,3,validation,a801a44b4b5cc73ff926d7e5cfb6932f0aa80b9dcde052f960443f5c32f3fe82,cee00126d3e56ed604ffc1339c8d45e2fa906bcccd84444eb306bbbdeb8324ef
tor_vmess:20250717_200254,Tor-Vmess,/data1/zcx/ja4tor/data/ja4tor/tor_vmess/pcap/20250717_200254.pcap,/data1/zcx/ja4tor/models/fusion_flow_extractor-0.3/output/csv/tor_vmess-0927/20250717_200254.csv,4781180,6,0.5937766170428891,,112,train,f288ed8973b5affb5836064533f09b724c4af2ffe42fee09da81db07de831a83,18e1d600d5e4208a6d560550c30783cd08d6732414b855340652f4fd5da44761
tor_vmess:20250717_200544,Tor-Vmess,/data1/zcx/ja4tor/data/ja4tor/tor_vmess/pcap/20250717_200544.pcap,/data1/zcx/ja4tor/models/fusion_flow_extractor-0.3/output/csv/tor_vmess-0927/20250717_200544.csv,2079695,6,0.6029091134467961,,19,validation,21c7e43c3d9ffb229e7b931ff731fceb3fde82447b88badd7cf80c95adafae7c,160bc71bf33a3076ffac4975e070563d2493109e23633c8fce5cf47587c67bc9
tor_vmess:20250717_200739,Tor-Vmess,/data1/zcx/ja4tor/data/ja4tor/tor_vmess/pcap/20250717_200739.pcap,/data1/zcx/ja4tor/models/fusion_flow_extractor-0.3/output/csv/tor_vmess-0927/20250717_200739.csv,4015044,6,0.3705740267749973,,21,train,be6333c389a50bf43c5451122f78cbc707919b9f13f1a110f084bf9568867b6b,e3bc739e06ecd1bf4a8e040e384b2024e86847c4fe2c003573146310bc2a871f
tor_vmess:20250717_201842,Tor-Vmess,/data1/zcx/ja4tor/data/ja4tor/tor_vmess/pcap/20250717_201842.pcap,/data1/zcx/ja4tor/models/fusion_flow_extractor-0.3/output/csv/tor_vmess-0927/20250717_201842.csv,3788666,5,0.6221216765626281,,21,test,17daa3269110082694b8d6aaa73d3a8b5ad452b129a60c15fe2dcaa701379015,128b82c5fc5cbc85accd3c65117a93a7bbed0c25c263ea987dc3ff2061a6c1d2
tor_vmess:20250717_202757,Tor-Vmess,/data1/zcx/ja4tor/data/ja4tor/tor_vmess/pcap/20250717_202757.pcap,/data1/zcx/ja4tor/models/fusion_flow_extractor-0.3/output/csv/tor_vmess-0927/20250717_202757.csv,1994682,6,0.4924520215964213,,58,train,e844a7ecb5eb91c2b819294b04766fb52d51178cf4704a79623c7e772309fee4,d1220a9ca62925b2cf0980d50a8067a8feff540c03a948f4b4b87bcb892070aa
tor_vmess:20250717_203356,Tor-Vmess,/data1/zcx/ja4tor/data/ja4tor/tor_vmess/pcap/20250717_203356.pcap,/data1/zcx/ja4tor/models/fusion_flow_extractor-0.3/output/csv/tor_vmess-0927/20250717_203356.csv,4328013,5,0.5784679624023461,,100,train,e1374009353e072430cb49f7125edd6855e8acb72f7a61233bfec17acd55d605,f0f9eb8b698db6cf9dfcaae8b1ecb7f11d93d7bf2cbd6725d4e75326c9b1124a
tor_vmess:20250717_203517,Tor-Vmess,/data1/zcx/ja4tor/data/ja4tor/tor_vmess/pcap/20250717_203517.pcap,/data1/zcx/ja4tor/models/fusion_flow_extractor-0.3/output/csv/tor_vmess-0927/20250717_203517.csv,3524033,6,0.5472108597127854,,16,validation,5cbb1067478ed4aecf681b3608e23c02ac3d48edf7bfd21bfae7e28d55ff2350,0194c35a337868d12a6a2d09d35d24fdef069872937fa5fde0836d5537fac32c
tor_vmess:20250717_203627,Tor-Vmess,/data1/zcx/ja4tor/data/ja4tor/tor_vmess/pcap/20250717_203627.pcap,/data1/zcx/ja4tor/models/fusion_flow_extractor-0.3/output/csv/tor_vmess-0927/20250717_203627.csv,10370686,6,0.5838508866547425,,106,train,fa57209dafb49a3d9bcbab59581fb42f6e31dcbfd7b84e45f5c63a97917a5a5c,50f91139100b71276ff974d2379208a6bb622bd7f982bea444531cb4088a89ce
tor_vmess:20250717_203700,Tor-Vmess,/data1/zcx/ja4tor/data/ja4tor/tor_vmess/pcap/20250717_203700.pcap,/data1/zcx/ja4tor/models/fusion_flow_extractor-0.3/output/csv/tor_vmess-0927/20250717_203700.csv,4370700,5,0.2651171078420658,,3,train,f39c7927b7ae2b2723b64c3d23d24787db5cad0512a4a2334ca88d9910b3f568,1efa9db42ef4e169c61f73177f77aaf74beebc192efb1c88b7465b05b157d8c9
tor_vmess:20250717_204249,Tor-Vmess,/data1/zcx/ja4tor/data/ja4tor/tor_vmess/pcap/20250717_204249.pcap,/data1/zcx/ja4tor/models/fusion_flow_extractor-0.3/output/csv/tor_vmess-0927/20250717_204249.csv,4822667,6,0.4350086391849053,,38,train,a95a23e5a07c70b6a8c727b2a78d886e6fdd82135056657623e5d9b90f2ffd6e,dd99a1de166b21af603d6415829b3635163526f591cf0f5c1b4d584699849e52
tor_vmess:20250717_204632,Tor-Vmess,/data1/zcx/ja4tor/data/ja4tor/tor_vmess/pcap/20250717_204632.pcap,/data1/zcx/ja4tor/models/fusion_flow_extractor-0.3/output/csv/tor_vmess-0927/20250717_204632.csv,3659587,5,0.5865248526043418,,107,train,9889e196f8784d3ac87ac5df4e5f3607861ee282c3ad8c59e33ff067a7ab6c80,b8109df3b628527d7a45fdcea8f90fdd4387bc7dc529bf868e66cb19b4d3b822
tor_vmess:20250717_205118,Tor-Vmess,/data1/zcx/ja4tor/data/ja4tor/tor_vmess/pcap/20250717_205118.pcap,/data1/zcx/ja4tor/models/fusion_flow_extractor-0.3/output/csv/tor_vmess-0927/20250717_205118.csv,8799667,5,0.6330338250671623,,140,train,587c5c4b6693b0a4e106c401365aa24e2724872b37117ec4e5e93779814a1400,78f168dbb7222e4b906890c49df0e39546a70bec171d4c03bd6fdeae08330d2f
tor_vmess:20250717_205540,Tor-Vmess,/data1/zcx/ja4tor/data/ja4tor/tor_vmess/pcap/20250717_205540.pcap,/data1/zcx/ja4tor/models/fusion_flow_extractor-0.3/output/csv/tor_vmess-0927/20250717_205540.csv,12356287,5,0.5149188623628764,,67,train,3f8854330585bc7668aa5c7052f13ecd0be81ee83b3c5f7b6c05892deb95bac6,d224d87d2ae59128bc46e6e2842cf7bd943712f032e1f4cfc964484b46cc5b2c
tor_vmess:20250717_205758,Tor-Vmess,/data1/zcx/ja4tor/data/ja4tor/tor_vmess/pcap/20250717_205758.pcap,/data1/zcx/ja4tor/models/fusion_flow_extractor-0.3/output/csv/tor_vmess-0927/20250717_205758.csv,1651104,6,0.520424687888585,,9,test,13667513ff52978c8028580d1f40e410b4ab5334ace68a73e66bfbc2ef87ff8d,50b56a2fa4d78dfac1134c24707d563d85207f97aba9b747b3a2e5f9cd1e4d50
tor_vmess:20250717_210134,Tor-Vmess,/data1/zcx/ja4tor/data/ja4tor/tor_vmess/pcap/20250717_210134.pcap,/data1/zcx/ja4tor/models/fusion_flow_extractor-0.3/output/csv/tor_vmess-0927/20250717_210134.csv,3716488,6,0.46933527804647085,,47,train,95fdc967544e5df29e8a53741f1229ece11b77fd45c9db5fe68deef893ff92af,20415162d6dc32fcaa096e8384fd06ef1e377ce6e18a7bc085fcebca791a72df
tor_vmess:20250717_210323,Tor-Vmess,/data1/zcx/ja4tor/data/ja4tor/tor_vmess/pcap/20250717_210323.pcap,/data1/zcx/ja4tor/models/fusion_flow_extractor-0.3/output/csv/tor_vmess-0927/20250717_210323.csv,3711066,5,0.5497520758615116,,82,train,981cabc13793c1471b7ad8d0eb180cd0cebff2b54801bd5c89667a73695d3ca3,31e76bc84a5aaf0fbda0b4503712d2cf844b21da817aafb3ecfd8910cb1c1883
tor_vmess:20250717_210646,Tor-Vmess,/data1/zcx/ja4tor/data/ja4tor/tor_vmess/pcap/20250717_210646.pcap,/data1/zcx/ja4tor/models/fusion_flow_extractor-0.3/output/csv/tor_vmess-0927/20250717_210646.csv,4989018,6,0.5354184745882419,,74,train,2e153a0d3e4efcce23cfbc6a9e3d2847233b94dc904f6d548e652aa428be79e1,47aaf402e370fd517d31495cf9f4f0b3eab05bd73a98c068a39e7cdbaa03d93f
tor_vmess:20250717_210935,Tor-Vmess,/data1/zcx/ja4tor/data/ja4tor/tor_vmess/pcap/20250717_210935.pcap,/data1/zcx/ja4tor/models/fusion_flow_extractor-0.3/output/csv/tor_vmess-0927/20250717_210935.csv,4023233,6,0.4400809764547684,,7,validation,fd43a90c5313de4a0517fcab344451fe4effd56e3e77f0e553003105d587898f,d636b699d2b757a6bb6fbcc90a4c6e7d8075760830267f5099e3b96ed321ae39
tor_vmess:20250717_211058,Tor-Vmess,/data1/zcx/ja4tor/data/ja4tor/tor_vmess/pcap/20250717_211058.pcap,/data1/zcx/ja4tor/models/fusion_flow_extractor-0.3/output/csv/tor_vmess-0927/20250717_211058.csv,4356549,6,0.4585132837765469,,6,test,e29fa53498c2db14cd354dfeaa1d858361a1c04a2ad88114a538e39fed73b02b,cf8c1fc3a3e0226f2eb5bbbfdb5684e2b819aa1ca55243e63b993e99af57a1ca
tor_vmess:20250717_211206,Tor-Vmess,/data1/zcx/ja4tor/data/ja4tor/tor_vmess/pcap/20250717_211206.pcap,/data1/zcx/ja4tor/models/fusion_flow_extractor-0.3/output/csv/tor_vmess-0927/20250717_211206.csv,4665962,5,0.6225114647355181,,128,train,fc903df2eb3937594652e3d45a4323f980a05decda9d927b4781b46de5e4a760,1cf8818e425cba0a108a8a2eee53307e12039a70c728b983900f0a541b21704d
tor_vmess:20250717_211827,Tor-Vmess,/data1/zcx/ja4tor/data/ja4tor/tor_vmess/pcap/20250717_211827.pcap,/data1/zcx/ja4tor/models/fusion_flow_extractor-0.3/output/csv/tor_vmess-0927/20250717_211827.csv,3670639,6,0.3112318751876547,,8,train,f95885f3c77f19b4d691dcbd8daf8f0254bda3ad76623737d14362321df8349a,ca1978db9d4e99421c29d6ac5975d1c28d3e4173e3aa1651b606c314e17dbbbb
tor_vmess:20250717_212419,Tor-Vmess,/data1/zcx/ja4tor/data/ja4tor/tor_vmess/pcap/20250717_212419.pcap,/data1/zcx/ja4tor/models/fusion_flow_extractor-0.3/output/csv/tor_vmess-0927/20250717_212419.csv,2377241,5,0.4250476159854514,,35,train,11f296985fe3d02fad038b2f90c191afac1561624a36c4ce12bb52b26c589332,e0f162ac698441a9b32c63e140607af27c030024399ad6c360653b9271d9989a
tor_vmess:20250717_212458,Tor-Vmess,/data1/zcx/ja4tor/data/ja4tor/tor_vmess/pcap/20250717_212458.pcap,/data1/zcx/ja4tor/models/fusion_flow_extractor-0.3/output/csv/tor_vmess-0927/20250717_212458.csv,4945929,6,0.4299686961405824,,36,train,6b69e3ebc1a24d1826a1d2896e326ee41b44ed58c137155cdcb69c01713d7080,e86b0fecd015ac9f7e4f4aa5551e38ba8c76171bae1d96006c5911a260df4905
tor_vmess:20250717_212629,Tor-Vmess,/data1/zcx/ja4tor/data/ja4tor/tor_vmess/pcap/20250717_212629.pcap,/data1/zcx/ja4tor/models/fusion_flow_extractor-0.3/output/csv/tor_vmess-0927/20250717_212629.csv,5710252,6,0.521981139583589,,71,train,8e3c21b698be96fe1ce43037d2c5c60c3ba0b34eddd6ee19330bb5d27cf2fd52,394ec471bbc497725f01b6ae77a69678e1e79c04c62116e02f98d3cd2c76017c
tor_vmess:20250717_213523,Tor-Vmess,/data1/zcx/ja4tor/data/ja4tor/tor_vmess/pcap/20250717_213523.pcap,/data1/zcx/ja4tor/models/fusion_flow_extractor-0.3/output/csv/tor_vmess-0927/20250717_213523.csv,2239810,5,0.5704774790532012,,94,train,dc564d48f8dbf2624fa398830722e95b0f87deb4d1b140435b385df3926d39a0,c7de8959c05372f3ed8a53faecb2011a33e31ef438fe39540648ac7457e49b2c
tor_vmess:20250717_214133,Tor-Vmess,/data1/zcx/ja4tor/data/ja4tor/tor_vmess/pcap/20250717_214133.pcap,/data1/zcx/ja4tor/models/fusion_flow_extractor-0.3/output/csv/tor_vmess-0927/20250717_214133.csv,3733247,5,0.6418865965802705,,25,test,34dfb23e6c588d9a81ea7016ff735d22433baac18538bb293b4fc8ec6cfabb49,1b644914284015df8896a0547ed23eeb56dcdbee62ea2b694bb905946a60d2f5
tor_vmess:20250717_215448,Tor-Vmess,/data1/zcx/ja4tor/data/ja4tor/tor_vmess/pcap/20250717_215448.pcap,/data1/zcx/ja4tor/models/fusion_flow_extractor-0.3/output/csv/tor_vmess-0927/20250717_215448.csv,3133573,5,0.339724813826876,,12,train,b27a6c8e787be95a26eccc4ffdeb08d01c47e3ac0bb5a214bfb9d68087dbae77,399c2d199cb1df4c0dd07d9b7fa2da5601c971ed51ee2473faeddcdc4c3703d4
tor_vmess:20250717_220509,Tor-Vmess,/data1/zcx/ja4tor/data/ja4tor/tor_vmess/pcap/20250717_220509.pcap,/data1/zcx/ja4tor/models/fusion_flow_extractor-0.3/output/csv/tor_vmess-0927/20250717_220509.csv,4845201,6,0.5530447036439259,,12,test,009da50ae0c9770b0551af80e0e9e584eb940033a24041f110f8b908bec129ca,fdb99d15fa1f4983606c0306420734b1dc53a04b95d3d6a98275e2727ad7a3dd
tor_vmess:20250717_220601,Tor-Vmess,/data1/zcx/ja4tor/data/ja4tor/tor_vmess/pcap/20250717_220601.pcap,/data1/zcx/ja4tor/models/fusion_flow_extractor-0.3/output/csv/tor_vmess-0927/20250717_220601.csv,4704430,6,0.540900780259373,,10,test,3e339f31fdd3a2b0b81f17119c1b790b0665489f74def1446ab5d7280a141d38,e0f2a8828ea4eb49b0759cb91678f6ddc70c1c7be409f261e1bf94334f8f0a2e
tor_vmess:20250717_220804,Tor-Vmess,/data1/zcx/ja4tor/data/ja4tor/tor_vmess/pcap/20250717_220804.pcap,/data1/zcx/ja4tor/models/fusion_flow_extractor-0.3/output/csv/tor_vmess-0927/20250717_220804.csv,842945,6,0.631625154909612,,138,train,20bf3e7578a57bde03c75ca371d53fe4f13b232260550e8c0522b264be0ed43e,885d3249e17651766256cc18b02fd7c28df9e03a896c240cd575c0f3aa85918a
tor_vmess:20250717_220841,Tor-Vmess,/data1/zcx/ja4tor/data/ja4tor/tor_vmess/pcap/20250717_220841.pcap,/data1/zcx/ja4tor/models/fusion_flow_extractor-0.3/output/csv/tor_vmess-0927/20250717_220841.csv,3629757,6,0.5,,12,validation,6b6a3e60994984ce93f7a2851fa17866300bd67a032881d85f8e191cb904d633,0b6f72e19a7f5e0016f6b711f2c7be53e0a8fc1d034dd28a013df9271b57a1d2
tor_vmess:20250717_222503,Tor-Vmess,/data1/zcx/ja4tor/data/ja4tor/tor_vmess/pcap/20250717_222503.pcap,/data1/zcx/ja4tor/models/fusion_flow_extractor-0.3/output/csv/tor_vmess-0927/20250717_222503.csv,3771336,5,0.4796905222437137,,50,train,8497323611f3d84b1a448e190da21f3b3ce4f3ce0de083c4eb7aa513cf46f401,dfcd9f008957a95dfdcde91105b55a1aa1e9b58786602d423b913b99dc743c0c
tor_vmess:20250717_222603,Tor-Vmess,/data1/zcx/ja4tor/data/ja4tor/tor_vmess/pcap/20250717_222603.pcap,/data1/zcx/ja4tor/models/fusion_flow_extractor-0.3/output/csv/tor_vmess-0927/20250717_222603.csv,4574570,6,0.5314923137929183,,73,train,cf1d6d0ff32c23eb3ef0783854cb4cf8eef373a712b2480a0b30cfeeaa9e18c1,5183f7eace2ea6d1918d4e7a719965a86ae7510519ab5e4ba46a7adcba7cb67a
tor_vmess:20250717_222708,Tor-Vmess,/data1/zcx/ja4tor/data/ja4tor/tor_vmess/pcap/20250717_222708.pcap,/data1/zcx/ja4tor/models/fusion_flow_extractor-0.3/output/csv/tor_vmess-0927/20250717_222708.csv,2076031,6,0.6809950992132645,,31,test,993156ce79c99d7d63a9423a5ba9ebbf5bd324a6e0b9fe3c229fd2fda5dc196e,863c71909a1e264560c41af9a98d02dc0e85c4004bcbbe7179d68fb022575ee3
tor_vmess:20250717_222915,Tor-Vmess,/data1/zcx/ja4tor/data/ja4tor/tor_vmess/pcap/20250717_222915.pcap,/data1/zcx/ja4tor/models/fusion_flow_extractor-0.3/output/csv/tor_vmess-0927/20250717_222915.csv,4716284,6,0.27895838277983676,,4,train,f7054223d9e3f306f0e84dcf5120f157832d5c249a2107e77fb139f8b3fc13d2,7d691183c6550df1d02a9b3623b3ed7dce4b34a79b847f79a2c028fcec02bf3f
tor_vmess:20250717_223031,Tor-Vmess,/data1/zcx/ja4tor/data/ja4tor/tor_vmess/pcap/20250717_223031.pcap,/data1/zcx/ja4tor/models/fusion_flow_extractor-0.3/output/csv/tor_vmess-0927/20250717_223031.csv,4131796,6,0.4334174305102399,,37,train,5485b0e342cab95d93f7b99fa74e9f26f403c243f115a25dd29e98a7d67e4fb6,ddbad161d4bb77ac3c4eb149bd91ad74d954c23a9eafc84baaadfc599640bce5
tor_vmess:20250717_223135,Tor-Vmess,/data1/zcx/ja4tor/data/ja4tor/tor_vmess/pcap/20250717_223135.pcap,/data1/zcx/ja4tor/models/fusion_flow_extractor-0.3/output/csv/tor_vmess-0927/20250717_223135.csv,3953911,5,0.6144609894672276,,123,train,70c22b6a8d8b4180a860c0b02409ce6ebaa1eac3ff364e5baab9fbc22d426664,140023170a718b3d15ecb639bce32664f402c18ba0ba630713f1f7da8c8949b2
tor_vmess:20250717_223410,Tor-Vmess,/data1/zcx/ja4tor/data/ja4tor/tor_vmess/pcap/20250717_223410.pcap,/data1/zcx/ja4tor/models/fusion_flow_extractor-0.3/output/csv/tor_vmess-0927/20250717_223410.csv,3228028,5,0.353333013849619,,16,train,43d95bec061edb9f3aecdc610a59f5af9bbfffd10b1410fb0c7d6f4b20ca3c94,e7f07bb5cc14793ff8ae16c70a575c97587990fb767c2f32e39cf6d135216bf6
tor_vmess:20250717_223616,Tor-Vmess,/data1/zcx/ja4tor/data/ja4tor/tor_vmess/pcap/20250717_223616.pcap,/data1/zcx/ja4tor/models/fusion_flow_extractor-0.3/output/csv/tor_vmess-0927/20250717_223616.csv,3037052,5,0.6278489162045382,,133,train,2060f4a96948eba3b874ef922e1fc92ffd31e5a9b74406a34635bc2de3386af5,e7a1ea0c2cbf0329da6da9e5906b4f9d2a531f9e41ca39d39096fd2801850eba
tor_vmess:20250717_223817,Tor-Vmess,/data1/zcx/ja4tor/data/ja4tor/tor_vmess/pcap/20250717_223817.pcap,/data1/zcx/ja4tor/models/fusion_flow_extractor-0.3/output/csv/tor_vmess-0927/20250717_223817.csv,2608067,6,0.5763372499818449,,98,train,c78ceb77d2292b57ac67b023892d09db67a737200296dc637f7fbf7167364728,a3bb143aa09656ceca411ce27bf537be769b7371719899e378a4f50ddd122229
tor_vmess:20250717_223848,Tor-Vmess,/data1/zcx/ja4tor/data/ja4tor/tor_vmess/pcap/20250717_223848.pcap,/data1/zcx/ja4tor/models/fusion_flow_extractor-0.3/output/csv/tor_vmess-0927/20250717_223848.csv,3716014,6,0.3888302457493935,,24,train,d17464f62c86bcbf0d66bbe4fdc35d1c1e6a95f66a8b3dd246586eff97f98184,9581682ae7b07f4065cafa7b2a945358af53b2e220b11d082be584b6b9a40ccb
tor_vmess:20250717_224525,Tor-Vmess,/data1/zcx/ja4tor/data/ja4tor/tor_vmess/pcap/20250717_224525.pcap,/data1/zcx/ja4tor/models/fusion_flow_extractor-0.3/output/csv/tor_vmess-0927/20250717_224525.csv,4930202,6,0.5448483607032863,,78,train,16974d0c44f804243f19031c109b7c96b796b313687af57b6b894b0f16b7c8a3,17146204b9c6ab9b09a9aa3778bc92b376ce1424832268dc922f775073bc348c
tor_vmess:20250717_224756,Tor-Vmess,/data1/zcx/ja4tor/data/ja4tor/tor_vmess/pcap/20250717_224756.pcap,/data1/zcx/ja4tor/models/fusion_flow_extractor-0.3/output/csv/tor_vmess-0927/20250717_224756.csv,3119032,6,0.6571007036150528,,28,test,fdeab56b9395868eaca12c832b8cf4978c134fccc054bb5945b0b94edb75029b,b28eae85d1858a8dfb6cf23117c8806ec946b093fae45acdc179ed6658faa1bf
tor_vmess:20250717_224825,Tor-Vmess,/data1/zcx/ja4tor/data/ja4tor/tor_vmess/pcap/20250717_224825.pcap,/data1/zcx/ja4tor/models/fusion_flow_extractor-0.3/output/csv/tor_vmess-0927/20250717_224825.csv,2071459,6,0.5083775167730697,,65,train,04c40676b7dc9ff7d88eebd5e5b8f2aa9c065c179e30dcc0e5b3f125083d460b,cba1fe9fe8c039a1f97d7744ddabfbb9bfd1548a1b3608c88c4af0578bb201af
tor_vmess:20250717_230059,Tor-Vmess,/data1/zcx/ja4tor/data/ja4tor/tor_vmess/pcap/20250717_230059.pcap,/data1/zcx/ja4tor/models/fusion_flow_extractor-0.3/output/csv/tor_vmess-0927/20250717_230059.csv,8018998,5,0.6914936146529889,,33,test,0c184e58475ff5838fde36451f18b0dca26218147beb36db5b18ae260402367c,93ceb8e9f4da3938d1c65fa7a308699a99198a84e1c3cbaf53f3ea458fd24564
tor_vmess:20250717_230934,Tor-Vmess,/data1/zcx/ja4tor/data/ja4tor/tor_vmess/pcap/20250717_230934.pcap,/data1/zcx/ja4tor/models/fusion_flow_extractor-0.3/output/csv/tor_vmess-0927/20250717_230934.csv,6781404,5,0.3413869335598985,,13,train,df2bc8069f5004185246a7fbbc0e1c872e048655aa6cdd0986811b2d0b390f5e,30451d4e9a8a58dadd4d5173c1f93a9f8dc93fcf81b21fe44acbc321a16c0cb9
tor_vmess:20250717_231009,Tor-Vmess,/data1/zcx/ja4tor/data/ja4tor/tor_vmess/pcap/20250717_231009.pcap,/data1/zcx/ja4tor/models/fusion_flow_extractor-0.3/output/csv/tor_vmess-0927/20250717_231009.csv,2167490,5,0.4828956323116377,,53,train,86ab90707137185d440fcbc16dffb81efce59244897ef850ee4ed8005f990640,face442c0f361460871ba2b4fb029749661e9fa3f7afb6ae1d5189b175edcafb
tor_vmess:20250717_231404,Tor-Vmess,/data1/zcx/ja4tor/data/ja4tor/tor_vmess/pcap/20250717_231404.pcap,/data1/zcx/ja4tor/models/fusion_flow_extractor-0.3/output/csv/tor_vmess-0927/20250717_231404.csv,2214588,5,0.5970483059781062,,115,train,db265cc403218dfe95106d61f11e977e3d9b2f45358d63e122dfe9590edf10af,b26913c00a65ae4d6ce8020211a3caf37dbf941325c6fcc6431a3170067604da
tor_vmess:20250717_232607,Tor-Vmess,/data1/zcx/ja4tor/data/ja4tor/tor_vmess/pcap/20250717_232607.pcap,/data1/zcx/ja4tor/models/fusion_flow_extractor-0.3/output/csv/tor_vmess-0927/20250717_232607.csv,4591094,6,0.5472058216602619,,80,train,d64fe39e43e9115d24e3d225f0af854c73d9b6b3a9a16c252b109bb8da1676b5,e27fd75ba1269eb73b8d0a5965ae1fc99a74927716ac217ef24edf9960e10db2
tor_vmess:20250717_232651,Tor-Vmess,/data1/zcx/ja4tor/data/ja4tor/tor_vmess/pcap/20250717_232651.pcap,/data1/zcx/ja4tor/models/fusion_flow_extractor-0.3/output/csv/tor_vmess-0927/20250717_232651.csv,4617078,6,0.5845030890582718,,17,validation,9563328544459863b680ce42549e893c9935b21f65be882e72076534eb3daa08,bb21a63b56f04cfea36262879c101c9d6d04dd05a3ffac4948a82f9b062a4faa
tor_vmess:20250717_233657,Tor-Vmess,/data1/zcx/ja4tor/data/ja4tor/tor_vmess/pcap/20250717_233657.pcap,/data1/zcx/ja4tor/models/fusion_flow_extractor-0.3/output/csv/tor_vmess-0927/20250717_233657.csv,853803,5,0.5792041269871138,,101,train,297e18dc7b953ad0e314a35f76f6954f259d88ea40eecfc976075b1fd5ff573a,29015c09c748bd22511690243955707609e8422abc6b0017542b7246216a364a
tor_vmess:20250717_233737,Tor-Vmess,/data1/zcx/ja4tor/data/ja4tor/tor_vmess/pcap/20250717_233737.pcap,/data1/zcx/ja4tor/models/fusion_flow_extractor-0.3/output/csv/tor_vmess-0927/20250717_233737.csv,3029242,5,0.6959585077772582,,34,test,3b8c676192561af2a9cd4f66ca9672dc1cea14bfec89f9d58834afff2f5bb680,631e623c773bf1749aae934cf4d405205435713b508737ab35df0f850ad60420
tor_vmess:20250717_234705,Tor-Vmess,/data1/zcx/ja4tor/data/ja4tor/tor_vmess/pcap/20250717_234705.pcap,/data1/zcx/ja4tor/models/fusion_flow_extractor-0.3/output/csv/tor_vmess-0927/20250717_234705.csv,4345470,5,0.6310755409754777,,137,train,a299ba4444eaaddb009079c3d2b22e9ca7aa1b47d6ddf0fa59f43abbd9d4e092,04e83feaaaa30d9e600e120038bf5b725eedbd297fcb1537d84c22de1394b261
tor_vmess:20250717_235005,Tor-Vmess,/data1/zcx/ja4tor/data/ja4tor/tor_vmess/pcap/20250717_235005.pcap,/data1/zcx/ja4tor/models/fusion_flow_extractor-0.3/output/csv/tor_vmess-0927/20250717_235005.csv,4685794,5,0.5938184803373483,,113,train,1b6f2203de6c65eb077e819b5e25b0690673625eb83f283a60f8c5c24fc76586,64f886586e1d7bdb8a9456c276373f347ef0a34c34a4b17932fcea1e9c50fb3c
tor_vmess:20250717_235047,Tor-Vmess,/data1/zcx/ja4tor/data/ja4tor/tor_vmess/pcap/20250717_235047.pcap,/data1/zcx/ja4tor/models/fusion_flow_extractor-0.3/output/csv/tor_vmess-0927/20250717_235047.csv,4479386,6,0.6722689075630239,,30,test,5e0878c83e6a529166c29d56cdd5544567e8077feac9a1297e929005427face0,8c03affbda4fa4b1b0c8457e436adff039723a9774d2bb506f8a86f008bb3acb
tor_vmess:20250717_235209,Tor-Vmess,/data1/zcx/ja4tor/data/ja4tor/tor_vmess/pcap/20250717_235209.pcap,/data1/zcx/ja4tor/models/fusion_flow_extractor-0.3/output/csv/tor_vmess-0927/20250717_235209.csv,4029962,6,0.5989422509612609,,117,train,2b6eb337e4bacd286acccdf9944b6a7d453846a1209f163227bbdf72b1ed585f,ea51eebe2dc6a2355b5d11494dbb721220136d60991ed079f195a1447fc09077
tor_vmess:20250717_235355,Tor-Vmess,/data1/zcx/ja4tor/data/ja4tor/tor_vmess/pcap/20250717_235355.pcap,/data1/zcx/ja4tor/models/fusion_flow_extractor-0.3/output/csv/tor_vmess-0927/20250717_235355.csv,4043166,5,0.6554000301554408,,27,test,89d620667c952f9350cb9425047bd5e462f72aa83ee12bb940285ec6b147f60d,8de550aa8a40c246860689ae6d4d74777dc110f3a8762cc945ddda81c7ba73c5
tor_vmess:20250718_000207,Tor-Vmess,/data1/zcx/ja4tor/data/ja4tor/tor_vmess/pcap/20250718_000207.pcap,/data1/zcx/ja4tor/models/fusion_flow_extractor-0.3/output/csv/tor_vmess-0927/20250718_000207.csv,2965998,5,0.5632105278499429,,87,train,b9d6ba1ce405afb09fbdfbf9c8d48f9e6dcc7253b07154445676e00a06bd1b8d,f6d2b74de4773830d066991dc3900f7156f719de89668e1aed83fbda83e095d0
tor_vmess:20250718_000415,Tor-Vmess,/data1/zcx/ja4tor/data/ja4tor/tor_vmess/pcap/20250718_000415.pcap,/data1/zcx/ja4tor/models/fusion_flow_extractor-0.3/output/csv/tor_vmess-0927/20250718_000415.csv,3128273,5,0.35244319821920517,,3,test,90e3ce644d95a07b619fe0e3626dffdde5a4d4c21d6db5cc7de8b5fb14f2e5fe,60300d47ce84aac1ca2a68c3a1ee8dc66abd68727bdaf4ce628c03d9d4760a95
tor_vmess:20250718_000759,Tor-Vmess,/data1/zcx/ja4tor/data/ja4tor/tor_vmess/pcap/20250718_000759.pcap,/data1/zcx/ja4tor/models/fusion_flow_extractor-0.3/output/csv/tor_vmess-0927/20250718_000759.csv,2273409,5,0.48166977499374786,,52,train,b30d35c4216a4b6d2db61acac480e273801657553fe7a86f67ded65997d6c72f,db419037ee130b8cba8b413bbf4fc736f9b5aff39143a7abf37b940b9f240189
tor_vmess:20250718_001153,Tor-Vmess,/data1/zcx/ja4tor/data/ja4tor/tor_vmess/pcap/20250718_001153.pcap,/data1/zcx/ja4tor/models/fusion_flow_extractor-0.3/output/csv/tor_vmess-0927/20250718_001153.csv,4678408,5,0.6159041439245512,,125,train,79b798c84b66962f61f9b75f4947b63fb6b47716b1ad39e4e54d48823191ff04,b5cba23fe4910ad3f093186cc7992d5ec40b4302dae69bd420e7a3b0116d8e2b
tor_vmess:20250718_001248,Tor-Vmess,/data1/zcx/ja4tor/data/ja4tor/tor_vmess/pcap/20250718_001248.pcap,/data1/zcx/ja4tor/models/fusion_flow_extractor-0.3/output/csv/tor_vmess-0927/20250718_001248.csv,6634706,6,0.6112312859166689,,17,test,ad1654c8ba88a6d97c962ad1c7dc59639780d3dfcc38b57f9ac926ddaad73548,808467cd394d6033afda270ef419ecaa734e4cb2bd1ba2a367d60c5c951055c8
tor_vmess:20250718_002215,Tor-Vmess,/data1/zcx/ja4tor/data/ja4tor/tor_vmess/pcap/20250718_002215.pcap,/data1/zcx/ja4tor/models/fusion_flow_extractor-0.3/output/csv/tor_vmess-0927/20250718_002215.csv,7552944,5,0.7234124644448384,,39,test,3aa9b0e4dbb7616e01163794122584f09d311141da9bd0edca7a21fbe241e59f,50b5a5e763291a46b2a14ca62cbcf7f7d3392862c2c68a70fb7a12437271e43e
tor_vmess:20250718_002253,Tor-Vmess,/data1/zcx/ja4tor/data/ja4tor/tor_vmess/pcap/20250718_002253.pcap,/data1/zcx/ja4tor/models/fusion_flow_extractor-0.3/output/csv/tor_vmess-0927/20250718_002253.csv,4050163,6,0.43661736556984093,,39,train,2e7f7155805f830818a5e4b592d6c65b0a8410af815de563c7e59c1cec4f6ff8,806573f613661fe85923f0511620b193cf7d4502c0dc77cc3a1ec9619849d055
tor_vmess:20250718_003811,Tor-Vmess,/data1/zcx/ja4tor/data/ja4tor/tor_vmess/pcap/20250718_003811.pcap,/data1/zcx/ja4tor/models/fusion_flow_extractor-0.3/output/csv/tor_vmess-0927/20250718_003811.csv,4603811,6,0.4190456441592149,,32,train,e720fc7b6295dc6335b9b49485ab416630cf99dfd603bf92ed64adf64fca6098,bd4a8f7633dcf389000bdb61804938822d9018d42a0d0bf94b41e6b0e298c25a
tor_vmess:20250718_003959,Tor-Vmess,/data1/zcx/ja4tor/data/ja4tor/tor_vmess/pcap/20250718_003959.pcap,/data1/zcx/ja4tor/models/fusion_flow_extractor-0.3/output/csv/tor_vmess-0927/20250718_003959.csv,10279444,5,0.6323278336565841,,139,train,95cf621e245ad6a374b31e00908ba026bf9a3af32a6a05a47b07dde1a0f98150,aa8ae1e62cc56146adfd0a2a7a3313e00d2d07b86942ccbf1c6ffc1c4d0009ff
tor_vmess:20250718_004207,Tor-Vmess,/data1/zcx/ja4tor/data/ja4tor/tor_vmess/pcap/20250718_004207.pcap,/data1/zcx/ja4tor/models/fusion_flow_extractor-0.3/output/csv/tor_vmess-0927/20250718_004207.csv,5068049,5,0.3685364451967869,,20,train,1307917da4356b0d9d69b7bcdb4d04c246b8f1b6e6f5f193a67a8f699915ace1,fa230108de8a4a1869dfc2078f8ca9be3a8e3c83b44109ee2933176c53833b95
tor_vmess:20250718_004557,Tor-Vmess,/data1/zcx/ja4tor/data/ja4tor/tor_vmess/pcap/20250718_004557.pcap,/data1/zcx/ja4tor/models/fusion_flow_extractor-0.3/output/csv/tor_vmess-0927/20250718_004557.csv,2144564,5,0.4163040965830154,,5,validation,b27afc6cacdf9e6d86a2b96376099ffdbae062b72ea5306f48ed33b258ab0bf9,a922e51b18d717a8d3ad1940b7c669c14ede376e58a87a14a2cd4ebf6a3ee213
tor_vmess:20250718_005012,Tor-Vmess,/data1/zcx/ja4tor/data/ja4tor/tor_vmess/pcap/20250718_005012.pcap,/data1/zcx/ja4tor/models/fusion_flow_extractor-0.3/output/csv/tor_vmess-0927/20250718_005012.csv,861538,6,0.6182424530828408,,127,train,48584715b388f0cf7f0e2699b7524528141a747abc6b27e12eb9134d785f6603,1ce731965cbad036566e001bbe51218f9ff492488ac97928c6b8956fef08cb0b
tor_vmess:20250718_005114,Tor-Vmess,/data1/zcx/ja4tor/data/ja4tor/tor_vmess/pcap/20250718_005114.pcap,/data1/zcx/ja4tor/models/fusion_flow_extractor-0.3/output/csv/tor_vmess-0927/20250718_005114.csv,2730229,6,0.5946492273814947,,114,train,822810d19b04b5ec633fe4cec9e0031d25905726ea66918727f5a339328c8ea3,46932bf38e87cc477d2186e2873cd96258923a249e16f3cad469a94484de4e21
tor_vmess:20250718_005200,Tor-Vmess,/data1/zcx/ja4tor/data/ja4tor/tor_vmess/pcap/20250718_005200.pcap,/data1/zcx/ja4tor/models/fusion_flow_extractor-0.3/output/csv/tor_vmess-0927/20250718_005200.csv,8354372,6,0.7306385897142023,,40,test,65f40e9cc33cf03631cd77ce4533b1857a7d89b35c0656769d54d41fbf8be338,b49a462e73f4dff9c5e19fcb1f7474b75027875aea58b790c30d8b28ed1cae66
tor_vmess:20250718_010848,Tor-Vmess,/data1/zcx/ja4tor/data/ja4tor/tor_vmess/pcap/20250718_010848.pcap,/data1/zcx/ja4tor/models/fusion_flow_extractor-0.3/output/csv/tor_vmess-0927/20250718_010848.csv,3801103,6,0.4754315661145495,,49,train,019ca27c157b5834373f073927a0a15a548f4ec87b0813874c94fabcbaf6d527,3d014f97f040c4057381a5ffdb58a8434eda91d270f0f8f848208a13e2bb7f3c
tor_vmess:20250718_010927,Tor-Vmess,/data1/zcx/ja4tor/data/ja4tor/tor_vmess/pcap/20250718_010927.pcap,/data1/zcx/ja4tor/models/fusion_flow_extractor-0.3/output/csv/tor_vmess-0927/20250718_010927.csv,5063366,6,0.2839673050840984,,5,train,76c9e8a0753e22bd22ca82d29821534092dd7be853de0a3a6c86ad3e3dc251b1,1ccff33afc4e4e00b9ac09959a7aa24ce547e7459af03d6f2c64cfb8caf233b1
tor_vmess:20250718_011414,Tor-Vmess,/data1/zcx/ja4tor/data/ja4tor/tor_vmess/pcap/20250718_011414.pcap,/data1/zcx/ja4tor/models/fusion_flow_extractor-0.3/output/csv/tor_vmess-0927/20250718_011414.csv,7519586,5,0.5914319763246525,,111,train,9e87e2dfa50fd7e17abc91a4685eaa0b1b930317357d584f4d52c590a71d10d9,fe280d094ee40fd310186e9990635f46cb573ac4d95b636c5b91d5955de92019
tor_vmess:20250718_011527,Tor-Vmess,/data1/zcx/ja4tor/data/ja4tor/tor_vmess/pcap/20250718_011527.pcap,/data1/zcx/ja4tor/models/fusion_flow_extractor-0.3/output/csv/tor_vmess-0927/20250718_011527.csv,3768586,6,0.541353845659739,,77,train,d1a27a1c881b4fd17d97c02a15633409eb74cc35d7ffda3fadf101122ba2ae1c,2778dd81df0d44d6557369c3d8a4b0b134e9734b917064443c9ee1a847b5c166
tor_vmess:20250718_012201,Tor-Vmess,/data1/zcx/ja4tor/data/ja4tor/tor_vmess/pcap/20250718_012201.pcap,/data1/zcx/ja4tor/models/fusion_flow_extractor-0.3/output/csv/tor_vmess-0927/20250718_012201.csv,2089822,6,0.6142586845845364,,122,train,8dfb8ce05729cd7260262e5d433b2903a3c1658c3bb9be84be7aa812ab23bbde,44c6163214f62637b3d075d4cef7696c7cccc56e9c9ba80511b06e62e374ca18
tor_vmess:20250718_012413,Tor-Vmess,/data1/zcx/ja4tor/data/ja4tor/tor_vmess/pcap/20250718_012413.pcap,/data1/zcx/ja4tor/models/fusion_flow_extractor-0.3/output/csv/tor_vmess-0927/20250718_012413.csv,1965457,5,0.6171367663702061,,126,train,de7de768b5f10bb000d1c0c981b4f38b0fc083740d30aae16adfb3d3d81c30b5,0f7b2ce0af66e330301474efa6422a5f150d7c2451d36feb953151c58d790d00
tor_vmess:20250718_012613,Tor-Vmess,/data1/zcx/ja4tor/data/ja4tor/tor_vmess/pcap/20250718_012613.pcap,/data1/zcx/ja4tor/models/fusion_flow_extractor-0.3/output/csv/tor_vmess-0927/20250718_012613.csv,12563388,5,0.6146983999464493,,19,test,752138e824b5bc0edadc6077983f71a3e7584d503eed0c7159e2a4b3b1e51bd4,79ddd2cb6480004e0f80dccfbb205be4471528a31ebb0df67fe1130402a2231c
tor_vmess:20250718_013139,Tor-Vmess,/data1/zcx/ja4tor/data/ja4tor/tor_vmess/pcap/20250718_013139.pcap,/data1/zcx/ja4tor/models/fusion_flow_extractor-0.3/output/csv/tor_vmess-0927/20250718_013139.csv,1467573,5,0.6006630322902653,,118,train,97408dbf7740e74b8a90389a58fbe9c8e9f650dd409ce1130a1af9f8b526cd7e,80ed8a579e8cab27da57ac0dc4627d29000d5abb118e1e0ff361f04ea2f5fccd
tor_vmess:20250718_013640,Tor-Vmess,/data1/zcx/ja4tor/data/ja4tor/tor_vmess/pcap/20250718_013640.pcap,/data1/zcx/ja4tor/models/fusion_flow_extractor-0.3/output/csv/tor_vmess-0927/20250718_013640.csv,1688396,5,0.502860547753224,,62,train,a60adb92fef105c3b59a7bf6d132cebf4c5554e64820e23aa2569472e97a5cad,949455e5e3ef0d3d2efcad410dcc267618e9557fd0d9be037dfc1e12c3cecc59
tor_vmess:20250718_013940,Tor-Vmess,/data1/zcx/ja4tor/data/ja4tor/tor_vmess/pcap/20250718_013940.pcap,/data1/zcx/ja4tor/models/fusion_flow_extractor-0.3/output/csv/tor_vmess-0927/20250718_013940.csv,5478964,6,0.5468309232357944,,79,train,e8b092fa020241385859df8ef4ca1d81b3101f942a39ba030c646215c56f1e26,8e8ec2a4ee221a01a0d93b4ba0c34ff765b36d9885754233b624e5aa6696c9cd
tor_vmess:20250718_014032,Tor-Vmess,/data1/zcx/ja4tor/data/ja4tor/tor_vmess/pcap/20250718_014032.pcap,/data1/zcx/ja4tor/models/fusion_flow_extractor-0.3/output/csv/tor_vmess-0927/20250718_014032.csv,2880546,6,0.573062094412659,,97,train,4fe04af07f83d2d014159367a975ea5b1ed40fc22b15b95de85a4e321fcf5317,575860324704744ca26025cb96ed06b9277a2d96818a041c8ae1d75d5be3ca53
tor_vmess:20250718_014057,Tor-Vmess,/data1/zcx/ja4tor/data/ja4tor/tor_vmess/pcap/20250718_014057.pcap,/data1/zcx/ja4tor/models/fusion_flow_extractor-0.3/output/csv/tor_vmess-0927/20250718_014057.csv,4730099,6,0.48069100892478034,,8,test,9e4d6702a1f8b1c4482bbd32b76de44f7423cd5a52109fb8ae5ee66685f87a55,c255a256c1607c503bc94a8d07b9f08fad76bf1465d6666a28b4a2aebafb4b14
tor_vmess:20250718_014509,Tor-Vmess,/data1/zcx/ja4tor/data/ja4tor/tor_vmess/pcap/20250718_014509.pcap,/data1/zcx/ja4tor/models/fusion_flow_extractor-0.3/output/csv/tor_vmess-0927/20250718_014509.csv,4397311,6,0.6278871307659708,,24,test,ca666b1714bda38265dd19bdcc5b21c3be21a80aa53c94d12fe52df3fa4cec56,2ddb6de8a0a0a33f95804eee19e76a32a7f6b08fae72b94defc55732764bd466
tor_vmess:20250718_015044,Tor-Vmess,/data1/zcx/ja4tor/data/ja4tor/tor_vmess/pcap/20250718_015044.pcap,/data1/zcx/ja4tor/models/fusion_flow_extractor-0.3/output/csv/tor_vmess-0927/20250718_015044.csv,7321394,6,0.5929421836301256,,18,validation,216320f6dd9b2cfe451e104259c6c2409de76addd8f076af12ff6b352b0dda99,1bd4baa43c22398062b6fe1bf02e5cecc43113babae45f10523c8e46ee7e5476
tor_vmess:20250718_015814,Tor-Vmess,/data1/zcx/ja4tor/data/ja4tor/tor_vmess/pcap/20250718_015814.pcap,/data1/zcx/ja4tor/models/fusion_flow_extractor-0.3/output/csv/tor_vmess-0927/20250718_015814.csv,878054,6,0.5882352941176497,,110,train,1ed590acc6da9a4bbe4e77234168399865e76d6fd199109770046804f46e787c,bf0a5ae761de995acf0e11a512031cdfc3149638bcf03303dd0552addd4e2a9f
tor_vmess:20250718_015922,Tor-Vmess,/data1/zcx/ja4tor/data/ja4tor/tor_vmess/pcap/20250718_015922.pcap,/data1/zcx/ja4tor/models/fusion_flow_extractor-0.3/output/csv/tor_vmess-0927/20250718_015922.csv,2961958,6,0.6270638537052029,,132,train,516ac9699af33c9dc9b395b09f4b760619632936090e9c195b2091f4bc682ace,4c655f96e08410c9732ed19dfeb9007d3c8ec4599c985cad3b8791e24929e25b
tor_vmess:20250718_020232,Tor-Vmess,/data1/zcx/ja4tor/data/ja4tor/tor_vmess/pcap/20250718_020232.pcap,/data1/zcx/ja4tor/models/fusion_flow_extractor-0.3/output/csv/tor_vmess-0927/20250718_020232.csv,575657,6,0.6306462050800243,,136,train,624d52f6b8a1b449e804cf64dfcf2cf475e4c148a9d269e59a94cddf2ca423db,336eb42bf43a6f8bfcc15577bad513bec2406551cf905f581bed496acd0c5de8
tor_vmess:20250718_021037,Tor-Vmess,/data1/zcx/ja4tor/data/ja4tor/tor_vmess/pcap/20250718_021037.pcap,/data1/zcx/ja4tor/models/fusion_flow_extractor-0.3/output/csv/tor_vmess-0927/20250718_021037.csv,2770681,5,0.6021367521367595,,15,test,771f891a4db6171e609cc6ac7c08df4e5cc10adf3c305e3adb7779d482f008ef,3184eb60fe42200d1812e13258de3fe7d97fec576e3312f37460285bffb9ce73
tor_vmess:20250718_021138,Tor-Vmess,/data1/zcx/ja4tor/data/ja4tor/tor_vmess/pcap/20250718_021138.pcap,/data1/zcx/ja4tor/models/fusion_flow_extractor-0.3/output/csv/tor_vmess-0927/20250718_021138.csv,4498553,5,0.5100029166073099,,14,validation,8989ec51b8fba1749bc8319dbacac6e524b2580c79f101a727d375426ed7fba4,fea5f665bad946a2ba3710f696bb7f2cd13e827755889fec1357bbd335b28fe2
tor_vmess:20250718_021337,Tor-Vmess,/data1/zcx/ja4tor/data/ja4tor/tor_vmess/pcap/20250718_021337.pcap,/data1/zcx/ja4tor/models/fusion_flow_extractor-0.3/output/csv/tor_vmess-0927/20250718_021337.csv,2003666,6,0.4935018264667237,,59,train,c758906c8be3191a1c653625c5cb23532151227cc706b1f42e681ed38addbc19,f6882367dee5c651d1b8656e0121a12563b1998377785e90f1756716799b4a72
tor_vmess:20250718_021541,Tor-Vmess,/data1/zcx/ja4tor/data/ja4tor/tor_vmess/pcap/20250718_021541.pcap,/data1/zcx/ja4tor/models/fusion_flow_extractor-0.3/output/csv/tor_vmess-0927/20250718_021541.csv,3270641,5,0.6121115413246396,,121,train,c957b428e1493bdcbf9466359359749fd3a48ecd4539c2d4a1063ce357e294bc,0f89dbeeacf2efb19c53118c8693f015501655d3c4b3e83df76432e8787352c6
tor_vmess:20250718_022250,Tor-Vmess,/data1/zcx/ja4tor/data/ja4tor/tor_vmess/pcap/20250718_022250.pcap,/data1/zcx/ja4tor/models/fusion_flow_extractor-0.3/output/csv/tor_vmess-0927/20250718_022250.csv,1928813,5,0.5110143701772547,,66,train,97a8004e0993b6933bc735209bea10da99da0f83f3986e12ecf39665ccbc9c1c,b67a712467feb1baed89ca1272f087fd30dac34f2dc5e7f12d10da0591644490
tor_vmess:20250718_024917,Tor-Vmess,/data1/zcx/ja4tor/data/ja4tor/tor_vmess/pcap/20250718_024917.pcap,/data1/zcx/ja4tor/models/fusion_flow_extractor-0.3/output/csv/tor_vmess-0927/20250718_024917.csv,1669112,5,0.3580086181913338,,17,train,c517516c2f1d9cbe9c6c15e525da798edd67fc2b64e7c3eadad1268ebb0df41e,c76ec3e349d076afdb01405023ac3ddf6924a44aea9523601fd5f401981d16f2
tor_vmess:20250718_025301,Tor-Vmess,/data1/zcx/ja4tor/data/ja4tor/tor_vmess/pcap/20250718_025301.pcap,/data1/zcx/ja4tor/models/fusion_flow_extractor-0.3/output/csv/tor_vmess-0927/20250718_025301.csv,9088605,5,0.5798284191195984,,102,train,6a320bcd6a674db86c0fdac2b8fd97aa0cdf721c6912a818de1cc4f65cbee29d,a8868cd302239456183b99fecb9a76a13aea0a416512dda1116cb11448087c41
tor_vmess:20250718_025613,Tor-Vmess,/data1/zcx/ja4tor/data/ja4tor/tor_vmess/pcap/20250718_025613.pcap,/data1/zcx/ja4tor/models/fusion_flow_extractor-0.3/output/csv/tor_vmess-0927/20250718_025613.csv,4004743,5,0.4839224318835026,,54,train,c6d9fbad56c943ca29856f51d45ad53db5ff6cabc8ecab360c62b3593b79ff3a,8fb792ee077780d8ca984025f4a111e4e31fa9e96cb70875c3fd8c2dd0a72f08
tor_vmess:20250718_031534,Tor-Vmess,/data1/zcx/ja4tor/data/ja4tor/tor_vmess/pcap/20250718_031534.pcap,/data1/zcx/ja4tor/models/fusion_flow_extractor-0.3/output/csv/tor_vmess-0927/20250718_031534.csv,1702530,5,0.5494522393024902,,81,train,087241d5b7fafd52773c2703b1fa24cf65a317de20148ecafa0efd10fafe6ff2,9e7ffdf551972fe3887478f98dcd0749a030998536a6f2dc2cf568af005c365f
tor_vmess:20250718_031821,Tor-Vmess,/data1/zcx/ja4tor/data/ja4tor/tor_vmess/pcap/20250718_031821.pcap,/data1/zcx/ja4tor/models/fusion_flow_extractor-0.3/output/csv/tor_vmess-0927/20250718_031821.csv,9085498,5,0.5152711558282033,,68,train,f700f1bbdea9c43e37fa5bcc87ead124e207876ed97854c13a2f5e762a11000d,1d44b3cf21375ce0c30eeaa68c6cc81dcd99020534b8a9b392c9b853d2c2dfb0
tor_vmess:20250718_033210,Tor-Vmess,/data1/zcx/ja4tor/data/ja4tor/tor_vmess/pcap/20250718_033210.pcap,/data1/zcx/ja4tor/models/fusion_flow_extractor-0.3/output/csv/tor_vmess-0927/20250718_033210.csv,5859475,5,0.5836573756166366,,105,train,5c144ad6443f9e367f3f265249b6adcebeb1d0fcbea46d5079ec2a25781ab69e,3760b1c8fd4501c84c17b7e6224eb3e325930b9776ddbaf56bc3c2675c6d6f97
tor_vmess:20250718_033913,Tor-Vmess,/data1/zcx/ja4tor/data/ja4tor/tor_vmess/pcap/20250718_033913.pcap,/data1/zcx/ja4tor/models/fusion_flow_extractor-0.3/output/csv/tor_vmess-0927/20250718_033913.csv,4025468,5,0.49155707231131807,,55,train,7cf0ea9dca4bca9deebd18da8d1f3391e23cfb0357400da61ecffb52eabdabc5,c4ac35e8ba1eb2a301207ccb4410e361b148c3630a2d48893781fc5aff7cd86b
tor_vmess:20250718_034643,Tor-Vmess,/data1/zcx/ja4tor/data/ja4tor/tor_vmess/pcap/20250718_034643.pcap,/data1/zcx/ja4tor/models/fusion_flow_extractor-0.3/output/csv/tor_vmess-0927/20250718_034643.csv,3062255,5,0.5181185573165101,,15,validation,96798bf38420a547791114c36d9f99c2eec7626acc8e6a6716a4f2333f559225,7393b742f648687ed658629e380eb0e34a92081a8d9db3ace58b4e6a63eade49
tor_vmess:20250718_034715,Tor-Vmess,/data1/zcx/ja4tor/data/ja4tor/tor_vmess/pcap/20250718_034715.pcap,/data1/zcx/ja4tor/models/fusion_flow_extractor-0.3/output/csv/tor_vmess-0927/20250718_034715.csv,8443558,6,0.4503468625607651,,43,train,8d5433679f97d75e99821a86f2563eb97469f7931c63a32f7689050eec79f147,f32e0fc8a314927d18010a6f42387cc3d8f67e77b4737e2fc57c8b89443e751e
tor_vmess:20250718_035933,Tor-Vmess,/data1/zcx/ja4tor/data/ja4tor/tor_vmess/pcap/20250718_035933.pcap,/data1/zcx/ja4tor/models/fusion_flow_extractor-0.3/output/csv/tor_vmess-0927/20250718_035933.csv,1018416,5,0.4924123594378165,,57,train,4bf304a812f53daedbf61d4bbe0f4b4db8cb995e2b8465c2a870c856b45dcd67,0ace3dea5dd9abcc8e7523c37149a2306a27a84aacd2c0e9fc7808a1f43afb41
tor_vmess:20250718_040034,Tor-Vmess,/data1/zcx/ja4tor/data/ja4tor/tor_vmess/pcap/20250718_040034.pcap,/data1/zcx/ja4tor/models/fusion_flow_extractor-0.3/output/csv/tor_vmess-0927/20250718_040034.csv,4647855,5,0.33723432349411564,,2,test,5aee64d22a68e2f72817c5781ac5fd48faffc59b8dda9b4e63c62ae56777f133,a8676adabcd44a793a370fcd51c719c8565162ff411ae25448f8891967165e13
tor_vmess:20250718_040432,Tor-Vmess,/data1/zcx/ja4tor/data/ja4tor/tor_vmess/pcap/20250718_040432.pcap,/data1/zcx/ja4tor/models/fusion_flow_extractor-0.3/output/csv/tor_vmess-0927/20250718_040432.csv,810139,5,0.5225781976003654,,72,train,2887628189fee6567ac4b1526f3121ab800de5518ee2f947347538049ba8ef83,e3e127b51b482536c33c7aad5163775ed0a7f5be09b9386f945d01c46bb2efaa
tor_vmess:20250718_042709,Tor-Vmess,/data1/zcx/ja4tor/data/ja4tor/tor_vmess/pcap/20250718_042709.pcap,/data1/zcx/ja4tor/models/fusion_flow_extractor-0.3/output/csv/tor_vmess-0927/20250718_042709.csv,2505663,6,0.49973979529184287,,60,train,74f38c3eebea802e353447f0c008e7b6c23fff47c6edf5f20771e47a9e95a2e1,811abc9d6b1229bd426ed3e896f290423fa431e3a281a9a193cfae6df25135ae
tor_vmess:20250718_045905,Tor-Vmess,/data1/zcx/ja4tor/data/ja4tor/tor_vmess/pcap/20250718_045905.pcap,/data1/zcx/ja4tor/models/fusion_flow_extractor-0.3/output/csv/tor_vmess-0927/20250718_045905.csv,6975562,6,0.5081967213114754,,64,train,fee5077ae5b380f26961b72dc04313850aa3156b028b5a450af39da0fbcb7f0d,9e97077e9a95031392adca502aa85bfad0648b459894a01ba706abae5f7952d5
tor_vmess:20250718_050200,Tor-Vmess,/data1/zcx/ja4tor/data/ja4tor/tor_vmess/pcap/20250718_050200.pcap,/data1/zcx/ja4tor/models/fusion_flow_extractor-0.3/output/csv/tor_vmess-0927/20250718_050200.csv,4852276,6,0.4008941608422288,,29,train,6632749b83f6051a43376eec5c26f574150067d53a6f671ce9ebaa6d2b40c0a3,afe8be83518f832960b525ddc21f9abb5f20e0d7d83203c8c9465308985c762b
tor_vmess:20250718_050444,Tor-Vmess,/data1/zcx/ja4tor/data/ja4tor/tor_vmess/pcap/20250718_050444.pcap,/data1/zcx/ja4tor/models/fusion_flow_extractor-0.3/output/csv/tor_vmess-0927/20250718_050444.csv,3376869,7,0.6509228489862031,,26,test,e5f83360b37777eb0141fbf7b6357593edb19ea02b768449bb9874281327cf4a,96ca805400abc753343e17486e29d2043453d02c024815b166e7b0a0efcff489
tor_vmess:20250718_052110,Tor-Vmess,/data1/zcx/ja4tor/data/ja4tor/tor_vmess/pcap/20250718_052110.pcap,/data1/zcx/ja4tor/models/fusion_flow_extractor-0.3/output/csv/tor_vmess-0927/20250718_052110.csv,2459387,5,0.5531376006831223,,85,train,ddc90a59d8a88bbb1bffa45658b89335c3ecc94f5407cdd191bb51f7ccd3aaf4,9e84828cd601e210f8ac90269d3a2f166fae3c341be27332a4f978b8d98177cd
tor_vmess:20250718_052433,Tor-Vmess,/data1/zcx/ja4tor/data/ja4tor/tor_vmess/pcap/20250718_052433.pcap,/data1/zcx/ja4tor/models/fusion_flow_extractor-0.3/output/csv/tor_vmess-0927/20250718_052433.csv,2102542,6,0.5675043049398354,,91,train,9669ed8bbfbc0edfeef566dd7ab244b3553c77412351ac131615155774e1af91,e94a2537c835e7346529d9d87fb5bb02ef59ae814cd2e28051caf92efd3014a6
tor_vmess:20250718_052911,Tor-Vmess,/data1/zcx/ja4tor/data/ja4tor/tor_vmess/pcap/20250718_052911.pcap,/data1/zcx/ja4tor/models/fusion_flow_extractor-0.3/output/csv/tor_vmess-0927/20250718_052911.csv,767642,5,0.5823722028279075,,104,train,579536e44d18ec484f7611ff98e0c073da3d3458b7196c0d40d4db3a7761ed95,80b88417d4a085f24701993c3cfbfaf91271a1e5e7d5fc14e15550c8a18ec9fb
tor_vmess:20250718_055320,Tor-Vmess,/data1/zcx/ja4tor/data/ja4tor/tor_vmess/pcap/20250718_055320.pcap,/data1/zcx/ja4tor/models/fusion_flow_extractor-0.3/output/csv/tor_vmess-0927/20250718_055320.csv,4426211,5,0.3909313195279412,,25,train,cba909d9ea5ff6120c55477e26aeef5793186bd6b927969965e0aa5d3b16426d,a086fa98e3ace3cdf5ab37c8ddc824961691f78098fba00ac03f46a99a870589
tor_vmess:20250718_060131,Tor-Vmess,/data1/zcx/ja4tor/data/ja4tor/tor_vmess/pcap/20250718_060131.pcap,/data1/zcx/ja4tor/models/fusion_flow_extractor-0.3/output/csv/tor_vmess-0927/20250718_060131.csv,4944366,6,0.4458859237064679,,40,train,5a52a63d780e71bc20ca88f7617c3df2b199d4d8875c33ac88174826982f5d3b,3a65748ecc9b3a78d655e4def2189d6b495cd0e44e90bcfb667c6d059b3add76
tor_vmess:20250718_062356,Tor-Vmess,/data1/zcx/ja4tor/data/ja4tor/tor_vmess/pcap/20250718_062356.pcap,/data1/zcx/ja4tor/models/fusion_flow_extractor-0.3/output/csv/tor_vmess-0927/20250718_062356.csv,4867082,6,0.3145634129549455,,9,train,9e385ac92d2abffd513d74aeeb0ca644e3fd4e586585d6e133170798771ef348,d732852bb186a674517892a42a7dde08b4dc4f8cafb64343056e9331704de29b
tor_vmess:20250718_062554,Tor-Vmess,/data1/zcx/ja4tor/data/ja4tor/tor_vmess/pcap/20250718_062554.pcap,/data1/zcx/ja4tor/models/fusion_flow_extractor-0.3/output/csv/tor_vmess-0927/20250718_062554.csv,4078370,6,0.45930644198858306,,45,train,d7ffaf3b6cfeb281f44d621040233399bd016bed2e366115792e549618bcb0ea,3205589363c726184c60f0134868108e833f3a08809cd83af7841c4a8f5cc5d7
tor_vmess:20250718_062621,Tor-Vmess,/data1/zcx/ja4tor/data/ja4tor/tor_vmess/pcap/20250718_062621.pcap,/data1/zcx/ja4tor/models/fusion_flow_extractor-0.3/output/csv/tor_vmess-0927/20250718_062621.csv,795648,6,0.49232251151548223,,56,train,b5c7cb9ab074444840aed4e68bd4cb01dd5461822953438264c5fc62d031f5e8,6c785e2c495d28d9cde16f07f69051fd734d30f5799e365616a65d4f5c095515
tor_vmess:20250718_062647,Tor-Vmess,/data1/zcx/ja4tor/data/ja4tor/tor_vmess/pcap/20250718_062647.pcap,/data1/zcx/ja4tor/models/fusion_flow_extractor-0.3/output/csv/tor_vmess-0927/20250718_062647.csv,6119211,6,0.6285098473520156,,134,train,b00efa70a8e9e5147b299be07bdd3f884d99e6037fd5019be1412acbca50a078,d4af1c858d39822a23c6ff552b6169336e2c8c8e6a3ea40daea0867949d40938
tor_vmess:20250718_063421,Tor-Vmess,/data1/zcx/ja4tor/data/ja4tor/tor_vmess/pcap/20250718_063421.pcap,/data1/zcx/ja4tor/models/fusion_flow_extractor-0.3/output/csv/tor_vmess-0927/20250718_063421.csv,3036017,6,0.5723556469099847,,96,train,285ca63b257626e8371b170e18f60e0d93ce17c9b136c50356036f15a41064f9,1f905fcfe127aa319cb28f34dd962b0624d9c2d61a992a74f05f6306876e6e7a
tor_vmess:20250718_063510,Tor-Vmess,/data1/zcx/ja4tor/data/ja4tor/tor_vmess/pcap/20250718_063510.pcap,/data1/zcx/ja4tor/models/fusion_flow_extractor-0.3/output/csv/tor_vmess-0927/20250718_063510.csv,3742897,6,0.4484021361654502,,42,train,180b1bf00615bdd810b62de517c79e2833b43f4f44efb2b3259ec94bfff906e3,d611114dc9f1ada46a74eb5f50192e2d790b011b502528857ddb00c1c5566a5b
tor_vmess:20250718_063744,Tor-Vmess,/data1/zcx/ja4tor/data/ja4tor/tor_vmess/pcap/20250718_063744.pcap,/data1/zcx/ja4tor/models/fusion_flow_extractor-0.3/output/csv/tor_vmess-0927/20250718_063744.csv,1383547,6,0.6165132787646321,,20,test,530ad2222884b193d182d6f8c614856c2924197cc3268a67917d9542775a2221,07870d9563a8cd05e4b8753287e13eeb7fcbf9afb0a48e00131a5a4ab084c344
tor_vmess:20250718_064129,Tor-Vmess,/data1/zcx/ja4tor/data/ja4tor/tor_vmess/pcap/20250718_064129.pcap,/data1/zcx/ja4tor/models/fusion_flow_extractor-0.3/output/csv/tor_vmess-0927/20250718_064129.csv,2312026,5,0.4481225038554855,,41,train,4fd7ab501fe0c28df730518868826e1d0cd5d2edb626365126df29967f4985d3,654da2f45cb5857414d5fbd44b93ac52469349084ae424ae3cfb929f2d0e22fe
tor_vmess:20250718_064809,Tor-Vmess,/data1/zcx/ja4tor/data/ja4tor/tor_vmess/pcap/20250718_064809.pcap,/data1/zcx/ja4tor/models/fusion_flow_extractor-0.3/output/csv/tor_vmess-0927/20250718_064809.csv,12865541,5,0.5971704363754199,,116,train,34d3437ac18f0e43dcf461b9331854f53918807f0fee8840e7075440e63c8ce8,69f19f74a8c2f47b375191f543cd858ce90e9ba93877fccc459b7655403b67b0
tor_vmess:20250718_065141,Tor-Vmess,/data1/zcx/ja4tor/data/ja4tor/tor_vmess/pcap/20250718_065141.pcap,/data1/zcx/ja4tor/models/fusion_flow_extractor-0.3/output/csv/tor_vmess-0927/20250718_065141.csv,624896,5,0.6255217650566562,,129,train,867442f7ae00fea6a66359d61a0ea1e1fcc96f74da0b66a92d81ba400bbf9535,0f7121c729e795f5afbd628f0421106796d593851a954bc07dfe046d5422db2f
tor_vmess:20250718_065634,Tor-Vmess,/data1/zcx/ja4tor/data/ja4tor/tor_vmess/pcap/20250718_065634.pcap,/data1/zcx/ja4tor/models/fusion_flow_extractor-0.3/output/csv/tor_vmess-0927/20250718_065634.csv,6503880,5,0.34290716330783844,,14,train,f517cb61542def18dc4b64336fc1ad4f683b8cf0cf5fa24203a2909ff7ce639e,cbd01158431023fc3804658ee51900a6c671764c2233e623f6ba2111b61338aa
tor_vmess:20250718_071008,Tor-Vmess,/data1/zcx/ja4tor/data/ja4tor/tor_vmess/pcap/20250718_071008.pcap,/data1/zcx/ja4tor/models/fusion_flow_extractor-0.3/output/csv/tor_vmess-0927/20250718_071008.csv,4542741,5,0.5502484020046077,,83,train,414a339c96210bb01c969947b88e52925d8a101b610eca88a391e7acccc13958,4a8e91b45e869bd2770ff0feb2abd85153773946a5b77c1e2c4bc00e0fe1c1f8
tor_vmess:20250718_072912,Tor-Vmess,/data1/zcx/ja4tor/data/ja4tor/tor_vmess/pcap/20250718_072912.pcap,/data1/zcx/ja4tor/models/fusion_flow_extractor-0.3/output/csv/tor_vmess-0927/20250718_072912.csv,3777700,5,0.40517260393611565,,31,train,3debd4437a823cc8cd904b2ce0a025f872fdfc2efe8d89da29532ff6163c4ed0,1a6068f4f56d60e3439c5070f596d963fbb439e9f5e679238229eab9f6e6a455
tor_vmess:20250718_073050,Tor-Vmess,/data1/zcx/ja4tor/data/ja4tor/tor_vmess/pcap/20250718_073050.pcap,/data1/zcx/ja4tor/models/fusion_flow_extractor-0.3/output/csv/tor_vmess-0927/20250718_073050.csv,1635516,6,0.6264829646632819,,23,test,60a6acc15568f2703e2872e07d27d70277f9cd641f0d3588f4c76482bfe31af8,9ac306dcb002031ef8ab6cf817bf524f1da6756e780d93ec8d51844588190b26
tor_vmess:20250718_081742,Tor-Vmess,/data1/zcx/ja4tor/data/ja4tor/tor_vmess/pcap/20250718_081742.pcap,/data1/zcx/ja4tor/models/fusion_flow_extractor-0.3/output/csv/tor_vmess-0927/20250718_081742.csv,2262702,5,0.24663765889675526,,2,train,d4e9f7cb3832301c357d11a09602fb7fd71b9bf926f738a74672b1e9a8e545e7,70a4c823088d20800c6790df44c17c213448b6787b3563a74bff3510a8615d4a
tor_vmess:20250718_081821,Tor-Vmess,/data1/zcx/ja4tor/data/ja4tor/tor_vmess/pcap/20250718_081821.pcap,/data1/zcx/ja4tor/models/fusion_flow_extractor-0.3/output/csv/tor_vmess-0927/20250718_081821.csv,4705783,6,0.5000000000000002,,61,train,8ce29630217eefdfc606f6050ccf1beff1fd3419624946bc8cc41e0f1cf55497,1cb737462f763f281006f9f29ebe5305bc4bcde8220e5e2b633b662ce8eecc83
tor_vmess:20250718_081932,Tor-Vmess,/data1/zcx/ja4tor/data/ja4tor/tor_vmess/pcap/20250718_081932.pcap,/data1/zcx/ja4tor/models/fusion_flow_extractor-0.3/output/csv/tor_vmess-0927/20250718_081932.csv,4659131,6,0.5723225379154945,,95,train,057d6652e55467f6116f1874f567a2f8f93a8fd1d303605cd8e4e2435d7cbf9f,316950560001a735008e2b5473153afdbd3e5edb18620443b894d3b4d3deda72
tor_vmess:20250718_082157,Tor-Vmess,/data1/zcx/ja4tor/data/ja4tor/tor_vmess/pcap/20250718_082157.pcap,/data1/zcx/ja4tor/models/fusion_flow_extractor-0.3/output/csv/tor_vmess-0927/20250718_082157.csv,4884329,5,0.5214081221921532,,70,train,0d8134096ad69294935be3f4133035ee283d4d407b8cbf9292a312be92fa455a,1a00a1d74e72118a149a158ab31bb8200a0c18c367d68f5fe9dc3a1cf79bc61c
tor_vmess:20250718_082311,Tor-Vmess,/data1/zcx/ja4tor/data/ja4tor/tor_vmess/pcap/20250718_082311.pcap,/data1/zcx/ja4tor/models/fusion_flow_extractor-0.3/output/csv/tor_vmess-0927/20250718_082311.csv,4331004,6,0.297806378488415,,7,train,f42ea6ecf6eb88aa571e37f27cbc68b4002e694712a6507ad9801e3e3baf0628,ca2b7ddcce4f121cfc20d6d909e303920d4a8962184574788c64bbc00e6ff342
tor_vmess:20250718_083045,Tor-Vmess,/data1/zcx/ja4tor/data/ja4tor/tor_vmess/pcap/20250718_083045.pcap,/data1/zcx/ja4tor/models/fusion_flow_extractor-0.3/output/csv/tor_vmess-0927/20250718_083045.csv,2034423,5,0.4739487337355306,,8,validation,b2e39ade3e5886ac373255fee2d3f7f47ab735015b4d4038a874f26d7e4520aa,151388218d5648465f69244873981049d8881a5a21e83f3986fd7b5473ccb202
tor_vmess:20250718_083857,Tor-Vmess,/data1/zcx/ja4tor/data/ja4tor/tor_vmess/pcap/20250718_083857.pcap,/data1/zcx/ja4tor/models/fusion_flow_extractor-0.3/output/csv/tor_vmess-0927/20250718_083857.csv,2068903,5,0.7031175260088026,,36,test,c7872e116d2ce0b45172348106ab09371056548a7d31feeab17862dbc0740eab,dca40210042b4ce039c11489a29eb8aadca32826aaeaabf73d2f40dd7ca72661
tor_vmess:20250718_084246,Tor-Vmess,/data1/zcx/ja4tor/data/ja4tor/tor_vmess/pcap/20250718_084246.pcap,/data1/zcx/ja4tor/models/fusion_flow_extractor-0.3/output/csv/tor_vmess-0927/20250718_084246.csv,2152910,5,0.4041800254068114,,30,train,af7f05f5b91a258db225212a7470d8010cc841e574e74aa3336ce79a9c819d38,cfaed86513ddd226560ad1024a00adf0557e32837e58fddbd6b5292f9939a3a7
tor_vmess:20250718_084347,Tor-Vmess,/data1/zcx/ja4tor/data/ja4tor/tor_vmess/pcap/20250718_084347.pcap,/data1/zcx/ja4tor/models/fusion_flow_extractor-0.3/output/csv/tor_vmess-0927/20250718_084347.csv,4061499,6,0.3927463275309585,,26,train,dd40b9c93ab2b8a4e2343cd0e66de5af049c7d1d8b3d44fa6e48e225d96a0de0,f8065f1d58098b509bd45382ace34514c3882e5277a1c3bc23db636e238304a9
tor_vmess:20250718_084942,Tor-Vmess,/data1/zcx/ja4tor/data/ja4tor/tor_vmess/pcap/20250718_084942.pcap,/data1/zcx/ja4tor/models/fusion_flow_extractor-0.3/output/csv/tor_vmess-0927/20250718_084942.csv,2617730,6,0.5872968465758474,,109,train,6066ac19e26b285cbef129e6b460bfd85a5d4606d6c3bbcfc49f16fb3d0f3c57,eec245d81506aba48c91ca4aedd1e020a049e981023d5d6d1e94e30b8a77108c
tor_vmess:20250718_094610,Tor-Vmess,/data1/zcx/ja4tor/data/ja4tor/tor_vmess/pcap/20250718_094610.pcap,/data1/zcx/ja4tor/models/fusion_flow_extractor-0.3/output/csv/tor_vmess-0927/20250718_094610.csv,2876633,6,0.4687561661404893,,46,train,877216a96ff97efd0536a547203e1be1dc87d7c6852ea00aa59b28bea134a89a,57ea52b778c61deea86d7bded929027d150cebf127a454ce6877de102a4b07db
tor_vmess:20250718_095308,Tor-Vmess,/data1/zcx/ja4tor/data/ja4tor/tor_vmess/pcap/20250718_095308.pcap,/data1/zcx/ja4tor/models/fusion_flow_extractor-0.3/output/csv/tor_vmess-0927/20250718_095308.csv,2305914,5,0.578237440002006,,99,train,16d8e7e8fe1419b5f2deb672596d6ee31d9ceeae71363935d68616a7d3eeeb96,b496f579906317c3976c8e8fc4d86337b36243bae6f3a29f7eb4acee3a606f4b
tor_vmess:20250718_095351,Tor-Vmess,/data1/zcx/ja4tor/data/ja4tor/tor_vmess/pcap/20250718_095351.pcap,/data1/zcx/ja4tor/models/fusion_flow_extractor-0.3/output/csv/tor_vmess-0927/20250718_095351.csv,4765285,6,0.4799778964252387,,51,train,7f092cc2d96031369f45b9b26a783599c1096a5bbc132cc9e8dfac461fb54bdd,187c14ab347a72db7bc9c3b85cf3c096f2121659c0bd2a0a5f53df68ee28ef69
tor_vmess:20250718_095639,Tor-Vmess,/data1/zcx/ja4tor/data/ja4tor/tor_vmess/pcap/20250718_095639.pcap,/data1/zcx/ja4tor/models/fusion_flow_extractor-0.3/output/csv/tor_vmess-0927/20250718_095639.csv,3352252,5,0.6296352307785373,,135,train,04fa028f761434db620a92e82fbbb401ec80a0b920dbaccbf80fd31bbc2dfc9b,fba293b1f423d780d9279d8af7fac785465094b40f1586e6fa4cacb3f1538047
tor_vmess:20250718_100439,Tor-Vmess,/data1/zcx/ja4tor/data/ja4tor/tor_vmess/pcap/20250718_100439.pcap,/data1/zcx/ja4tor/models/fusion_flow_extractor-0.3/output/csv/tor_vmess-0927/20250718_100439.csv,2498598,6,0.7233204899234085,,38,test,2863963629d123825e91d3fcddd8fcc16cecd52f18a8ef23bfaa46f02ea261da,16959047be4916c2f8e7d51d0b0b289a22dba2813792b6a1e87038aa488e0a40
tor_vmess:20250718_101110,Tor-Vmess,/data1/zcx/ja4tor/data/ja4tor/tor_vmess/pcap/20250718_101110.pcap,/data1/zcx/ja4tor/models/fusion_flow_extractor-0.3/output/csv/tor_vmess-0927/20250718_101110.csv,3965801,5,0.7137269474156855,,37,test,628c55420f8552241ab67741ae49d03e06eff7f18f8dde537df64d5991ee7a41,c387181cc0a6877d41722f54e9799c37315595a37ca652fb52ff27d324ad6d39
tor_vmess:20250718_102059,Tor-Vmess,/data1/zcx/ja4tor/data/ja4tor/tor_vmess/pcap/20250718_102059.pcap,/data1/zcx/ja4tor/models/fusion_flow_extractor-0.3/output/csv/tor_vmess-0927/20250718_102059.csv,4217258,6,0.3266382459529875,,10,train,18b09aafb72c1a3f5de93b7e4eb94baa9a0f193bb3e156f9727c70fa8d1e9b06,802c5734accd67e1676d24fde9a072866149cd3c71b053fba59bdbd00d58547f
tor_vmess:20250718_102631,Tor-Vmess,/data1/zcx/ja4tor/data/ja4tor/tor_vmess/pcap/20250718_102631.pcap,/data1/zcx/ja4tor/models/fusion_flow_extractor-0.3/output/csv/tor_vmess-0927/20250718_102631.csv,2786950,6,0.287616455258033,,6,train,e87d5154a5a37d80e1faa3595b4adc9ba009edf05be083982ebe3afe4d92809a,7834115929ffa0510cfb8e970f21d9a5c79f7c2de819b075abe56c01703c5ba1
tor_vmess:20250718_104534,Tor-Vmess,/data1/zcx/ja4tor/data/ja4tor/tor_vmess/pcap/20250718_104534.pcap,/data1/zcx/ja4tor/models/fusion_flow_extractor-0.3/output/csv/tor_vmess-0927/20250718_104534.csv,5740388,5,0.6137304983544504,,20,validation,05efb99bed4333ead7a9d27ce4bfd27a046428d291df65caae7faf5605596e1d,a266dc1bb4b54a9faef77506263018e3d060437f59b49789ef8e38f5c2bb4412
tor_vmess:20250718_105116,Tor-Vmess,/data1/zcx/ja4tor/data/ja4tor/tor_vmess/pcap/20250718_105116.pcap,/data1/zcx/ja4tor/models/fusion_flow_extractor-0.3/output/csv/tor_vmess-0927/20250718_105116.csv,583394,6,0.6245315563853733,,22,test,b2b632435dad9c1be885ad64c7b8e14de6bea798597ac3533bebe85d0caf3077,e3daaeaa469d5934db717e546b821d8351e1136bcc0f9da41b6ced537423d69f
tor_vmess:20250718_111230,Tor-Vmess,/data1/zcx/ja4tor/data/ja4tor/tor_vmess/pcap/20250718_111230.pcap,/data1/zcx/ja4tor/models/fusion_flow_extractor-0.3/output/csv/tor_vmess-0927/20250718_111230.csv,3098684,6,0.4743054747161637,,48,train,22a13e1338c777ad788644bfaec8495127b503fd9768e48a97295068e4c303d7,58a0ff09db2c07bd5a29c0838532aa6d9d5d538d716539a3eaa98002d68d607b
tor_vmess:20250718_111316,Tor-Vmess,/data1/zcx/ja4tor/data/ja4tor/tor_vmess/pcap/20250718_111316.pcap,/data1/zcx/ja4tor/models/fusion_flow_extractor-0.3/output/csv/tor_vmess-0927/20250718_111316.csv,4356502,6,0.5800282253113385,,103,train,fd8030b1d99edbbbf5d3f8e6122e55b327583e1d1e7860288121fe9b06abb04c,324977ce07aa444a3b89f45044d688c8da42299f84c654499ed2044f90741cf0
tor_vmess:20250718_111637,Tor-Vmess,/data1/zcx/ja4tor/data/ja4tor/tor_vmess/pcap/20250718_111637.pcap,/data1/zcx/ja4tor/models/fusion_flow_extractor-0.3/output/csv/tor_vmess-0927/20250718_111637.csv,3745201,6,0.4203700320584568,,6,validation,0943d01c2cf454476f1ed8de1a501c7b9bd8fcd72aa99d58329367cea3eb6b9e,0b0af0ab976afc8284f5d9b331fb31af4cdf2f9f9950b480b4a9acb62d05e8c3
tor_vmess:20250718_112639,Tor-Vmess,/data1/zcx/ja4tor/data/ja4tor/tor_vmess/pcap/20250718_112639.pcap,/data1/zcx/ja4tor/models/fusion_flow_extractor-0.3/output/csv/tor_vmess-0927/20250718_112639.csv,3656630,6,0.3990325800337666,,5,test,22ca36a7c85e7b48c1859a34492b713711991cdb2692c9e460be1cf08fd9c09f,18da4fad0dc045ab5342e6e5882f21173a89486d8e111a0f956f752e1497313a
tor_vmess:20250718_112715,Tor-Vmess,/data1/zcx/ja4tor/data/ja4tor/tor_vmess/pcap/20250718_112715.pcap,/data1/zcx/ja4tor/models/fusion_flow_extractor-0.3/output/csv/tor_vmess-0927/20250718_112715.csv,2064049,6,0.3727639208607475,,22,train,90a9f3c10aeec3013f999944d959d30d5bf49ecde3d2751ff89e825f63d31e2f,08b961aaa805a4e6362a6bc79932605dde41542fa61f4fd2e36c10cf3c76649d
tor_vmess:20250718_113433,Tor-Vmess,/data1/zcx/ja4tor/data/ja4tor/tor_vmess/pcap/20250718_113433.pcap,/data1/zcx/ja4tor/models/fusion_flow_extractor-0.3/output/csv/tor_vmess-0927/20250718_113433.csv,687529,5,0.5083711839489709,,13,validation,b15b30fc8f584df78aaccfafef899f46262dd65be5c94fe2ce1176cc505ba21c,1eb8e05326943abcf12a32e3621adb01b6216389cc1d553fab3ab274554507ea
tor_vmess:20250718_113815,Tor-Vmess,/data1/zcx/ja4tor/data/ja4tor/tor_vmess/pcap/20250718_113815.pcap,/data1/zcx/ja4tor/models/fusion_flow_extractor-0.3/output/csv/tor_vmess-0927/20250718_113815.csv,1128390,5,0.4685285381279818,,7,test,74cc68296a4cea327021c1b1e888acb4e6d5ac8cdde46d9f3ae5d7e7dcd5557a,d339e10c38e107e72f399ccafd234d09ef123917c9915088f58ee3d5b216b41d
tor_vmess:20250718_114146,Tor-Vmess,/data1/zcx/ja4tor/data/ja4tor/tor_vmess/pcap/20250718_114146.pcap,/data1/zcx/ja4tor/models/fusion_flow_extractor-0.3/output/csv/tor_vmess-0927/20250718_114146.csv,3793272,5,0.3376725717151249,,11,train,2619a3d7e0d95ac00bb33b6a948b84984510eb03ee785fe6f8f3d5eed5335f3e,1200823419cb08544c21056681b836e1fc73688477480fdd3fead0fc05d47856
tor_vmess:20250718_120454,Tor-Vmess,/data1/zcx/ja4tor/data/ja4tor/tor_vmess/pcap/20250718_120454.pcap,/data1/zcx/ja4tor/models/fusion_flow_extractor-0.3/output/csv/tor_vmess-0927/20250718_120454.csv,4297197,6,0.42467195991890166,,34,train,edd005400a3fd2dcf593c526df2e57af4dad6b669b58327e9dbf95b71f76b928,b2f45cd94e1e9f946db47ac37abfa0bcd844c5f99877be2195908f7ef0caed7e
tor_vmess:20250718_120552,Tor-Vmess,/data1/zcx/ja4tor/data/ja4tor/tor_vmess/pcap/20250718_120552.pcap,/data1/zcx/ja4tor/models/fusion_flow_extractor-0.3/output/csv/tor_vmess-0927/20250718_120552.csv,4760048,6,0.48967536169522546,,11,validation,838aead070aa3df48b3b2285051f4450adc8624e453028cc70fddf5b44bae4d0,69ef8c4b6664a25e6dc5a07510cea9dd561be867e2a83d074f87dff2511e36ee
tor_vmess:20250718_120854,Tor-Vmess,/data1/zcx/ja4tor/data/ja4tor/tor_vmess/pcap/20250718_120854.pcap,/data1/zcx/ja4tor/models/fusion_flow_extractor-0.3/output/csv/tor_vmess-0927/20250718_120854.csv,3753443,5,0.6076923076923151,,16,test,5665ec8d17371919dd92f7f455ad802523c9fb1326e479efb558dd53a9563e36,f8a0ba5041cdd226fbe3965e5ce9ff38e23b4024fdb44bd2e4a41c4efd579fb4
tor_vmess:20250718_121034,Tor-Vmess,/data1/zcx/ja4tor/data/ja4tor/tor_vmess/pcap/20250718_121034.pcap,/data1/zcx/ja4tor/models/fusion_flow_extractor-0.3/output/csv/tor_vmess-0927/20250718_121034.csv,1879020,5,0.3904082447452981,,4,validation,80843a1975ea5550c76314a5204e560219e10530ec7f7019d4379fcf5f0a5f20,ce98d1d64bf89b9b09da37786cffaa7c9950c1bdd10950e3143eb8414c34c85a
tor_vmess:20250718_122222,Tor-Vmess,/data1/zcx/ja4tor/data/ja4tor/tor_vmess/pcap/20250718_122222.pcap,/data1/zcx/ja4tor/models/fusion_flow_extractor-0.3/output/csv/tor_vmess-0927/20250718_122222.csv,1052378,6,0.37849618439236193,,23,train,76fc2832a277623fa332bfac2797515315dec43b80c80c76d6e5dedfdaed79a8,52403365a4e549cc27aaf90f23a9bbe5bed65497c6bd79198a70fe1e699ef883
tor_vmess:20250718_122656,Tor-Vmess,/data1/zcx/ja4tor/data/ja4tor/tor_vmess/pcap/20250718_122656.pcap,/data1/zcx/ja4tor/models/fusion_flow_extractor-0.3/output/csv/tor_vmess-0927/20250718_122656.csv,4466333,5,0.45312107247591116,,44,train,41bd8101612b0036ec719423e98b91372bd691983e49748f7acd0b3b58685233,9505110a60dc456521638d1427b652adef7edc528fdbaeb10c208f4c4b64bb61
tor_vmess:20250718_122851,Tor-Vmess,/data1/zcx/ja4tor/data/ja4tor/tor_vmess/pcap/20250718_122851.pcap,/data1/zcx/ja4tor/models/fusion_flow_extractor-0.3/output/csv/tor_vmess-0927/20250718_122851.csv,2728836,6,0.5690948655824332,,92,train,9918f2ce4fee70e5856b49d96ed4396c23e5a2c91c0ea32300dafd99e7637e21,3ef1fb0c90c23810e3fce86a08945d9ff2989e18ad897eaba7c70f89e3214efa
tor_vmess:20250718_123406,Tor-Vmess,/data1/zcx/ja4tor/data/ja4tor/tor_vmess/pcap/20250718_123406.pcap,/data1/zcx/ja4tor/models/fusion_flow_extractor-0.3/output/csv/tor_vmess-0927/20250718_123406.csv,4101580,6,0.6257831535411029,,130,train,e6cc9285f5f3463ae53639dcb45b3b22a8cde077c14927eb3c7cada8f5996592,12f8e1bf4419fc419659fa8299533bedac57f6d3b248da31ec23eae4ec98948e
tor_vmess:20250718_123542,Tor-Vmess,/data1/zcx/ja4tor/data/ja4tor/tor_vmess/pcap/20250718_123542.pcap,/data1/zcx/ja4tor/models/fusion_flow_extractor-0.3/output/csv/tor_vmess-0927/20250718_123542.csv,4178423,6,0.5672852574637304,,90,train,bf8a730577b93843ef1c323ed258fd1b0f5a784f7722e301272a65e3be4619c2,0b022df52468f3db83e9054b764f97ca16219d7a04a2befd67696916aeec2b6d
tor_vmess:20250718_123734,Tor-Vmess,/data1/zcx/ja4tor/data/ja4tor/tor_vmess/pcap/20250718_123734.pcap,/data1/zcx/ja4tor/models/fusion_flow_extractor-0.3/output/csv/tor_vmess-0927/20250718_123734.csv,3236530,5,0.3992935251962747,,27,train,e292cdaa1160c64348ab5929ab58f6809b67266ff82c1f35f02375d051d48ca0,14396451639d73943603fd8667a103a64f246d5d271626acbf3f83f8c8f43f89
tor_vmess:20250718_124636,Tor-Vmess,/data1/zcx/ja4tor/data/ja4tor/tor_vmess/pcap/20250718_124636.pcap,/data1/zcx/ja4tor/models/fusion_flow_extractor-0.3/output/csv/tor_vmess-0927/20250718_124636.csv,1850954,6,0.5584415584415584,,86,train,5d778f6fbffb6bdecaab10cedd53477577c1eb920e3a7f9551ec2288ffc9f87a,e08a2203d51e71be8209333273981c69308a71ca38d4297f55e5d972f6c7a127
tor_vmess:20250718_124713,Tor-Vmess,/data1/zcx/ja4tor/data/ja4tor/tor_vmess/pcap/20250718_124713.pcap,/data1/zcx/ja4tor/models/fusion_flow_extractor-0.3/output/csv/tor_vmess-0927/20250718_124713.csv,543299,5,0.5646940643353833,,88,train,8a27f386d843c028892cf0c900b99e144ac383b8d4301106d6b42530e94a9634,24ea0f0c2e53b74dd3d8c62366b83a4aeba3c88ea5dabc45b32ce14ffa88824d
tor_vmess:20250718_124904,Tor-Vmess,/data1/zcx/ja4tor/data/ja4tor/tor_vmess/pcap/20250718_124904.pcap,/data1/zcx/ja4tor/models/fusion_flow_extractor-0.3/output/csv/tor_vmess-0927/20250718_124904.csv,3131397,5,0.6267663817663892,,131,train,56ec57c64b8db83b937f693c741361aad80d53055e6722bc8858d9202afa3f7e,23f6a3963a01d3fef75461c36917e14b053343cc2b7d6e44484ce97b9b82a7a4
tor_vmess:20250718_125054,Tor-Vmess,/data1/zcx/ja4tor/data/ja4tor/tor_vmess/pcap/20250718_125054.pcap,/data1/zcx/ja4tor/models/fusion_flow_extractor-0.3/output/csv/tor_vmess-0927/20250718_125054.csv,2010054,5,0.503377377200757,,63,train,7a515475b4601c384d7834bf750524d8dd63460225ece5fb8c3387713411b12d,a3d8348a977c945e19af4472afffe3d628ab2404a9edf89a47996fa0466d7862
tor_vmess:20250718_130402,Tor-Vmess,/data1/zcx/ja4tor/data/ja4tor/tor_vmess/pcap/20250718_130402.pcap,/data1/zcx/ja4tor/models/fusion_flow_extractor-0.3/output/csv/tor_vmess-0927/20250718_130402.csv,2215819,6,0.3648133095991588,,19,train,c073bbfebba3f007dabb500988c3f13e50e7638b57940011fd4f74535ccae005,09aed05772bb2b9efdcf590bbed6db3be67b4de5a91e888d26de1c7a8babffba
tor_vmess:20250718_130855,Tor-Vmess,/data1/zcx/ja4tor/data/ja4tor/tor_vmess/pcap/20250718_130855.pcap,/data1/zcx/ja4tor/models/fusion_flow_extractor-0.3/output/csv/tor_vmess-0927/20250718_130855.csv,1994192,6,0.6149996542927205,,124,train,1503d7306dfc36a184e2341eb3565cfbd2870894295631092b636296b468f6dc,fcc4d3fc7529bce9e92b5a70ce36c571b6706b77af9471981285438563d8fe48
tor_vmess:20250718_132303,Tor-Vmess,/data1/zcx/ja4tor/data/ja4tor/tor_vmess/pcap/20250718_132303.pcap,/data1/zcx/ja4tor/models/fusion_flow_extractor-0.3/output/csv/tor_vmess-0927/20250718_132303.csv,3970489,5,0.5872611360208635,,108,train,985ab98f2d4faefc3764b44fb1bd4b9ab570cdc78f0268c4ce234d8799634d71,27a60350a815870ddc62cd8095679eda531e52a4d161b5564d8ee8218ebbc2ce
tor_vmess:20250718_132602,Tor-Vmess,/data1/zcx/ja4tor/data/ja4tor/tor_vmess/pcap/20250718_132602.pcap,/data1/zcx/ja4tor/models/fusion_flow_extractor-0.3/output/csv/tor_vmess-0927/20250718_132602.csv,3158670,5,0.6057990828880608,,119,train,35f06779ab7d954441d04ae64a22a6f1d371a50b0b446518ecbbbda93699ff85,703d2951f2c95e430ec84b5669c79696ac6804f59a8ad18b00b16cbf1a72ae4d
tor_vmess:20250718_132752,Tor-Vmess,/data1/zcx/ja4tor/data/ja4tor/tor_vmess/pcap/20250718_132752.pcap,/data1/zcx/ja4tor/models/fusion_flow_extractor-0.3/output/csv/tor_vmess-0927/20250718_132752.csv,4377247,5,0.4237113927872037,,33,train,43215c09bec73b02520eca17014eab660bc34b24251d54177e23daf75ddd7ac8,9211986fec9d82e5d1b35cd0715db29f09fd493001a66f8be8fab3b37b1c81ce
tor_vmess:20250718_132835,Tor-Vmess,/data1/zcx/ja4tor/data/ja4tor/tor_vmess/pcap/20250718_132835.pcap,/data1/zcx/ja4tor/models/fusion_flow_extractor-0.3/output/csv/tor_vmess-0927/20250718_132835.csv,2683406,6,0.5512612720216687,,84,train,e0ba3ef8c430f638b7151cf994ff1980643626f5fd97c0b26efcf192ae11c525,d4bbe2d7a3e52610b360771a59b7afaaa13006f7610ca201f0302498c7903853
tor_vmess:20250718_133922,Tor-Vmess,/data1/zcx/ja4tor/data/ja4tor/tor_vmess/pcap/20250718_133922.pcap,/data1/zcx/ja4tor/models/fusion_flow_extractor-0.3/output/csv/tor_vmess-0927/20250718_133922.csv,1461654,6,0.5375021430524771,,76,train,379efe160521b5ff47c5ba6862032b356466b46631b31567ce3af50ee6cb883e,70ed3df38d1cc4656ea59bb7a5f5f624ae19a38322580721c57984c64326832d
tor_vmess:20250718_134014,Tor-Vmess,/data1/zcx/ja4tor/data/ja4tor/tor_vmess/pcap/20250718_134014.pcap,/data1/zcx/ja4tor/models/fusion_flow_extractor-0.3/output/csv/tor_vmess-0927/20250718_134014.csv,3746328,6,0.48877964831344567,,9,validation,eaf5220228d4664001a3a69b1782a7513ffb01a204b5b5f65dc94192e6074c68,cbac3dc4c5dc1d421c50c2859025d6c2e583f23f2b62574eb7e550fbf06646cc
tor_vmess:20250718_135913,Tor-Vmess,/data1/zcx/ja4tor/data/ja4tor/tor_vmess/pcap/20250718_135913.pcap,/data1/zcx/ja4tor/models/fusion_flow_extractor-0.3/output/csv/tor_vmess-0927/20250718_135913.csv,2890497,5,0.6010455631788685,,14,test,2c08c597f11d82de031f5f3b6e929dcdec1c867889e492bca77ef83afd631814,c52750f9c763eb00f0ee6fa092e32d2de28712b70c2089ed66993e101cbc3c36
tor_vmess:20250718_140022,Tor-Vmess,/data1/zcx/ja4tor/data/ja4tor/tor_vmess/pcap/20250718_140022.pcap,/data1/zcx/ja4tor/models/fusion_flow_extractor-0.3/output/csv/tor_vmess-0927/20250718_140022.csv,5316059,6,0.2529299539170926,,2,validation,cfc1a7c4cdc9f9d4b036ec73c8675514df328891ee6d1d875132c8d71a5c96ad,f37ecee44d03705255d1e3ea2545ab34686461c3892aa6bcaaa768718da592ed
tor_vmess:20250718_140538,Tor-Vmess,/data1/zcx/ja4tor/data/ja4tor/tor_vmess/pcap/20250718_140538.pcap,/data1/zcx/ja4tor/models/fusion_flow_extractor-0.3/output/csv/tor_vmess-0927/20250718_140538.csv,4040203,6,0.4887850839885803,,10,validation,454eec77d21368d257cfe987dc271a613ee6783e97851e120d025514cbf50fd9,f0e3b656038bd356a5c5b77e49c011ac64afa04636e809f7ec07dca0e8665f3f
tor_vmess:20250718_140613,Tor-Vmess,/data1/zcx/ja4tor/data/ja4tor/tor_vmess/pcap/20250718_140613.pcap,/data1/zcx/ja4tor/models/fusion_flow_extractor-0.3/output/csv/tor_vmess-0927/20250718_140613.csv,1942000,6,0.3361896554142162,,1,test,a45143acff867aad524570ff17a801915d7f4f80a58ef35bee68937365e423ef,495b09ffa61ae576baa01445436c83561fdc82be55cbf05eb030faba48d59175
tor_vmess:20250718_140723,Tor-Vmess,/data1/zcx/ja4tor/data/ja4tor/tor_vmess/pcap/20250718_140723.pcap,/data1/zcx/ja4tor/models/fusion_flow_extractor-0.3/output/csv/tor_vmess-0927/20250718_140723.csv,887978,5,0.36222386308903665,,18,train,874f478acc028b56aceb3629e24f157f96d9d6cd551fd0d0e612ebbf07b935ae,6f4d72fcb26dd120d673cf4b4ef570fcb5ebb8274eecd525d8243ed30024513c
tor_vmess:20250718_140952,Tor-Vmess,/data1/zcx/ja4tor/data/ja4tor/tor_vmess/pcap/20250718_140952.pcap,/data1/zcx/ja4tor/models/fusion_flow_extractor-0.3/output/csv/tor_vmess-0927/20250718_140952.csv,3297614,6,0.3506699679390507,,15,train,926b7a7e017d01df891f8b38a1763f915a931f9db9c0382215440dc158850c46,15fb6496a915feece01db77d3b121116a8a42d7c08c68c151caf9d4f386ff839
